-- phpMyAdmin SQL Dump
-- version 4.7.9
-- https://www.phpmyadmin.net/
--
-- Servidor: localhost
-- Tiempo de generación: 27-01-2019 a las 21:10:50
-- Versión del servidor: 10.1.31-MariaDB
-- Versión de PHP: 7.2.3

SET SQL_MODE = "NO_AUTO_VALUE_ON_ZERO";
SET AUTOCOMMIT = 0;
START TRANSACTION;
SET time_zone = "+00:00";


/*!40101 SET @OLD_CHARACTER_SET_CLIENT=@@CHARACTER_SET_CLIENT */;
/*!40101 SET @OLD_CHARACTER_SET_RESULTS=@@CHARACTER_SET_RESULTS */;
/*!40101 SET @OLD_COLLATION_CONNECTION=@@COLLATION_CONNECTION */;
/*!40101 SET NAMES utf8mb4 */;

--
-- Base de datos: `ultra_portal`
--

-- --------------------------------------------------------

--
-- Estructura de tabla para la tabla `buildings`
--

CREATE TABLE `buildings` (
  `id` int(10) UNSIGNED NOT NULL,
  `name` varchar(191) COLLATE utf8mb4_unicode_ci NOT NULL,
  `created_at` timestamp NULL DEFAULT NULL,
  `updated_at` timestamp NULL DEFAULT NULL
) ENGINE=InnoDB DEFAULT CHARSET=utf8mb4 COLLATE=utf8mb4_unicode_ci;

-- --------------------------------------------------------

--
-- Estructura de tabla para la tabla `categories`
--

CREATE TABLE `categories` (
  `id` int(10) UNSIGNED NOT NULL,
  `name` varchar(191) COLLATE utf8mb4_unicode_ci NOT NULL,
  `created_at` timestamp NULL DEFAULT NULL,
  `updated_at` timestamp NULL DEFAULT NULL
) ENGINE=InnoDB DEFAULT CHARSET=utf8mb4 COLLATE=utf8mb4_unicode_ci;

-- --------------------------------------------------------

--
-- Estructura de tabla para la tabla `days`
--

CREATE TABLE `days` (
  `id` int(10) UNSIGNED NOT NULL,
  `name` varchar(191) COLLATE utf8mb4_unicode_ci NOT NULL,
  `created_at` timestamp NULL DEFAULT NULL,
  `updated_at` timestamp NULL DEFAULT NULL
) ENGINE=InnoDB DEFAULT CHARSET=utf8mb4 COLLATE=utf8mb4_unicode_ci;

--
-- Volcado de datos para la tabla `days`
--

INSERT INTO `days` (`id`, `name`, `created_at`, `updated_at`) VALUES
(1, 'Lunes', '2019-01-09 10:31:27', '2019-01-09 10:31:27'),
(2, 'Martes', '2019-01-09 10:31:27', '2019-01-09 10:31:27'),
(3, 'Miercoles', '2019-01-09 10:31:27', '2019-01-09 10:31:27'),
(4, 'Jueves', '2019-01-09 10:31:27', '2019-01-09 10:31:27'),
(5, 'Viernes', '2019-01-09 10:31:27', '2019-01-09 10:31:27');

-- --------------------------------------------------------

--
-- Estructura de tabla para la tabla `day_subject`
--

CREATE TABLE `day_subject` (
  `id` int(10) UNSIGNED NOT NULL,
  `subject_id` int(10) UNSIGNED NOT NULL,
  `day_id` int(10) UNSIGNED NOT NULL,
  `created_at` timestamp NULL DEFAULT NULL,
  `updated_at` timestamp NULL DEFAULT NULL
) ENGINE=InnoDB DEFAULT CHARSET=utf8mb4 COLLATE=utf8mb4_unicode_ci;

--
-- Volcado de datos para la tabla `day_subject`
--

INSERT INTO `day_subject` (`id`, `subject_id`, `day_id`, `created_at`, `updated_at`) VALUES
(5, 1, 5, '2019-01-22 10:06:12', '2019-01-22 10:06:12'),
(6, 2, 5, '2019-01-22 10:06:12', '2019-01-22 10:06:12'),
(7, 3, 5, '2019-01-22 10:06:12', '2019-01-22 10:06:12'),
(8, 4, 5, '2019-01-22 10:06:12', '2019-01-22 10:06:12'),
(9, 5, 5, '2019-01-22 10:06:12', '2019-01-22 10:06:12'),
(10, 6, 5, '2019-01-22 10:06:12', '2019-01-22 10:06:12'),
(11, 7, 5, '2019-01-22 10:06:12', '2019-01-22 10:06:12'),
(12, 8, 5, '2019-01-22 10:06:12', '2019-01-22 10:06:12'),
(13, 9, 5, '2019-01-22 10:06:12', '2019-01-22 10:06:12'),
(14, 10, 5, '2019-01-22 10:06:12', '2019-01-22 10:06:12'),
(15, 11, 5, '2019-01-22 10:06:12', '2019-01-22 10:06:12'),
(16, 12, 5, '2019-01-22 10:06:12', '2019-01-22 10:06:12'),
(17, 13, 5, '2019-01-22 10:06:12', '2019-01-22 10:06:12'),
(18, 14, 5, '2019-01-22 10:06:12', '2019-01-22 10:06:12'),
(19, 15, 5, '2019-01-22 10:06:12', '2019-01-22 10:06:12'),
(20, 16, 5, '2019-01-22 10:06:12', '2019-01-22 10:06:12'),
(21, 17, 5, '2019-01-22 10:06:12', '2019-01-22 10:06:12'),
(22, 18, 5, '2019-01-22 10:06:12', '2019-01-22 10:06:12'),
(23, 19, 5, '2019-01-22 10:06:12', '2019-01-22 10:06:12'),
(24, 20, 5, '2019-01-22 10:06:12', '2019-01-22 10:06:12'),
(25, 21, 5, '2019-01-22 10:06:12', '2019-01-22 10:06:12'),
(26, 22, 5, '2019-01-22 10:06:12', '2019-01-22 10:06:12'),
(27, 23, 5, '2019-01-22 10:06:12', '2019-01-22 10:06:12'),
(28, 24, 5, '2019-01-22 10:06:12', '2019-01-22 10:06:12'),
(29, 25, 5, '2019-01-22 10:06:12', '2019-01-22 10:06:12'),
(30, 26, 5, '2019-01-22 10:06:12', '2019-01-22 10:06:12'),
(36, 27, 5, '2019-01-22 10:06:12', '2019-01-22 10:06:12'),
(37, 28, 5, '2019-01-22 10:06:12', '2019-01-22 10:06:12'),
(38, 29, 5, '2019-01-22 10:06:12', '2019-01-22 10:06:12'),
(39, 30, 5, '2019-01-22 10:06:12', '2019-01-22 10:06:12'),
(40, 31, 5, '2019-01-22 10:06:12', '2019-01-22 10:06:12'),
(41, 32, 5, '2019-01-22 10:06:12', '2019-01-22 10:06:12'),
(42, 33, 5, '2019-01-22 10:06:12', '2019-01-22 10:06:12'),
(43, 34, 5, '2019-01-22 10:06:12', '2019-01-22 10:06:12'),
(44, 35, 5, '2019-01-22 10:06:12', '2019-01-22 10:06:12'),
(45, 36, 5, '2019-01-22 10:06:12', '2019-01-22 10:06:12'),
(46, 37, 5, '2019-01-22 10:06:12', '2019-01-22 10:06:12'),
(47, 38, 5, '2019-01-22 10:06:12', '2019-01-22 10:06:12'),
(48, 39, 5, '2019-01-22 10:06:12', '2019-01-22 10:06:12'),
(49, 40, 5, '2019-01-22 10:06:12', '2019-01-22 10:06:12'),
(50, 41, 5, '2019-01-22 10:06:12', '2019-01-22 10:06:12'),
(51, 42, 5, '2019-01-22 10:06:12', '2019-01-22 10:06:12'),
(52, 43, 5, '2019-01-22 10:06:12', '2019-01-22 10:06:12'),
(53, 44, 5, '2019-01-22 10:06:12', '2019-01-22 10:06:12'),
(54, 45, 5, '2019-01-22 10:06:12', '2019-01-22 10:06:12'),
(55, 46, 5, '2019-01-22 10:06:12', '2019-01-22 10:06:12'),
(56, 47, 5, '2019-01-22 10:06:12', '2019-01-22 10:06:12'),
(57, 48, 5, '2019-01-22 10:06:12', '2019-01-22 10:06:12'),
(58, 49, 5, '2019-01-22 10:06:12', '2019-01-22 10:06:12');

-- --------------------------------------------------------

--
-- Estructura de tabla para la tabla `departments`
--

CREATE TABLE `departments` (
  `id` int(10) UNSIGNED NOT NULL,
  `name` varchar(191) COLLATE utf8mb4_unicode_ci NOT NULL,
  `created_at` timestamp NULL DEFAULT NULL,
  `updated_at` timestamp NULL DEFAULT NULL
) ENGINE=InnoDB DEFAULT CHARSET=utf8mb4 COLLATE=utf8mb4_unicode_ci;

--
-- Volcado de datos para la tabla `departments`
--

INSERT INTO `departments` (`id`, `name`, `created_at`, `updated_at`) VALUES
(1, ' Root Department', '2019-01-09 10:31:26', '2019-01-09 10:31:26'),
(2, 'No asignable', '2019-01-09 10:31:26', '2019-01-09 10:31:26'),
(3, 'Direccion Afterschool', '2019-01-07 12:16:16', '2019-01-07 12:16:16');

-- --------------------------------------------------------

--
-- Estructura de tabla para la tabla `department_section`
--

CREATE TABLE `department_section` (
  `id` int(10) UNSIGNED NOT NULL,
  `department_id` int(10) UNSIGNED NOT NULL,
  `section_id` int(10) UNSIGNED NOT NULL,
  `created_at` timestamp NULL DEFAULT NULL,
  `updated_at` timestamp NULL DEFAULT NULL
) ENGINE=InnoDB DEFAULT CHARSET=utf8mb4 COLLATE=utf8mb4_unicode_ci;

--
-- Volcado de datos para la tabla `department_section`
--

INSERT INTO `department_section` (`id`, `department_id`, `section_id`, `created_at`, `updated_at`) VALUES
(1, 1, 1, NULL, NULL),
(2, 2, 2, NULL, NULL);

-- --------------------------------------------------------

--
-- Estructura de tabla para la tabla `employees`
--

CREATE TABLE `employees` (
  `id` int(10) UNSIGNED NOT NULL,
  `user_id` int(10) UNSIGNED NOT NULL,
  `specific_position` varchar(191) COLLATE utf8mb4_unicode_ci DEFAULT NULL,
  `created_at` timestamp NULL DEFAULT NULL,
  `updated_at` timestamp NULL DEFAULT NULL
) ENGINE=InnoDB DEFAULT CHARSET=utf8mb4 COLLATE=utf8mb4_unicode_ci;

--
-- Volcado de datos para la tabla `employees`
--

INSERT INTO `employees` (`id`, `user_id`, `specific_position`, `created_at`, `updated_at`) VALUES
(1, 1, 'Techonology', '2019-01-09 10:31:26', '2019-01-09 10:31:26'),
(2, 3, 'Docente', '2019-01-09 10:31:27', '2019-01-09 10:31:27'),
(3, 4, 'Docente', '2019-01-09 10:31:27', '2019-01-09 10:31:27'),
(4, 6, 'Directora Aftershool', '2019-01-07 12:16:16', '2019-01-07 12:16:16'),
(5, 7, 'Docente', '2019-01-07 12:16:16', '2019-01-07 12:16:16'),
(6, 8, 'Docente', '2019-01-07 12:16:16', '2019-01-07 12:16:16'),
(7, 9, 'Docente', '2019-01-07 12:16:16', '2019-01-07 12:16:16'),
(8, 10, 'Docente', '2019-01-07 12:16:16', '2019-01-07 12:16:16'),
(9, 11, 'Docente', '2019-01-07 12:16:16', '2019-01-07 12:16:16'),
(10, 12, 'Docente', '2019-01-07 12:16:16', '2019-01-07 12:16:16'),
(11, 13, 'Docente', '2019-01-07 12:16:16', '2019-01-07 12:16:16'),
(12, 14, 'Docente', '2019-01-07 12:16:16', '2019-01-07 12:16:16'),
(13, 15, 'Docente', '2019-01-07 12:16:16', '2019-01-07 12:16:16'),
(14, 16, 'Docente', '2019-01-07 12:16:16', '2019-01-07 12:16:16'),
(15, 17, 'Docente', '2019-01-07 12:16:16', '2019-01-07 12:16:16'),
(16, 18, 'Docente', '2019-01-07 12:16:16', '2019-01-07 12:16:16'),
(17, 19, 'Docente', '2019-01-07 12:16:16', '2019-01-07 12:16:16'),
(18, 20, 'Docente', '2019-01-07 12:16:16', '2019-01-07 12:16:16'),
(19, 21, 'Docente', '2019-01-07 12:16:16', '2019-01-07 12:16:16'),
(20, 22, 'Docente', '2019-01-07 12:16:16', '2019-01-07 12:16:16'),
(21, 23, 'Docente', '2019-01-07 12:16:16', '2019-01-07 12:16:16'),
(22, 24, 'Docente', '2019-01-07 12:16:16', '2019-01-07 12:16:16'),
(23, 25, 'Docente', '2019-01-07 12:16:16', '2019-01-07 12:16:16'),
(24, 26, 'Docente', '2019-01-07 12:16:16', '2019-01-07 12:16:16'),
(25, 27, 'Docente', '2019-01-07 12:16:16', '2019-01-07 12:16:16'),
(26, 28, 'Docente', '2019-01-07 12:16:16', '2019-01-07 12:16:16'),
(27, 29, 'Docente', '2019-01-07 12:16:16', '2019-01-07 12:16:16');

-- --------------------------------------------------------

--
-- Estructura de tabla para la tabla `migrations`
--

CREATE TABLE `migrations` (
  `id` int(10) UNSIGNED NOT NULL,
  `migration` varchar(191) COLLATE utf8mb4_unicode_ci NOT NULL,
  `batch` int(11) NOT NULL
) ENGINE=InnoDB DEFAULT CHARSET=utf8mb4 COLLATE=utf8mb4_unicode_ci;

--
-- Volcado de datos para la tabla `migrations`
--

INSERT INTO `migrations` (`id`, `migration`, `batch`) VALUES
(1, '2013_11_27_210400_create_sections_table', 1),
(2, '2014_09_04_210309_create_departments_table', 1),
(3, '2014_09_04_222418_create_department_section_table', 1),
(4, '2014_10_12_000000_create_users_table', 1),
(5, '2014_10_12_100000_create_password_resets_table', 1),
(6, '2018_11_26_195711_create_status_table', 1),
(7, '2018_11_26_225049_create_employees_table', 1),
(8, '2018_11_27_030045_create_roles_table', 1),
(9, '2018_12_03_153323_create_students_table', 1),
(10, '2018_12_04_192155_create_role_user_table', 1),
(11, '2018_12_04_194813_create_places_table', 1),
(12, '2018_12_04_194908_create_buildings_table', 1),
(13, '2018_12_04_194958_create_place_building_table', 1),
(14, '2018_12_04_200504_create_user_status_table', 1),
(15, '2018_12_04_201038_create_tags_table', 1),
(16, '2018_12_04_201146_create_years_table', 1),
(17, '2018_12_04_201147_create_categories_table', 1),
(18, '2018_12_04_201148_create_tickets_table', 1),
(19, '2018_12_04_201149_create_ticket_user_table', 1),
(20, '2018_12_04_201302_create_ticket_tag_table', 1),
(21, '2018_12_04_201602_create_ticket_category_table', 1),
(22, '2019_01_07_174219_create_rooms_table', 1),
(23, '2019_01_07_175900_create_workshops_table', 1),
(24, '2019_01_07_180115_create_days_table', 1),
(25, '2019_01_07_182147_create_subjects_table', 1),
(26, '2019_01_08_145830_table_workshop_enrollment', 1),
(27, '2019_01_08_153703_table_plans', 1),
(28, '2019_01_08_154141_table_plan_subject', 1),
(29, '2019_01_08_154321_table_plan_student', 1),
(30, '2019_01_10_184312_create_day_subject_table', 2),
(35, '2019_01_13_060943_create_workshop_temps_table', 3);

-- --------------------------------------------------------

--
-- Estructura de tabla para la tabla `password_resets`
--

CREATE TABLE `password_resets` (
  `email` varchar(191) COLLATE utf8mb4_unicode_ci NOT NULL,
  `token` varchar(191) COLLATE utf8mb4_unicode_ci NOT NULL,
  `created_at` timestamp NULL DEFAULT NULL
) ENGINE=InnoDB DEFAULT CHARSET=utf8mb4 COLLATE=utf8mb4_unicode_ci;

-- --------------------------------------------------------

--
-- Estructura de tabla para la tabla `places`
--

CREATE TABLE `places` (
  `id` int(10) UNSIGNED NOT NULL,
  `name` varchar(191) COLLATE utf8mb4_unicode_ci NOT NULL,
  `created_at` timestamp NULL DEFAULT NULL,
  `updated_at` timestamp NULL DEFAULT NULL
) ENGINE=InnoDB DEFAULT CHARSET=utf8mb4 COLLATE=utf8mb4_unicode_ci;

-- --------------------------------------------------------

--
-- Estructura de tabla para la tabla `place_building`
--

CREATE TABLE `place_building` (
  `id` int(10) UNSIGNED NOT NULL,
  `place_id` int(10) UNSIGNED NOT NULL,
  `building_id` int(10) UNSIGNED NOT NULL,
  `created_at` timestamp NULL DEFAULT NULL,
  `updated_at` timestamp NULL DEFAULT NULL
) ENGINE=InnoDB DEFAULT CHARSET=utf8mb4 COLLATE=utf8mb4_unicode_ci;

-- --------------------------------------------------------

--
-- Estructura de tabla para la tabla `plans`
--

CREATE TABLE `plans` (
  `id` int(10) UNSIGNED NOT NULL,
  `name` varchar(191) COLLATE utf8mb4_unicode_ci NOT NULL,
  `alias` varchar(191) COLLATE utf8mb4_unicode_ci NOT NULL,
  `created_at` timestamp NULL DEFAULT NULL,
  `updated_at` timestamp NULL DEFAULT NULL
) ENGINE=InnoDB DEFAULT CHARSET=utf8mb4 COLLATE=utf8mb4_unicode_ci;

--
-- Volcado de datos para la tabla `plans`
--

INSERT INTO `plans` (`id`, `name`, `alias`, `created_at`, `updated_at`) VALUES
(1, 'Elementary 2A', 'E2A', '2019-01-09 10:31:54', '2019-01-09 10:31:54'),
(2, 'Elementary 2B', 'E2B', '2019-01-09 10:31:54', '2019-01-09 10:31:54'),
(3, 'Elementary 2C', 'E2C', '2019-01-09 10:31:54', '2019-01-09 10:31:54'),
(4, 'Elementary 2D', 'E2D', '2019-01-09 10:31:54', '2019-01-09 10:31:54'),
(5, 'Elementary 3A', 'E3A', '2019-01-09 10:31:54', '2019-01-09 10:31:54'),
(6, 'Elementary 3B', 'E3B', '2019-01-09 10:31:54', '2019-01-09 10:31:54'),
(7, 'Elementary 3C', 'E3C', '2019-01-09 10:31:54', '2019-01-09 10:31:54'),
(8, 'Elementary 4A', 'E4A', '2019-01-09 10:31:54', '2019-01-09 10:31:54'),
(9, 'Elementary 4B', 'E4B', '2019-01-09 10:31:54', '2019-01-09 10:31:54'),
(10, 'Elementary 4C', 'E4C', '2019-01-09 10:31:54', '2019-01-09 10:31:54'),
(11, 'Elementary 5A', 'E5A', '2019-01-09 10:31:54', '2019-01-09 10:31:54'),
(12, 'Elementary 5B', 'E5B', '2019-01-09 10:31:54', '2019-01-09 10:31:54'),
(13, 'Elementary 5C', 'E5C', '2019-01-09 10:31:54', '2019-01-09 10:31:54'),
(14, 'Elementary 5D', 'E5D', '2019-01-09 10:31:54', '2019-01-09 10:31:54'),
(15, 'Middle School 6A', 'MD6A', '2019-01-09 10:31:54', '2019-01-09 10:31:54'),
(16, 'Middle School 6B', 'MD6B', '2019-01-09 10:31:54', '2019-01-09 10:31:54'),
(17, 'Middle School 6C', 'MD6C', '2019-01-09 10:31:54', '2019-01-09 10:31:54'),
(18, 'Middle School 7A', 'MD7A', '2019-01-09 10:31:54', '2019-01-09 10:31:54'),
(19, 'Middle School 7B', 'MD7B', '2019-01-09 10:31:54', '2019-01-09 10:31:54'),
(20, 'Middle School 7C', 'MD7C', '2019-01-09 10:31:54', '2019-01-09 10:31:54'),
(21, 'Middle School 8A', 'MD8A', '2019-01-09 10:31:54', '2019-01-09 10:31:54'),
(22, 'Middle School 8B', 'MD8B', '2019-01-09 10:31:54', '2019-01-09 10:31:54'),
(23, 'Middle School 8C', 'MD8C', '2019-01-09 10:31:54', '2019-01-09 10:31:54'),
(24, 'Middle School 9A', 'MD9A', '2019-01-09 10:31:54', '2019-01-09 10:31:54'),
(25, 'Middle School 9B', 'MD9B', '2019-01-09 10:31:54', '2019-01-09 10:31:54'),
(26, 'Middle School 9C', 'MD9C', '2019-01-09 10:31:54', '2019-01-09 10:31:54');

-- --------------------------------------------------------

--
-- Estructura de tabla para la tabla `plan_student`
--

CREATE TABLE `plan_student` (
  `id` int(10) UNSIGNED NOT NULL,
  `plan_id` int(10) UNSIGNED NOT NULL,
  `matricula` varchar(191) COLLATE utf8mb4_unicode_ci NOT NULL,
  `created_at` timestamp NULL DEFAULT NULL,
  `updated_at` timestamp NULL DEFAULT NULL
) ENGINE=InnoDB DEFAULT CHARSET=utf8mb4 COLLATE=utf8mb4_unicode_ci;

--
-- Volcado de datos para la tabla `plan_student`
--

INSERT INTO `plan_student` (`id`, `plan_id`, `matricula`, `created_at`, `updated_at`) VALUES
(1, 1, '13-0030-1', '0000-00-00 00:00:00', '0000-00-00 00:00:00'),
(2, 1, '13-0057-2', '0000-00-00 00:00:00', '0000-00-00 00:00:00'),
(3, 1, '13-0079-1', '0000-00-00 00:00:00', '0000-00-00 00:00:00'),
(4, 1, '13-0127-2', '0000-00-00 00:00:00', '0000-00-00 00:00:00'),
(5, 1, '13-0177-1', '0000-00-00 00:00:00', '0000-00-00 00:00:00'),
(6, 1, '13-0182-1', '0000-00-00 00:00:00', '0000-00-00 00:00:00'),
(7, 1, '13-0233-2', '0000-00-00 00:00:00', '0000-00-00 00:00:00'),
(8, 1, '13-0352-2', '0000-00-00 00:00:00', '0000-00-00 00:00:00'),
(9, 1, '13-0369-1', '0000-00-00 00:00:00', '0000-00-00 00:00:00'),
(10, 1, '14-0057-1', '0000-00-00 00:00:00', '0000-00-00 00:00:00'),
(11, 1, '16-0332-1', '0000-00-00 00:00:00', '0000-00-00 00:00:00'),
(12, 1, '16-0343-1', '0000-00-00 00:00:00', '0000-00-00 00:00:00'),
(13, 1, '16-0348-1', '0000-00-00 00:00:00', '0000-00-00 00:00:00'),
(14, 1, '16-0358-2', '0000-00-00 00:00:00', '0000-00-00 00:00:00'),
(15, 1, '16-0367-1', '0000-00-00 00:00:00', '0000-00-00 00:00:00'),
(16, 1, '16-0369-1', '0000-00-00 00:00:00', '0000-00-00 00:00:00'),
(17, 1, '16-0388-1', '0000-00-00 00:00:00', '0000-00-00 00:00:00'),
(18, 1, '16-0437-1', '0000-00-00 00:00:00', '0000-00-00 00:00:00'),
(19, 1, '17-0707-2', '0000-00-00 00:00:00', '0000-00-00 00:00:00'),
(20, 1, '17-0808-1', '0000-00-00 00:00:00', '0000-00-00 00:00:00'),
(21, 1, '18-1007-1', '0000-00-00 00:00:00', '0000-00-00 00:00:00'),
(22, 1, '18-1044-1', '0000-00-00 00:00:00', '0000-00-00 00:00:00'),
(23, 2, '13-0036-1', '0000-00-00 00:00:00', '0000-00-00 00:00:00'),
(24, 2, '13-0081-1', '0000-00-00 00:00:00', '0000-00-00 00:00:00'),
(25, 2, '13-0114-1', '0000-00-00 00:00:00', '0000-00-00 00:00:00'),
(26, 2, '13-0248-1', '0000-00-00 00:00:00', '0000-00-00 00:00:00'),
(27, 2, '13-0263-1', '0000-00-00 00:00:00', '0000-00-00 00:00:00'),
(28, 2, '13-0313-1', '0000-00-00 00:00:00', '0000-00-00 00:00:00'),
(29, 2, '13-0342-1', '0000-00-00 00:00:00', '0000-00-00 00:00:00'),
(30, 2, '13-0345-1', '0000-00-00 00:00:00', '0000-00-00 00:00:00'),
(31, 2, '14-0005-2', '0000-00-00 00:00:00', '0000-00-00 00:00:00'),
(32, 2, '14-0049-2', '0000-00-00 00:00:00', '0000-00-00 00:00:00'),
(33, 2, '14-0096-1', '0000-00-00 00:00:00', '0000-00-00 00:00:00'),
(34, 2, '15-0177-1', '0000-00-00 00:00:00', '0000-00-00 00:00:00'),
(35, 2, '15-0194-2', '0000-00-00 00:00:00', '0000-00-00 00:00:00'),
(36, 2, '15-0201-1', '0000-00-00 00:00:00', '0000-00-00 00:00:00'),
(37, 2, '16-0308-1', '0000-00-00 00:00:00', '0000-00-00 00:00:00'),
(38, 2, '16-0311-1', '0000-00-00 00:00:00', '0000-00-00 00:00:00'),
(39, 2, '16-0314-1', '0000-00-00 00:00:00', '0000-00-00 00:00:00'),
(40, 2, '16-0384-1', '0000-00-00 00:00:00', '0000-00-00 00:00:00'),
(41, 2, '16-0410-1', '0000-00-00 00:00:00', '0000-00-00 00:00:00'),
(42, 2, '17-0721-1', '0000-00-00 00:00:00', '0000-00-00 00:00:00'),
(43, 2, '18-0943-1', '0000-00-00 00:00:00', '0000-00-00 00:00:00'),
(44, 2, '18-1014-1', '0000-00-00 00:00:00', '0000-00-00 00:00:00'),
(45, 2, '18-1027-1', '0000-00-00 00:00:00', '0000-00-00 00:00:00'),
(46, 3, '13-0215-3', '0000-00-00 00:00:00', '0000-00-00 00:00:00'),
(47, 3, '13-0084-2', '0000-00-00 00:00:00', '0000-00-00 00:00:00'),
(48, 3, '13-0341-1', '0000-00-00 00:00:00', '0000-00-00 00:00:00'),
(49, 3, '13-0194-1', '0000-00-00 00:00:00', '0000-00-00 00:00:00'),
(50, 3, '13-0291-2', '0000-00-00 00:00:00', '0000-00-00 00:00:00'),
(51, 3, '13-0141-2', '0000-00-00 00:00:00', '0000-00-00 00:00:00'),
(52, 3, '13-0026-3', '0000-00-00 00:00:00', '0000-00-00 00:00:00'),
(53, 3, '13-0244-1', '0000-00-00 00:00:00', '0000-00-00 00:00:00'),
(54, 3, '13-0252-2', '0000-00-00 00:00:00', '0000-00-00 00:00:00'),
(55, 3, '15-0251-1', '0000-00-00 00:00:00', '0000-00-00 00:00:00'),
(56, 3, '14-0146-2', '0000-00-00 00:00:00', '0000-00-00 00:00:00'),
(57, 3, '13-0092-2', '0000-00-00 00:00:00', '0000-00-00 00:00:00'),
(58, 3, '15-0293-2', '0000-00-00 00:00:00', '0000-00-00 00:00:00'),
(59, 3, '16-0327-1', '0000-00-00 00:00:00', '0000-00-00 00:00:00'),
(60, 3, '16-0342-1', '0000-00-00 00:00:00', '0000-00-00 00:00:00'),
(61, 3, '16-0390-3', '0000-00-00 00:00:00', '0000-00-00 00:00:00'),
(62, 3, '16-0435-1', '0000-00-00 00:00:00', '0000-00-00 00:00:00'),
(63, 3, '16-0436-1', '0000-00-00 00:00:00', '0000-00-00 00:00:00'),
(64, 3, '17-0855-1', '0000-00-00 00:00:00', '0000-00-00 00:00:00'),
(65, 3, '17-0858-2', '0000-00-00 00:00:00', '0000-00-00 00:00:00'),
(66, 3, '18-1006-1', '0000-00-00 00:00:00', '0000-00-00 00:00:00'),
(67, 3, '18-0990-1', '0000-00-00 00:00:00', '0000-00-00 00:00:00'),
(68, 4, '13-0288-1', '2019-01-09 10:31:27', '2019-01-09 10:31:27'),
(69, 4, '13-0207-1', '2019-01-09 10:31:27', '2019-01-09 10:31:27'),
(70, 4, '13-0338-1', '2019-01-09 10:31:27', '2019-01-09 10:31:27'),
(71, 4, '13-0221-3', '2019-01-09 10:31:27', '2019-01-09 10:31:27'),
(72, 4, '13-0009-2', '2019-01-09 10:31:27', '2019-01-09 10:31:27'),
(73, 4, '13-0042-2', '2019-01-09 10:31:27', '2019-01-09 10:31:27'),
(74, 4, '13-0191-2', '2019-01-09 10:31:27', '2019-01-09 10:31:27'),
(75, 4, '13-0036-2', '2019-01-09 10:31:27', '2019-01-09 10:31:27'),
(76, 4, '13-0085-1', '2019-01-09 10:31:27', '2019-01-09 10:31:27'),
(77, 4, '14-0070-3', '2019-01-09 10:31:27', '2019-01-09 10:31:27'),
(78, 4, '14-0083-1', '2019-01-09 10:31:27', '2019-01-09 10:31:27'),
(79, 4, '14-0086-1', '2019-01-09 10:31:27', '2019-01-09 10:31:27'),
(80, 4, '15-0274-1', '2019-01-09 10:31:27', '2019-01-09 10:31:27'),
(81, 4, '15-0235-1', '2019-01-09 10:31:27', '2019-01-09 10:31:27'),
(82, 4, '14-0134-1', '2019-01-09 10:31:27', '2019-01-09 10:31:27'),
(83, 4, '15-0286-1', '2019-01-09 10:31:27', '2019-01-09 10:31:27'),
(84, 4, '16-0366-1', '2019-01-09 10:31:27', '2019-01-09 10:31:27'),
(85, 4, '16-0301-3', '2019-01-09 10:31:27', '2019-01-09 10:31:27'),
(86, 4, '16-0443-2', '2019-01-09 10:31:27', '2019-01-09 10:31:27'),
(87, 4, '16-0444-1', '2019-01-09 10:31:27', '2019-01-09 10:31:27'),
(88, 4, '18-1002-1', '2019-01-09 10:31:27', '2019-01-09 10:31:27'),
(89, 5, '13-0069-1', '2019-01-09 10:31:27', '2019-01-09 10:31:27'),
(90, 5, '13-0347-4', '2019-01-09 10:31:27', '2019-01-09 10:31:27'),
(91, 5, '13-0287-2', '2019-01-09 10:31:27', '2019-01-09 10:31:27'),
(92, 5, '13-0331-1', '2019-01-09 10:31:27', '2019-01-09 10:31:27'),
(93, 5, '13-0285-1', '2019-01-09 10:31:27', '2019-01-09 10:31:27'),
(94, 5, '13-0202-2', '2019-01-09 10:31:27', '2019-01-09 10:31:27'),
(95, 5, '13-0171-2', '2019-01-09 10:31:27', '2019-01-09 10:31:27'),
(96, 5, '13-0183-1', '2019-01-09 10:31:27', '2019-01-09 10:31:27'),
(97, 5, '13-0201-1', '2019-01-09 10:31:27', '2019-01-09 10:31:27'),
(98, 5, '13-0360-1', '2019-01-09 10:31:27', '2019-01-09 10:31:27'),
(99, 5, '14-0036-2', '2019-01-09 10:31:27', '2019-01-09 10:31:27'),
(100, 5, '14-0056-1', '2019-01-09 10:31:27', '2019-01-09 10:31:27'),
(101, 5, '14-0125-1', '2019-01-09 10:31:27', '2019-01-09 10:31:27'),
(102, 5, '14-0140-1', '2019-01-09 10:31:27', '2019-01-09 10:31:27'),
(103, 5, '14-0146-1', '2019-01-09 10:31:27', '2019-01-09 10:31:27'),
(104, 5, '15-0204-1', '2019-01-09 10:31:27', '2019-01-09 10:31:27'),
(105, 5, '15-0207-1', '2019-01-09 10:31:27', '2019-01-09 10:31:27'),
(106, 5, '15-0254-1', '2019-01-09 10:31:27', '2019-01-09 10:31:27'),
(107, 5, '15-0261-1', '2019-01-09 10:31:27', '2019-01-09 10:31:27'),
(108, 5, '16-0340-2', '2019-01-09 10:31:27', '2019-01-09 10:31:27'),
(109, 5, '16-0321-2', '2019-01-09 10:31:27', '2019-01-09 10:31:27'),
(110, 5, '16-0416-1', '2019-01-09 10:31:27', '2019-01-09 10:31:27'),
(111, 5, '17-0733-1', '2019-01-09 10:31:27', '2019-01-09 10:31:27'),
(112, 5, '18-0942-2', '2019-01-09 10:31:27', '2019-01-09 10:31:27'),
(113, 5, '17-0812-1', '2019-01-09 10:31:27', '2019-01-09 10:31:27'),
(114, 6, '13-0031-1', '2019-01-09 10:31:27', '2019-01-09 10:31:27'),
(115, 6, '13-0165-1', '2019-01-09 10:31:27', '2019-01-09 10:31:27'),
(116, 6, '13-0268-2', '2019-01-09 10:31:27', '2019-01-09 10:31:27'),
(117, 6, '13-0047-3', '2019-01-09 10:31:27', '2019-01-09 10:31:27'),
(118, 6, '13-0233-1', '2019-01-09 10:31:27', '2019-01-09 10:31:27'),
(119, 6, '13-0196-2', '2019-01-09 10:31:27', '2019-01-09 10:31:27'),
(120, 6, '13-0379-3', '2019-01-09 10:31:27', '2019-01-09 10:31:27'),
(121, 6, '13-0358-2', '2019-01-09 10:31:27', '2019-01-09 10:31:27'),
(122, 6, '14-0003-1', '2019-01-09 10:31:27', '2019-01-09 10:31:27'),
(123, 6, '14-0078-1', '2019-01-09 10:31:27', '2019-01-09 10:31:27'),
(124, 6, '14-0111-1', '2019-01-09 10:31:27', '2019-01-09 10:31:27'),
(125, 6, '15-0233-1', '2019-01-09 10:31:27', '2019-01-09 10:31:27'),
(126, 6, '15-0181-1', '2019-01-09 10:31:27', '2019-01-09 10:31:27'),
(127, 6, '13-0017-2', '2019-01-09 10:31:27', '2019-01-09 10:31:27'),
(128, 6, '14-0129-1', '2019-01-09 10:31:27', '2019-01-09 10:31:27'),
(129, 6, '15-0179-1', '2019-01-09 10:31:27', '2019-01-09 10:31:27'),
(130, 6, '15-0189-1', '2019-01-09 10:31:27', '2019-01-09 10:31:27'),
(131, 6, '15-0239-1', '2019-01-09 10:31:27', '2019-01-09 10:31:27'),
(132, 6, '13-0129-2', '2019-01-09 10:31:27', '2019-01-09 10:31:27'),
(133, 6, '16-0336-1', '2019-01-09 10:31:27', '2019-01-09 10:31:27'),
(134, 6, '15-0236-2', '2019-01-09 10:31:27', '2019-01-09 10:31:27'),
(135, 6, '17-0847-1', '2019-01-09 10:31:27', '2019-01-09 10:31:27'),
(136, 6, '17-0701-1', '2019-01-09 10:31:27', '2019-01-09 10:31:27'),
(137, 6, '17-0829-1', '2019-01-09 10:31:27', '2019-01-09 10:31:27'),
(138, 7, '13-0224-2', '2019-01-09 10:31:27', '2019-01-09 10:31:27'),
(139, 7, '13-0052-2', '2019-01-09 10:31:27', '2019-01-09 10:31:27'),
(140, 7, '13-0226-1', '2019-01-09 10:31:27', '2019-01-09 10:31:27'),
(141, 7, '13-0009-1', '2019-01-09 10:31:27', '2019-01-09 10:31:27'),
(142, 7, '13-0001-1', '2019-01-09 10:31:27', '2019-01-09 10:31:27'),
(143, 7, '13-0388-1', '2019-01-09 10:31:27', '2019-01-09 10:31:27'),
(144, 7, '13-0377-1', '2019-01-09 10:31:27', '2019-01-09 10:31:27'),
(145, 7, '13-0158-2', '2019-01-09 10:31:27', '2019-01-09 10:31:27'),
(146, 7, '13-0238-1', '2019-01-09 10:31:27', '2019-01-09 10:31:27'),
(147, 7, '13-0267-2', '2019-01-09 10:31:27', '2019-01-09 10:31:27'),
(148, 7, '15-0182-2', '2019-01-09 10:31:27', '2019-01-09 10:31:27'),
(149, 7, '15-0231-1', '2019-01-09 10:31:27', '2019-01-09 10:31:27'),
(150, 7, '13-0387-2', '2019-01-09 10:31:27', '2019-01-09 10:31:27'),
(151, 7, '15-0215-2', '2019-01-09 10:31:27', '2019-01-09 10:31:27'),
(152, 7, '15-0218-1', '2019-01-09 10:31:27', '2019-01-09 10:31:27'),
(153, 7, '15-0220-2', '2019-01-09 10:31:27', '2019-01-09 10:31:27'),
(154, 7, '15-0246-1', '2019-01-09 10:31:27', '2019-01-09 10:31:27'),
(155, 7, '15-0260-1', '2019-01-09 10:31:27', '2019-01-09 10:31:27'),
(156, 7, '16-0374-1', '2019-01-09 10:31:27', '2019-01-09 10:31:27'),
(157, 7, '16-0375-1', '2019-01-09 10:31:27', '2019-01-09 10:31:27'),
(158, 7, '16-0428-1', '2019-01-09 10:31:27', '2019-01-09 10:31:27'),
(159, 7, '16-0431-2', '2019-01-09 10:31:27', '2019-01-09 10:31:27'),
(160, 7, '18-1005-1', '2019-01-09 10:31:27', '2019-01-09 10:31:27'),
(161, 7, '18-0977-2', '2019-01-09 10:31:27', '2019-01-09 10:31:27'),
(170, 8, '13-0111-1', '2019-01-09 10:31:27', '2019-01-09 10:31:27'),
(171, 8, '13-0284-1', '2019-01-09 10:31:27', '2019-01-09 10:31:27'),
(172, 8, '14-0014-1', '2019-01-09 10:31:27', '2019-01-09 10:31:27'),
(173, 8, '13-0240-1', '2019-01-09 10:31:27', '2019-01-09 10:31:27'),
(174, 8, '13-0252-1', '2019-01-09 10:31:27', '2019-01-09 10:31:27'),
(175, 8, '13-0057-1', '2019-01-09 10:31:27', '2019-01-09 10:31:27'),
(176, 8, '13-0245-1', '2019-01-09 10:31:27', '2019-01-09 10:31:27'),
(177, 8, '14-0010-1', '2019-01-09 10:31:27', '2019-01-09 10:31:27'),
(178, 8, '17-0853-1', '2019-01-09 10:31:27', '2019-01-09 10:31:27'),
(179, 8, '13-0365-2', '2019-01-09 10:31:27', '2019-01-09 10:31:27'),
(180, 8, '13-0066-2', '2019-01-09 10:31:27', '2019-01-09 10:31:27'),
(181, 8, '13-0220-2', '2019-01-09 10:31:27', '2019-01-09 10:31:27'),
(182, 8, '13-0190-2', '2019-01-09 10:31:27', '2019-01-09 10:31:27'),
(183, 8, '14-0033-1', '2019-01-09 10:31:27', '2019-01-09 10:31:27'),
(184, 8, '14-0005-1', '2019-01-09 10:31:27', '2019-01-09 10:31:27'),
(185, 8, '14-0008-2', '2019-01-09 10:31:27', '2019-01-09 10:31:27'),
(186, 8, '14-0023-1', '2019-01-09 10:31:27', '2019-01-09 10:31:27'),
(187, 8, '14-0116-1', '2019-01-09 10:31:27', '2019-01-09 10:31:27'),
(188, 8, '14-0088-3', '2019-01-09 10:31:27', '2019-01-09 10:31:27'),
(189, 8, '16-0417-2', '2019-01-09 10:31:27', '2019-01-09 10:31:27'),
(190, 8, '16-0427-2', '2019-01-09 10:31:27', '2019-01-09 10:31:27'),
(191, 8, '18-0926-3', '2019-01-09 10:31:27', '2019-01-09 10:31:27'),
(192, 8, '18-1037-1', '2019-01-09 10:31:27', '2019-01-09 10:31:27'),
(193, 9, '13-0113-1', '2019-01-09 10:31:27', '2019-01-09 10:31:27'),
(194, 9, '13-0160-1', '2019-01-09 10:31:27', '2019-01-09 10:31:27'),
(195, 9, '13-0256-1', '2019-01-09 10:31:27', '2019-01-09 10:31:27'),
(196, 9, '13-0251-2', '2019-01-09 10:31:27', '2019-01-09 10:31:27'),
(197, 9, '13-0003-2', '2019-01-09 10:31:27', '2019-01-09 10:31:27'),
(198, 9, '13-0206-1', '2019-01-09 10:31:27', '2019-01-09 10:31:27'),
(199, 9, '13-0217-3', '2019-01-09 10:31:27', '2019-01-09 10:31:27'),
(200, 9, '13-0328-2', '2019-01-09 10:31:27', '2019-01-09 10:31:27'),
(201, 9, '13-0410-1', '2019-01-09 10:31:27', '2019-01-09 10:31:27'),
(202, 9, '13-0095-3', '2019-01-09 10:31:27', '2019-01-09 10:31:27'),
(203, 9, '13-0023-1', '2019-01-09 10:31:27', '2019-01-09 10:31:27'),
(204, 9, '14-0073-1', '2019-01-09 10:31:27', '2019-01-09 10:31:27'),
(205, 9, '14-0102-1', '2019-01-09 10:31:27', '2019-01-09 10:31:27'),
(206, 9, '15-0279-1', '2019-01-09 10:31:27', '2019-01-09 10:31:27'),
(207, 9, '15-0293-1', '2019-01-09 10:31:27', '2019-01-09 10:31:27'),
(208, 9, '16-0406-2', '2019-01-09 10:31:27', '2019-01-09 10:31:27'),
(209, 9, '16-0412-2', '2019-01-09 10:31:27', '2019-01-09 10:31:27'),
(210, 9, '16-0341-2', '2019-01-09 10:31:27', '2019-01-09 10:31:27'),
(211, 9, '16-0442-3', '2019-01-09 10:31:27', '2019-01-09 10:31:27'),
(212, 9, '17-0785-1', '2019-01-09 10:31:27', '2019-01-09 10:31:27'),
(213, 9, '16-0443-1', '2019-01-09 10:31:27', '2019-01-09 10:31:27'),
(214, 9, '18-0002-1', '2019-01-09 10:31:27', '2019-01-09 10:31:27'),
(215, 10, '13-0309-2', '2019-01-09 10:31:27', '2019-01-09 10:31:27'),
(216, 10, '13-0210-2', '2019-01-09 10:31:27', '2019-01-09 10:31:27'),
(217, 10, '13-0027-1', '2019-01-09 10:31:27', '2019-01-09 10:31:27'),
(218, 10, '13-0217-1', '2019-01-09 10:31:27', '2019-01-09 10:31:27'),
(219, 10, '13-0312-2', '2019-01-09 10:31:27', '2019-01-09 10:31:27'),
(220, 10, '13-0016-1', '2019-01-09 10:31:27', '2019-01-09 10:31:27'),
(221, 10, '13-0141-1', '2019-01-09 10:31:27', '2019-01-09 10:31:27'),
(222, 10, '13-0195-1', '2019-01-09 10:31:27', '2019-01-09 10:31:27'),
(223, 10, '13-0127-1', '2019-01-09 10:31:27', '2019-01-09 10:31:27'),
(224, 10, '14-0024-1', '2019-01-09 10:31:27', '2019-01-09 10:31:27'),
(225, 10, '13-0053-1', '2019-01-09 10:31:27', '2019-01-09 10:31:27'),
(226, 10, '14-0060-1', '2019-01-09 10:31:27', '2019-01-09 10:31:27'),
(227, 10, '13-0168-3', '2019-01-09 10:31:27', '2019-01-09 10:31:27'),
(228, 10, '13-0363-2', '2019-01-09 10:31:27', '2019-01-09 10:31:27'),
(229, 10, '14-0071-2', '2019-01-09 10:31:27', '2019-01-09 10:31:27'),
(230, 10, '14-0170-3', '2019-01-09 10:31:27', '2019-01-09 10:31:27'),
(231, 10, '15-0266-1', '2019-01-09 10:31:27', '2019-01-09 10:31:27'),
(232, 10, '16-0424-1', '2019-01-09 10:31:27', '2019-01-09 10:31:27'),
(233, 10, '16-0442-2', '2019-01-09 10:31:27', '2019-01-09 10:31:27'),
(234, 10, '17-0806-1', '2019-01-09 10:31:27', '2019-01-09 10:31:27'),
(235, 10, '17-0738-2', '2019-01-09 10:31:27', '2019-01-09 10:31:27'),
(236, 10, '18-0933-1', '2019-01-09 10:31:27', '2019-01-09 10:31:27'),
(237, 10, '18-1030-1', '2019-01-09 10:31:27', '2019-01-09 10:31:27'),
(391, 11, '13-0134-2', '2019-01-09 10:31:27', '2019-01-09 10:31:27'),
(392, 11, '13-0038-3', '2019-01-09 10:31:27', '2019-01-09 10:31:27'),
(393, 11, '13-0222-1', '2019-01-09 10:31:27', '2019-01-09 10:31:27'),
(394, 11, '13-0224-1', '2019-01-09 10:31:27', '2019-01-09 10:31:27'),
(395, 11, '13-0267-1', '2019-01-09 10:31:27', '2019-01-09 10:31:27'),
(396, 11, '13-0111-2', '2019-01-09 10:31:27', '2019-01-09 10:31:27'),
(397, 11, '13-0140-2', '2019-01-09 10:31:27', '2019-01-09 10:31:27'),
(398, 11, '13-0196-1', '2019-01-09 10:31:27', '2019-01-09 10:31:27'),
(399, 11, '13-0121-1', '2019-01-09 10:31:27', '2019-01-09 10:31:27'),
(400, 11, '13-0392-2', '2019-01-09 10:31:27', '2019-01-09 10:31:27'),
(401, 11, '13-0353-2', '2019-01-09 10:31:27', '2019-01-09 10:31:27'),
(402, 11, '13-0339-1', '2019-01-09 10:31:27', '2019-01-09 10:31:27'),
(403, 11, '13-0363-1', '2019-01-09 10:31:27', '2019-01-09 10:31:27'),
(404, 11, '14-0157-2', '2019-01-09 10:31:27', '2019-01-09 10:31:27'),
(405, 11, '15-0185-2', '2019-01-09 10:31:27', '2019-01-09 10:31:27'),
(406, 11, '15-0194-1', '2019-01-09 10:31:27', '2019-01-09 10:31:27'),
(407, 11, '17-0728-2', '2019-01-09 10:31:27', '2019-01-09 10:31:27'),
(408, 11, '17-0707-1', '2019-01-09 10:31:27', '2019-01-09 10:31:27'),
(409, 11, '17-0801-1', '2019-01-09 10:31:27', '2019-01-09 10:31:27'),
(410, 11, '17-0848-1', '2019-01-09 10:31:27', '2019-01-09 10:31:27'),
(411, 12, '13-0107-1', '2019-01-09 10:31:27', '2019-01-09 10:31:27'),
(412, 12, '13-0347-3', '2019-01-09 10:31:27', '2019-01-09 10:31:27'),
(413, 12, '13-0092-1', '2019-01-09 10:31:27', '2019-01-09 10:31:27'),
(414, 12, '13-0040-2', '2019-01-09 10:31:27', '2019-01-09 10:31:27'),
(415, 12, '13-0221-2', '2019-01-09 10:31:27', '2019-01-09 10:31:27'),
(416, 12, '13-0041-2', '2019-01-09 10:31:27', '2019-01-09 10:31:27'),
(417, 12, '13-0098-1', '2019-01-09 10:31:27', '2019-01-09 10:31:27'),
(418, 12, '13-0352-1', '2019-01-09 10:31:27', '2019-01-09 10:31:27'),
(419, 12, '13-0246-1', '2019-01-09 10:31:27', '2019-01-09 10:31:27'),
(420, 12, '13-0191-1', '2019-01-09 10:31:27', '2019-01-09 10:31:27'),
(421, 12, '13-0130-1', '2019-01-09 10:31:27', '2019-01-09 10:31:27'),
(422, 12, '13-0243-1', '2019-01-09 10:31:27', '2019-01-09 10:31:27'),
(423, 12, '13-0241-1', '2019-01-09 10:31:27', '2019-01-09 10:31:27'),
(424, 12, '14-0036-1', '2019-01-09 10:31:27', '2019-01-09 10:31:27'),
(425, 12, '14-0042-1', '2019-01-09 10:31:27', '2019-01-09 10:31:27'),
(426, 12, '14-0072-3', '2019-01-09 10:31:27', '2019-01-09 10:31:27'),
(427, 12, '16-0381-1', '2019-01-09 10:31:27', '2019-01-09 10:31:27'),
(428, 12, '17-0809-1', '2019-01-09 10:31:27', '2019-01-09 10:31:27'),
(429, 12, '18-0992-1', '2019-01-09 10:31:27', '2019-01-09 10:31:27'),
(430, 12, '18-1035-1', '2019-01-09 10:31:27', '2019-01-09 10:31:27'),
(431, 13, '13-0186-2', '2019-01-09 10:31:27', '2019-01-09 10:31:27'),
(432, 13, '13-0266-2', '2019-01-09 10:31:27', '2019-01-09 10:31:27'),
(433, 13, '13-0129-1', '2019-01-09 10:31:27', '2019-01-09 10:31:27'),
(434, 13, '13-0264-1', '2019-01-09 10:31:27', '2019-01-09 10:31:27'),
(435, 13, '13-0213-2', '2019-01-09 10:31:27', '2019-01-09 10:31:27'),
(436, 13, '13-0063-2', '2019-01-09 10:31:27', '2019-01-09 10:31:27'),
(437, 13, '13-0251-1', '2019-01-09 10:31:27', '2019-01-09 10:31:27'),
(438, 13, '13-0154-1', '2019-01-09 10:31:27', '2019-01-09 10:31:27'),
(439, 13, '13-0255-3', '2019-01-09 10:31:27', '2019-01-09 10:31:27'),
(440, 13, '13-0379-2', '2019-01-09 10:31:27', '2019-01-09 10:31:27'),
(441, 13, '13-0355-1', '2019-01-09 10:31:27', '2019-01-09 10:31:27'),
(442, 13, '13-0202-1', '2019-01-09 10:31:27', '2019-01-09 10:31:27'),
(443, 13, '13-0217-2', '2019-01-09 10:31:27', '2019-01-09 10:31:27'),
(444, 13, '13-0358-1', '2019-01-09 10:31:27', '2019-01-09 10:31:27'),
(445, 13, '15-0264-2', '2019-01-09 10:31:27', '2019-01-09 10:31:27'),
(446, 13, '16-0426-2', '2019-01-09 10:31:27', '2019-01-09 10:31:27'),
(447, 13, '16-0433-1', '2019-01-09 10:31:27', '2019-01-09 10:31:27'),
(448, 13, '17-0819-2', '2019-01-09 10:31:27', '2019-01-09 10:31:27'),
(449, 13, '18-1009-1', '2019-01-09 10:31:27', '2019-01-09 10:31:27'),
(450, 13, '18-0977-1', '2019-01-09 10:31:27', '2019-01-09 10:31:27'),
(451, 14, '13-0166-1', '2019-01-09 10:31:27', '2019-01-09 10:31:27'),
(452, 14, '13-0123-2', '2019-01-09 10:31:27', '2019-01-09 10:31:27'),
(453, 14, '13-0203-1', '2019-01-09 10:31:27', '2019-01-09 10:31:27'),
(454, 14, '13-0133-3', '2019-01-09 10:31:27', '2019-01-09 10:31:27'),
(455, 14, '13-0225-1', '2019-01-09 10:31:27', '2019-01-09 10:31:27'),
(456, 14, '13-0260-1', '2019-01-09 10:31:27', '2019-01-09 10:31:27'),
(457, 14, '13-0249-1', '2019-01-09 10:31:27', '2019-01-09 10:31:27'),
(458, 14, '13-0291-1', '2019-01-09 10:31:27', '2019-01-09 10:31:27'),
(459, 14, '13-0163-3', '2019-01-09 10:31:27', '2019-01-09 10:31:27'),
(460, 14, '13-0367-2', '2019-01-09 10:31:27', '2019-01-09 10:31:27'),
(461, 14, '13-0368-2', '2019-01-09 10:31:27', '2019-01-09 10:31:27'),
(462, 14, '13-0356-1', '2019-01-09 10:31:27', '2019-01-09 10:31:27'),
(463, 14, '13-0362-2', '2019-01-09 10:31:27', '2019-01-09 10:31:27'),
(464, 14, '13-0022-1', '2019-01-09 10:31:27', '2019-01-09 10:31:27'),
(465, 14, '13-0329-1', '2019-01-09 10:31:27', '2019-01-09 10:31:27'),
(466, 14, '15-0199-2', '2019-01-09 10:31:27', '2019-01-09 10:31:27'),
(467, 14, '16-0380-2', '2019-01-09 10:31:27', '2019-01-09 10:31:27'),
(468, 14, '16-0301-2', '2019-01-09 10:31:27', '2019-01-09 10:31:27'),
(469, 14, '18-1028-1', '2019-01-09 10:31:27', '2019-01-09 10:31:27'),
(470, 14, '17-0759-2', '2019-01-09 10:31:27', '2019-01-09 10:31:27'),
(471, 15, '13-0047-2', '0000-00-00 00:00:00', '0000-00-00 00:00:00'),
(472, 15, '13-0084-1', '0000-00-00 00:00:00', '0000-00-00 00:00:00'),
(473, 15, '13-0139-3', '0000-00-00 00:00:00', '0000-00-00 00:00:00'),
(474, 15, '13-0208-2', '0000-00-00 00:00:00', '0000-00-00 00:00:00'),
(475, 15, '13-0268-1', '0000-00-00 00:00:00', '0000-00-00 00:00:00'),
(476, 15, '13-0278-2', '0000-00-00 00:00:00', '0000-00-00 00:00:00'),
(477, 15, '13-0283-2', '0000-00-00 00:00:00', '0000-00-00 00:00:00'),
(478, 15, '13-0302-1', '0000-00-00 00:00:00', '0000-00-00 00:00:00'),
(479, 15, '13-0312-1', '0000-00-00 00:00:00', '0000-00-00 00:00:00'),
(480, 15, '13-0346-3', '0000-00-00 00:00:00', '0000-00-00 00:00:00'),
(481, 15, '13-0395-1', '0000-00-00 00:00:00', '0000-00-00 00:00:00'),
(482, 15, '13-0421-1', '0000-00-00 00:00:00', '0000-00-00 00:00:00'),
(483, 15, '14-0049-1', '0000-00-00 00:00:00', '0000-00-00 00:00:00'),
(484, 15, '14-0120-1', '0000-00-00 00:00:00', '0000-00-00 00:00:00'),
(485, 15, '14-0128-2', '0000-00-00 00:00:00', '0000-00-00 00:00:00'),
(486, 15, '15-0217-3', '0000-00-00 00:00:00', '0000-00-00 00:00:00'),
(487, 15, '16-0321-1', '0000-00-00 00:00:00', '0000-00-00 00:00:00'),
(488, 15, '17-0759-1', '0000-00-00 00:00:00', '0000-00-00 00:00:00'),
(489, 15, '17-0815-1', '0000-00-00 00:00:00', '0000-00-00 00:00:00'),
(490, 15, '17-0828-1', '0000-00-00 00:00:00', '0000-00-00 00:00:00'),
(491, 15, '17-0858-1', '0000-00-00 00:00:00', '0000-00-00 00:00:00'),
(492, 15, '18-0942-1', '0000-00-00 00:00:00', '0000-00-00 00:00:00'),
(493, 15, '18-1013-1', '0000-00-00 00:00:00', '0000-00-00 00:00:00'),
(494, 16, '13-0010-1', '0000-00-00 00:00:00', '0000-00-00 00:00:00'),
(495, 16, '13-0051-2', '0000-00-00 00:00:00', '0000-00-00 00:00:00'),
(496, 16, '13-0112-2', '0000-00-00 00:00:00', '0000-00-00 00:00:00'),
(497, 16, '13-0147-3', '0000-00-00 00:00:00', '0000-00-00 00:00:00'),
(498, 16, '13-0171-1', '0000-00-00 00:00:00', '0000-00-00 00:00:00'),
(499, 16, '13-0231-1', '0000-00-00 00:00:00', '0000-00-00 00:00:00'),
(500, 16, '13-0294-1', '0000-00-00 00:00:00', '0000-00-00 00:00:00'),
(501, 16, '13-0371-2', '0000-00-00 00:00:00', '0000-00-00 00:00:00'),
(502, 16, '14-0141-2', '0000-00-00 00:00:00', '0000-00-00 00:00:00'),
(503, 16, '15-0195-1', '0000-00-00 00:00:00', '0000-00-00 00:00:00'),
(504, 16, '15-0215-1', '0000-00-00 00:00:00', '0000-00-00 00:00:00'),
(505, 16, '15-0219-2', '0000-00-00 00:00:00', '0000-00-00 00:00:00'),
(506, 16, '15-0223-1', '0000-00-00 00:00:00', '0000-00-00 00:00:00'),
(507, 16, '15-0234-1', '0000-00-00 00:00:00', '0000-00-00 00:00:00'),
(508, 16, '15-0242-1', '0000-00-00 00:00:00', '0000-00-00 00:00:00'),
(509, 16, '16-0340-1', '0000-00-00 00:00:00', '0000-00-00 00:00:00'),
(510, 16, '16-0345-1', '0000-00-00 00:00:00', '0000-00-00 00:00:00'),
(511, 16, '16-0358-1', '0000-00-00 00:00:00', '0000-00-00 00:00:00'),
(512, 16, '16-0372-1', '0000-00-00 00:00:00', '0000-00-00 00:00:00'),
(513, 16, '17-0738-1', '0000-00-00 00:00:00', '0000-00-00 00:00:00'),
(514, 17, '13-0018-2', '0000-00-00 00:00:00', '0000-00-00 00:00:00'),
(515, 17, '13-0047-1', '0000-00-00 00:00:00', '0000-00-00 00:00:00'),
(516, 17, '13-0049-2', '0000-00-00 00:00:00', '0000-00-00 00:00:00'),
(517, 17, '13-0104-2', '0000-00-00 00:00:00', '0000-00-00 00:00:00'),
(518, 17, '13-0109-1', '0000-00-00 00:00:00', '0000-00-00 00:00:00'),
(519, 17, '13-0134-1', '0000-00-00 00:00:00', '0000-00-00 00:00:00'),
(520, 17, '13-0215-2', '0000-00-00 00:00:00', '0000-00-00 00:00:00'),
(521, 17, '13-0232-1', '0000-00-00 00:00:00', '0000-00-00 00:00:00'),
(522, 17, '13-0253-2', '0000-00-00 00:00:00', '0000-00-00 00:00:00'),
(523, 17, '13-0324-2', '0000-00-00 00:00:00', '0000-00-00 00:00:00'),
(524, 17, '13-0362-1', '0000-00-00 00:00:00', '0000-00-00 00:00:00'),
(525, 17, '13-0397-2', '0000-00-00 00:00:00', '0000-00-00 00:00:00'),
(526, 17, '14-0085-2', '0000-00-00 00:00:00', '0000-00-00 00:00:00'),
(527, 17, '15-0236-1', '0000-00-00 00:00:00', '0000-00-00 00:00:00'),
(528, 17, '15-0244-1', '0000-00-00 00:00:00', '0000-00-00 00:00:00'),
(529, 17, '15-0250-1', '0000-00-00 00:00:00', '0000-00-00 00:00:00'),
(530, 17, '15-0280-1', '0000-00-00 00:00:00', '0000-00-00 00:00:00'),
(531, 17, '17-0832-2', '0000-00-00 00:00:00', '0000-00-00 00:00:00'),
(532, 17, '18-0975-2', '0000-00-00 00:00:00', '0000-00-00 00:00:00'),
(533, 17, '18-0994-1', '0000-00-00 00:00:00', '0000-00-00 00:00:00'),
(534, 17, '18-1010-1', '0000-00-00 00:00:00', '0000-00-00 00:00:00'),
(535, 17, '18-1041-1', '0000-00-00 00:00:00', '0000-00-00 00:00:00'),
(536, 18, '13-0024-4', '2019-01-09 10:31:27', '2019-01-09 10:31:27'),
(537, 18, '13-0103-2', '2019-01-09 10:31:27', '2019-01-09 10:31:27'),
(538, 18, '13-0359-2', '2019-01-09 10:31:27', '2019-01-09 10:31:27'),
(539, 18, '13-0123-1', '2019-01-09 10:31:27', '2019-01-09 10:31:27'),
(540, 18, '13-0406-2', '2019-01-09 10:31:27', '2019-01-09 10:31:27'),
(541, 18, '14-0082-1', '2019-01-09 10:31:27', '2019-01-09 10:31:27'),
(542, 18, '14-0099-1', '2019-01-09 10:31:27', '2019-01-09 10:31:27'),
(543, 18, '14-0093-2', '2019-01-09 10:31:27', '2019-01-09 10:31:27'),
(544, 18, '14-0160-1', '2019-01-09 10:31:27', '2019-01-09 10:31:27'),
(545, 18, '13-0305-2', '2019-01-09 10:31:27', '2019-01-09 10:31:27'),
(546, 18, '14-0157-1', '2019-01-09 10:31:27', '2019-01-09 10:31:27'),
(547, 18, '15-0281-2', '2019-01-09 10:31:27', '2019-01-09 10:31:27'),
(548, 18, '15-0325-2', '2019-01-09 10:31:27', '2019-01-09 10:31:27'),
(549, 18, '16-0417-1', '2019-01-09 10:31:27', '2019-01-09 10:31:27'),
(550, 18, '17-0758-3', '2019-01-09 10:31:27', '2019-01-09 10:31:27'),
(551, 19, '13-0095-2', '2019-01-09 10:31:27', '2019-01-09 10:31:27'),
(552, 19, '13-0019-2', '2019-01-09 10:31:27', '2019-01-09 10:31:27'),
(553, 19, '13-0250-2', '2019-01-09 10:31:27', '2019-01-09 10:31:27'),
(554, 19, '13-0163-2', '2019-01-09 10:31:27', '2019-01-09 10:31:27'),
(555, 19, '13-0289-2', '2019-01-09 10:31:27', '2019-01-09 10:31:27'),
(556, 19, '13-0361-1', '2019-01-09 10:31:27', '2019-01-09 10:31:27'),
(557, 19, '13-0063-1', '2019-01-09 10:31:27', '2019-01-09 10:31:27'),
(558, 19, '13-0391-2', '2019-01-09 10:31:27', '2019-01-09 10:31:27'),
(559, 19, '14-0087-1', '2019-01-09 10:31:27', '2019-01-09 10:31:27'),
(560, 19, '14-0070-2', '2019-01-09 10:31:27', '2019-01-09 10:31:27'),
(561, 19, '14-0169-3', '2019-01-09 10:31:27', '2019-01-09 10:31:27'),
(562, 19, '15-0229-1', '2019-01-09 10:31:27', '2019-01-09 10:31:27'),
(563, 19, '14-0142-2', '2019-01-09 10:31:27', '2019-01-09 10:31:27'),
(564, 19, '17-0812-3', '2019-01-09 10:31:27', '2019-01-09 10:31:27'),
(565, 19, '18-0901-1', '2019-01-09 10:31:27', '2019-01-09 10:31:27'),
(566, 20, '13-0309-1', '2019-01-09 10:31:27', '2019-01-09 10:31:27'),
(567, 20, '13-0215-1', '2019-01-09 10:31:27', '2019-01-09 10:31:27'),
(568, 20, '13-0186-1', '2019-01-09 10:31:27', '2019-01-09 10:31:27'),
(569, 20, '13-0266-1', '2019-01-09 10:31:27', '2019-01-09 10:31:27'),
(570, 20, '13-0086-3', '2019-01-09 10:31:27', '2019-01-09 10:31:27'),
(571, 20, '13-0066-1', '2019-01-09 10:31:27', '2019-01-09 10:31:27'),
(572, 20, '13-0213-1', '2019-01-09 10:31:27', '2019-01-09 10:31:27'),
(573, 20, '13-0159-1', '2019-01-09 10:31:27', '2019-01-09 10:31:27'),
(574, 20, '13-0003-1', '2019-01-09 10:31:27', '2019-01-09 10:31:27'),
(575, 20, '13-0112-1', '2019-01-09 10:31:27', '2019-01-09 10:31:27'),
(576, 20, '13-0301-1', '2019-01-09 10:31:27', '2019-01-09 10:31:27'),
(577, 20, '13-0379-1', '2019-01-09 10:31:27', '2019-01-09 10:31:27'),
(578, 20, '14-0169-2', '2019-01-09 10:31:27', '2019-01-09 10:31:27'),
(579, 20, '15-0199-1', '2019-01-09 10:31:27', '2019-01-09 10:31:27'),
(580, 20, '15-0217-2', '2019-01-09 10:31:27', '2019-01-09 10:31:27'),
(581, 20, '15-0247-1', '2019-01-09 10:31:27', '2019-01-09 10:31:27'),
(582, 21, '13-0097-2', '2019-01-09 10:31:27', '2019-01-09 10:31:27'),
(583, 21, '13-0042-1', '2019-01-09 10:31:27', '2019-01-09 10:31:27'),
(584, 21, '13-0192-2', '2019-01-09 10:31:27', '2019-01-09 10:31:27'),
(585, 21, '13-0359-1', '2019-01-09 10:31:27', '2019-01-09 10:31:27'),
(586, 21, '13-0389-1', '2019-01-09 10:31:27', '2019-01-09 10:31:27'),
(587, 21, '13-0170-2', '2019-01-09 10:31:27', '2019-01-09 10:31:27'),
(588, 21, '14-0085-1', '2019-01-09 10:31:27', '2019-01-09 10:31:27'),
(589, 21, '14-0128-1', '2019-01-09 10:31:27', '2019-01-09 10:31:27'),
(590, 21, '15-0192-1', '2019-01-09 10:31:27', '2019-01-09 10:31:27'),
(591, 21, '15-0245-1', '2019-01-09 10:31:27', '2019-01-09 10:31:27'),
(592, 21, '16-0301-1', '2019-01-09 10:31:27', '2019-01-09 10:31:27'),
(593, 21, '16-0349-2', '2019-01-09 10:31:27', '2019-01-09 10:31:27'),
(594, 21, '17-0745-1', '2019-01-09 10:31:27', '2019-01-09 10:31:27'),
(595, 21, '15-0201-2', '2019-01-09 10:31:27', '2019-01-09 10:31:27'),
(596, 21, '17-0726-1', '2019-01-09 10:31:27', '2019-01-09 10:31:27'),
(597, 21, '17-0795-1', '2019-01-09 10:31:27', '2019-01-09 10:31:27'),
(598, 21, '18-1017-1', '2019-01-09 10:31:27', '2019-01-09 10:31:27'),
(599, 21, '18-1003-2', '2019-01-09 10:31:27', '2019-01-09 10:31:27'),
(600, 21, '18-1009-2', '2019-01-09 10:31:27', '2019-01-09 10:31:27'),
(601, 22, '13-0204-2', '2019-01-09 10:31:27', '2019-01-09 10:31:27'),
(602, 22, '13-0109-2', '2019-01-09 10:31:27', '2019-01-09 10:31:27'),
(603, 22, '13-0115-1', '2019-01-09 10:31:27', '2019-01-09 10:31:27'),
(604, 22, '13-0040-1', '2019-01-09 10:31:27', '2019-01-09 10:31:27'),
(605, 22, '13-0045-1', '2019-01-09 10:31:27', '2019-01-09 10:31:27'),
(606, 22, '13-0018-1', '2019-01-09 10:31:27', '2019-01-09 10:31:27'),
(607, 22, '13-0403-1', '2019-01-09 10:31:27', '2019-01-09 10:31:27'),
(608, 22, '13-0412-2', '2019-01-09 10:31:27', '2019-01-09 10:31:27'),
(609, 22, '13-0220-1', '2019-01-09 10:31:27', '2019-01-09 10:31:27'),
(610, 22, '13-0310-2', '2019-01-09 10:31:27', '2019-01-09 10:31:27'),
(611, 22, '13-0073-3', '2019-01-09 10:31:27', '2019-01-09 10:31:27'),
(612, 22, '13-0017-1', '2019-01-09 10:31:27', '2019-01-09 10:31:27'),
(613, 22, '14-0051-2', '2019-01-09 10:31:27', '2019-01-09 10:31:27'),
(614, 22, '14-0116-2', '2019-01-09 10:31:27', '2019-01-09 10:31:27'),
(615, 22, '17-0758-1', '2019-01-09 10:31:27', '2019-01-09 10:31:27'),
(616, 22, '17-0809-2', '2019-01-09 10:31:27', '2019-01-09 10:31:27'),
(617, 22, '17-0819-1', '2019-01-09 10:31:27', '2019-01-09 10:31:27'),
(618, 22, '18-0951-1', '2019-01-09 10:31:27', '2019-01-09 10:31:27'),
(619, 22, '18-1003-3', '2019-01-09 10:31:27', '2019-01-09 10:31:27'),
(620, 23, '13-0219-1', '2019-01-09 10:31:27', '2019-01-09 10:31:27'),
(621, 23, '13-0028-2', '2019-01-09 10:31:27', '2019-01-09 10:31:27'),
(622, 23, '13-0287-1', '2019-01-09 10:31:27', '2019-01-09 10:31:27'),
(623, 23, '13-0052-1', '2019-01-09 10:31:27', '2019-01-09 10:31:27'),
(624, 23, '13-0174-3', '2019-01-09 10:31:27', '2019-01-09 10:31:27'),
(625, 23, '13-0153-2', '2019-01-09 10:31:27', '2019-01-09 10:31:27'),
(626, 23, '13-0221-1', '2019-01-09 10:31:27', '2019-01-09 10:31:27'),
(627, 23, '13-0140-1', '2019-01-09 10:31:27', '2019-01-09 10:31:27'),
(628, 23, '13-0051-1', '2019-01-09 10:31:27', '2019-01-09 10:31:27'),
(629, 23, '13-0367-1', '2019-01-09 10:31:27', '2019-01-09 10:31:27'),
(630, 23, '13-0413-2', '2019-01-09 10:31:27', '2019-01-09 10:31:27'),
(631, 23, '13-0074-2', '2019-01-09 10:31:27', '2019-01-09 10:31:27'),
(632, 23, '13-0190-1', '2019-01-09 10:31:27', '2019-01-09 10:31:27'),
(633, 23, '14-0072-2', '2019-01-09 10:31:27', '2019-01-09 10:31:27'),
(634, 23, '15-0190-1', '2019-01-09 10:31:27', '2019-01-09 10:31:27'),
(635, 23, '16-0421-2', '2019-01-09 10:31:27', '2019-01-09 10:31:27'),
(636, 23, '16-0426-1', '2019-01-09 10:31:27', '2019-01-09 10:31:27'),
(637, 23, '17-0723-1', '2019-01-09 10:31:27', '2019-01-09 10:31:27'),
(638, 23, '17-0814-2', '2019-01-09 10:31:27', '2019-01-09 10:31:27'),
(639, 23, '17-0773-1', '2019-01-09 10:31:27', '2019-01-09 10:31:27'),
(640, 23, '18-0975-1', '2019-01-09 10:31:27', '2019-01-09 10:31:27'),
(641, 24, '13-0024-3', '2019-01-09 10:31:27', '2019-01-09 10:31:27'),
(642, 24, '13-0068-1', '2019-01-09 10:31:27', '2019-01-09 10:31:27'),
(643, 24, '13-0147-2', '2019-01-09 10:31:27', '2019-01-09 10:31:27'),
(644, 24, '13-0255-2', '2019-01-09 10:31:27', '2019-01-09 10:31:27'),
(645, 24, '13-0055-1', '2019-01-09 10:31:27', '2019-01-09 10:31:27'),
(646, 24, '13-0289-1', '2019-01-09 10:31:27', '2019-01-09 10:31:27'),
(647, 24, '13-0083-2', '2019-01-09 10:31:27', '2019-01-09 10:31:27'),
(648, 24, '13-0041-1', '2019-01-09 10:31:27', '2019-01-09 10:31:27'),
(649, 24, '13-0146-1', '2019-01-09 10:31:27', '2019-01-09 10:31:27'),
(650, 24, '14-0080-1', '2019-01-09 10:31:27', '2019-01-09 10:31:27'),
(651, 24, '14-0016-2', '2019-01-09 10:31:27', '2019-01-09 10:31:27'),
(652, 24, '15-0182-1', '2019-01-09 10:31:27', '2019-01-09 10:31:27'),
(653, 24, '15-0186-1', '2019-01-09 10:31:27', '2019-01-09 10:31:27'),
(654, 24, '15-0198-1', '2019-01-09 10:31:27', '2019-01-09 10:31:27'),
(655, 24, '16-0300-1', '2019-01-09 10:31:27', '2019-01-09 10:31:27'),
(656, 24, '16-0386-1', '2019-01-09 10:31:27', '2019-01-09 10:31:27'),
(657, 24, '16-0429-1', '2019-01-09 10:31:27', '2019-01-09 10:31:27'),
(658, 24, '16-0430-1', '2019-01-09 10:31:27', '2019-01-09 10:31:27'),
(659, 24, '17-0827-1', '2019-01-09 10:31:27', '2019-01-09 10:31:27'),
(660, 24, '18-0957-1', '2019-01-09 10:31:27', '2019-01-09 10:31:27'),
(661, 24, '18-1025-1', '2019-01-09 10:31:27', '2019-01-09 10:31:27'),
(662, 25, '13-0181-2', '2019-01-09 10:31:27', '2019-01-09 10:31:27'),
(663, 25, '13-0327-1', '2019-01-09 10:31:27', '2019-01-09 10:31:27'),
(664, 25, '13-0353-1', '2019-01-09 10:31:27', '2019-01-09 10:31:27'),
(665, 25, '13-0270-1', '2019-01-09 10:31:27', '2019-01-09 10:31:27'),
(666, 25, '13-0067-2', '2019-01-09 10:31:27', '2019-01-09 10:31:27'),
(667, 25, '13-0083-1', '2019-01-09 10:31:27', '2019-01-09 10:31:27'),
(668, 25, '13-0390-1', '2019-01-09 10:31:27', '2019-01-09 10:31:27'),
(669, 25, '13-0086-2', '2019-01-09 10:31:27', '2019-01-09 10:31:27'),
(670, 25, '13-0128-2', '2019-01-09 10:31:27', '2019-01-09 10:31:27'),
(671, 25, '13-0283-1', '2019-01-09 10:31:27', '2019-01-09 10:31:27'),
(672, 25, '13-0371-1', '2019-01-09 10:31:27', '2019-01-09 10:31:27'),
(673, 25, '13-0076-2', '2019-01-09 10:31:27', '2019-01-09 10:31:27'),
(674, 25, '14-0012-1', '2019-01-09 10:31:27', '2019-01-09 10:31:27'),
(675, 25, '14-0052-1', '2019-01-09 10:31:27', '2019-01-09 10:31:27'),
(676, 25, '14-0142-1', '2019-01-09 10:31:27', '2019-01-09 10:31:27'),
(677, 25, '16-0380-1', '2019-01-09 10:31:27', '2019-01-09 10:31:27'),
(678, 25, '16-0341-1', '2019-01-09 10:31:27', '2019-01-09 10:31:27'),
(679, 25, '17-0820-1', '2019-01-09 10:31:27', '2019-01-09 10:31:27'),
(680, 25, '18-1004-1', '2019-01-09 10:31:27', '2019-01-09 10:31:27'),
(681, 25, '18-1043-1', '2019-01-09 10:31:27', '2019-01-09 10:31:27'),
(682, 26, '13-0269-1', '2019-01-09 10:31:27', '2019-01-09 10:31:27'),
(683, 26, '13-0103-1', '2019-01-09 10:31:27', '2019-01-09 10:31:27'),
(684, 26, '13-0019-1', '2019-01-09 10:31:27', '2019-01-09 10:31:27'),
(685, 26, '13-0048-2', '2019-01-09 10:31:27', '2019-01-09 10:31:27'),
(686, 26, '13-0178-1', '2019-01-09 10:31:27', '2019-01-09 10:31:27'),
(687, 26, '13-0279-2', '2019-01-09 10:31:27', '2019-01-09 10:31:27'),
(688, 26, '13-0387-1', '2019-01-09 10:31:27', '2019-01-09 10:31:27'),
(689, 26, '13-0406-1', '2019-01-09 10:31:27', '2019-01-09 10:31:27'),
(690, 26, '13-0072-2', '2019-01-09 10:31:27', '2019-01-09 10:31:27'),
(691, 26, '14-0138-2', '2019-01-09 10:31:27', '2019-01-09 10:31:27'),
(692, 26, '14-0170-2', '2019-01-09 10:31:27', '2019-01-09 10:31:27'),
(693, 26, '16-0306-1', '2019-01-09 10:31:27', '2019-01-09 10:31:27'),
(694, 26, '16-0373-1', '2019-01-09 10:31:27', '2019-01-09 10:31:27'),
(695, 26, '16-0323-1', '2019-01-09 10:31:27', '2019-01-09 10:31:27'),
(696, 26, '16-0390-2', '2019-01-09 10:31:27', '2019-01-09 10:31:27'),
(697, 26, '16-0347-1', '2019-01-09 10:31:27', '2019-01-09 10:31:27'),
(698, 26, '16-0439-2', '2019-01-09 10:31:27', '2019-01-09 10:31:27'),
(699, 26, '16-0442-1', '2019-01-09 10:31:27', '2019-01-09 10:31:27'),
(700, 26, '17-0800-1', '2019-01-09 10:31:27', '2019-01-09 10:31:27');

-- --------------------------------------------------------

--
-- Estructura de tabla para la tabla `plan_subject`
--

CREATE TABLE `plan_subject` (
  `id` int(10) UNSIGNED NOT NULL,
  `plan_id` int(10) UNSIGNED NOT NULL,
  `subject_id` int(10) UNSIGNED NOT NULL,
  `quota` int(10) UNSIGNED NOT NULL
) ENGINE=InnoDB DEFAULT CHARSET=utf8mb4 COLLATE=utf8mb4_unicode_ci;

--
-- Volcado de datos para la tabla `plan_subject`
--

INSERT INTO `plan_subject` (`id`, `plan_id`, `subject_id`, `quota`) VALUES
(1, 1, 1, 2),
(2, 1, 2, 2),
(3, 1, 3, 3),
(4, 1, 4, 2),
(5, 1, 5, 2),
(6, 1, 6, 2),
(7, 1, 7, 3),
(8, 1, 8, 3),
(9, 1, 9, 2),
(10, 1, 10, 2),
(11, 1, 11, 2),
(12, 1, 12, 2),
(13, 1, 13, 4),
(14, 1, 14, 2),
(15, 1, 15, 2),
(16, 1, 16, 2),
(17, 2, 1, 2),
(18, 2, 2, 2),
(19, 2, 3, 3),
(20, 2, 4, 2),
(21, 2, 5, 2),
(22, 2, 6, 2),
(23, 2, 7, 3),
(24, 2, 8, 3),
(25, 2, 9, 2),
(26, 2, 10, 2),
(27, 2, 11, 2),
(28, 2, 12, 2),
(29, 2, 13, 4),
(30, 2, 14, 2),
(31, 2, 15, 2),
(32, 2, 16, 2),
(33, 3, 1, 2),
(34, 3, 2, 2),
(35, 3, 3, 3),
(36, 3, 4, 2),
(37, 3, 5, 2),
(38, 3, 6, 2),
(39, 3, 7, 3),
(40, 3, 8, 3),
(41, 3, 9, 2),
(42, 3, 10, 2),
(43, 3, 11, 2),
(44, 3, 12, 2),
(45, 3, 13, 4),
(46, 3, 14, 2),
(47, 3, 15, 2),
(48, 3, 16, 2),
(49, 4, 1, 2),
(50, 4, 2, 2),
(51, 4, 3, 2),
(52, 4, 4, 2),
(53, 4, 5, 2),
(54, 4, 6, 2),
(55, 4, 7, 3),
(56, 4, 8, 3),
(57, 4, 9, 2),
(58, 4, 10, 2),
(59, 4, 11, 2),
(60, 4, 12, 2),
(61, 4, 13, 4),
(62, 4, 14, 2),
(63, 4, 15, 3),
(64, 4, 16, 2),
(65, 5, 1, 2),
(66, 5, 2, 2),
(67, 5, 3, 0),
(68, 5, 4, 0),
(69, 5, 5, 0),
(70, 5, 6, 0),
(71, 5, 7, 0),
(72, 5, 8, 2),
(73, 5, 9, 0),
(74, 5, 10, 0),
(75, 5, 11, 0),
(76, 5, 12, 0),
(77, 5, 48, 0),
(78, 5, 14, 0),
(79, 5, 15, 0),
(80, 5, 16, 0),
(81, 6, 1, 2),
(82, 6, 2, 3),
(83, 6, 3, 3),
(84, 6, 4, 3),
(85, 6, 5, 2),
(86, 6, 6, 3),
(87, 6, 7, 4),
(88, 6, 8, 2),
(89, 6, 9, 2),
(90, 6, 10, 2),
(91, 6, 11, 2),
(92, 6, 12, 2),
(93, 6, 48, 4),
(94, 6, 14, 2),
(95, 6, 15, 2),
(96, 6, 16, 4),
(97, 7, 1, 2),
(98, 7, 2, 3),
(99, 7, 3, 3),
(100, 7, 4, 3),
(101, 7, 5, 3),
(102, 7, 6, 2),
(103, 7, 7, 3),
(104, 7, 8, 2),
(105, 7, 9, 2),
(106, 7, 10, 2),
(107, 7, 11, 2),
(108, 7, 12, 2),
(109, 7, 48, 4),
(110, 7, 14, 2),
(111, 7, 15, 2),
(112, 7, 16, 4),
(113, 8, 17, 2),
(114, 8, 18, 2),
(115, 8, 19, 3),
(116, 8, 20, 2),
(117, 8, 21, 2),
(118, 8, 22, 3),
(119, 8, 23, 2),
(120, 8, 24, 2),
(121, 8, 25, 2),
(122, 8, 26, 2),
(123, 8, 27, 4),
(124, 8, 28, 2),
(125, 8, 29, 2),
(126, 8, 30, 2),
(127, 9, 17, 2),
(128, 9, 18, 2),
(129, 9, 19, 3),
(130, 9, 20, 2),
(131, 9, 21, 2),
(132, 9, 22, 3),
(133, 9, 23, 2),
(134, 9, 24, 2),
(135, 9, 25, 2),
(136, 9, 26, 2),
(137, 9, 27, 4),
(138, 9, 28, 2),
(139, 9, 29, 2),
(140, 9, 30, 2),
(141, 10, 17, 2),
(142, 10, 18, 2),
(143, 10, 19, 3),
(144, 10, 20, 2),
(145, 10, 21, 2),
(146, 10, 22, 3),
(147, 10, 23, 2),
(148, 10, 24, 2),
(149, 10, 25, 2),
(150, 10, 26, 2),
(151, 10, 27, 4),
(152, 10, 28, 2),
(153, 10, 29, 2),
(154, 10, 30, 2),
(155, 11, 17, 3),
(156, 11, 18, 3),
(157, 11, 19, 3),
(158, 11, 20, 3),
(159, 11, 21, 2),
(160, 11, 22, 4),
(161, 11, 23, 2),
(162, 11, 24, 2),
(163, 11, 25, 2),
(164, 11, 26, 2),
(165, 11, 49, 4),
(166, 11, 28, 2),
(167, 11, 29, 2),
(168, 11, 30, 3),
(169, 12, 17, 3),
(170, 12, 18, 3),
(171, 12, 19, 3),
(172, 12, 20, 3),
(173, 12, 21, 2),
(174, 12, 22, 3),
(175, 12, 23, 2),
(176, 12, 24, 2),
(177, 12, 25, 2),
(178, 12, 26, 2),
(179, 12, 49, 4),
(180, 12, 28, 2),
(181, 12, 29, 2),
(182, 12, 30, 3),
(183, 13, 17, 3),
(184, 13, 18, 3),
(185, 13, 19, 3),
(186, 13, 20, 3),
(187, 13, 21, 2),
(188, 13, 22, 3),
(189, 13, 23, 2),
(190, 13, 24, 2),
(191, 13, 25, 2),
(192, 13, 26, 2),
(193, 13, 49, 4),
(194, 13, 28, 2),
(195, 13, 29, 2),
(196, 13, 30, 3),
(197, 14, 17, 3),
(198, 14, 18, 3),
(199, 14, 19, 3),
(200, 14, 20, 3),
(201, 14, 21, 2),
(202, 14, 22, 3),
(203, 14, 23, 2),
(204, 14, 24, 2),
(205, 14, 25, 2),
(206, 14, 26, 2),
(207, 14, 49, 4),
(208, 14, 28, 2),
(209, 14, 29, 2),
(210, 14, 30, 3),
(211, 15, 31, 1),
(212, 15, 32, 2),
(213, 15, 33, 2),
(214, 15, 34, 2),
(215, 15, 35, 2),
(216, 15, 36, 2),
(217, 15, 37, 3),
(218, 15, 38, 2),
(219, 15, 39, 2),
(220, 15, 40, 2),
(221, 15, 41, 3),
(222, 15, 42, 1),
(223, 15, 43, 2),
(224, 15, 44, 2),
(225, 15, 45, 2),
(226, 16, 31, 2),
(227, 16, 32, 2),
(228, 16, 33, 1),
(229, 16, 34, 2),
(230, 16, 35, 1),
(231, 16, 36, 2),
(232, 16, 37, 3),
(233, 16, 38, 2),
(234, 16, 39, 2),
(235, 16, 40, 2),
(236, 16, 41, 3),
(237, 16, 42, 2),
(238, 16, 43, 2),
(239, 16, 44, 2),
(240, 16, 45, 2),
(241, 17, 31, 1),
(242, 17, 32, 2),
(243, 17, 33, 2),
(244, 17, 34, 2),
(245, 17, 35, 2),
(246, 17, 36, 2),
(247, 17, 37, 3),
(248, 17, 38, 2),
(249, 17, 39, 2),
(250, 17, 40, 2),
(251, 17, 41, 2),
(252, 17, 42, 1),
(253, 17, 43, 2),
(254, 17, 44, 2),
(255, 17, 45, 2),
(256, 18, 31, 2),
(257, 18, 32, 2),
(258, 18, 33, 1),
(259, 18, 34, 2),
(260, 18, 35, 2),
(261, 18, 36, 2),
(262, 18, 37, 3),
(263, 18, 38, 1),
(264, 18, 39, 1),
(265, 18, 40, 2),
(266, 18, 41, 3),
(267, 18, 42, 2),
(268, 18, 43, 1),
(269, 18, 44, 2),
(270, 18, 45, 2),
(271, 19, 31, 1),
(272, 19, 32, 2),
(273, 19, 33, 2),
(274, 19, 34, 2),
(275, 19, 35, 1),
(276, 19, 36, 2),
(277, 19, 37, 3),
(278, 19, 38, 1),
(279, 19, 39, 1),
(280, 19, 40, 2),
(281, 19, 41, 3),
(282, 19, 42, 1),
(283, 19, 43, 1),
(284, 19, 44, 2),
(285, 19, 45, 2),
(286, 20, 31, 1),
(287, 20, 32, 2),
(288, 20, 33, 2),
(289, 20, 34, 2),
(290, 20, 35, 1),
(291, 20, 36, 2),
(292, 20, 37, 3),
(293, 20, 38, 1),
(294, 20, 39, 1),
(295, 20, 40, 2),
(296, 20, 41, 3),
(297, 20, 42, 1),
(298, 20, 43, 1),
(299, 20, 44, 2),
(300, 20, 45, 2),
(301, 21, 31, 1),
(302, 21, 32, 2),
(303, 21, 33, 2),
(304, 21, 34, 2),
(305, 21, 35, 2),
(306, 21, 36, 2),
(307, 21, 46, 3),
(308, 21, 38, 2),
(309, 21, 39, 1),
(310, 21, 40, 2),
(311, 21, 47, 3),
(312, 21, 42, 1),
(313, 21, 43, 1),
(314, 21, 44, 2),
(315, 21, 45, 2),
(316, 22, 31, 1),
(317, 22, 32, 2),
(318, 22, 33, 2),
(319, 22, 34, 2),
(320, 22, 35, 2),
(321, 22, 36, 2),
(322, 22, 46, 3),
(323, 22, 38, 2),
(324, 22, 39, 1),
(325, 22, 40, 2),
(326, 22, 47, 3),
(327, 22, 42, 1),
(328, 22, 43, 1),
(329, 22, 44, 2),
(330, 22, 45, 2),
(331, 23, 31, 1),
(332, 23, 32, 2),
(333, 23, 33, 2),
(334, 23, 34, 2),
(335, 23, 35, 2),
(336, 23, 36, 2),
(337, 23, 46, 2),
(338, 23, 38, 2),
(339, 23, 39, 1),
(340, 23, 40, 2),
(341, 23, 47, 3),
(342, 23, 42, 1),
(343, 23, 43, 1),
(344, 23, 44, 2),
(345, 23, 45, 2),
(346, 24, 31, 2),
(347, 24, 32, 2),
(348, 24, 33, 2),
(349, 24, 34, 2),
(350, 24, 35, 2),
(351, 24, 36, 2),
(352, 24, 46, 3),
(353, 24, 38, 2),
(354, 24, 39, 1),
(355, 24, 40, 2),
(356, 24, 47, 3),
(357, 24, 42, 1),
(358, 24, 43, 1),
(359, 24, 44, 2),
(360, 24, 45, 2),
(361, 25, 31, 2),
(362, 25, 32, 2),
(363, 25, 33, 2),
(364, 25, 34, 2),
(365, 25, 35, 2),
(366, 25, 36, 2),
(367, 25, 46, 3),
(368, 25, 38, 2),
(369, 25, 39, 1),
(370, 25, 40, 2),
(371, 25, 47, 3),
(372, 25, 42, 1),
(373, 25, 43, 1),
(374, 25, 44, 2),
(375, 25, 45, 2),
(376, 26, 31, 1),
(377, 26, 32, 2),
(378, 26, 33, 2),
(379, 26, 34, 2),
(380, 26, 35, 2),
(381, 26, 36, 2),
(382, 26, 46, 2),
(383, 26, 38, 2),
(384, 26, 39, 1),
(385, 26, 40, 2),
(386, 26, 47, 3),
(387, 26, 42, 1),
(388, 26, 43, 1),
(389, 26, 44, 2),
(390, 26, 45, 2);

-- --------------------------------------------------------

--
-- Estructura de tabla para la tabla `roles`
--

CREATE TABLE `roles` (
  `id` int(10) UNSIGNED NOT NULL,
  `name` varchar(191) COLLATE utf8mb4_unicode_ci NOT NULL,
  `display_name` varchar(191) COLLATE utf8mb4_unicode_ci DEFAULT NULL,
  `description` text COLLATE utf8mb4_unicode_ci,
  `created_at` timestamp NULL DEFAULT NULL,
  `updated_at` timestamp NULL DEFAULT NULL
) ENGINE=InnoDB DEFAULT CHARSET=utf8mb4 COLLATE=utf8mb4_unicode_ci;

--
-- Volcado de datos para la tabla `roles`
--

INSERT INTO `roles` (`id`, `name`, `display_name`, `description`, `created_at`, `updated_at`) VALUES
(1, 'root', 'Root', 'Administrador completo del sitio', '2019-01-09 10:31:26', '2019-01-09 10:31:26'),
(2, 'docente', 'Docente', 'Usuario de tipo Docente', '2019-01-09 10:31:27', '2019-01-09 10:31:27'),
(3, 'estandar', 'Estandar', 'Panel de vistas', '2019-01-09 10:31:27', '2019-01-09 10:31:27'),
(4, 'admin', 'Administrador', 'Administrador para usuarios', '2019-01-09 10:31:27', '2019-01-09 10:31:27'),
(5, 'alumno', 'Alumno', 'Usuario de tipo alumno', '2019-01-09 10:31:27', '2019-01-09 10:31:27'),
(6, 'afterschool_principal', 'Direccion Afterschool', 'Usuario que puede manipular el portal para inscripciones a workshops y a clases de afterschool para alumnos.', '2019-01-07 12:16:16', '2019-01-07 12:16:16');

-- --------------------------------------------------------

--
-- Estructura de tabla para la tabla `role_user`
--

CREATE TABLE `role_user` (
  `id` int(10) UNSIGNED NOT NULL,
  `user_id` int(10) UNSIGNED NOT NULL,
  `role_id` int(10) UNSIGNED NOT NULL
) ENGINE=InnoDB DEFAULT CHARSET=utf8mb4 COLLATE=utf8mb4_unicode_ci;

--
-- Volcado de datos para la tabla `role_user`
--

INSERT INTO `role_user` (`id`, `user_id`, `role_id`) VALUES
(1, 1, 1),
(2, 2, 3),
(3, 4, 3),
(4, 4, 2),
(5, 5, 5);

-- --------------------------------------------------------

--
-- Estructura de tabla para la tabla `rooms`
--

CREATE TABLE `rooms` (
  `id` int(10) UNSIGNED NOT NULL,
  `name` varchar(191) COLLATE utf8mb4_unicode_ci NOT NULL,
  `long_name` varchar(191) COLLATE utf8mb4_unicode_ci NOT NULL,
  `created_at` timestamp NULL DEFAULT NULL,
  `updated_at` timestamp NULL DEFAULT NULL
) ENGINE=InnoDB DEFAULT CHARSET=utf8mb4 COLLATE=utf8mb4_unicode_ci;

-- --------------------------------------------------------

--
-- Estructura de tabla para la tabla `sections`
--

CREATE TABLE `sections` (
  `id` int(10) UNSIGNED NOT NULL,
  `name` varchar(191) COLLATE utf8mb4_unicode_ci NOT NULL,
  `created_at` timestamp NULL DEFAULT NULL,
  `updated_at` timestamp NULL DEFAULT NULL
) ENGINE=InnoDB DEFAULT CHARSET=utf8mb4 COLLATE=utf8mb4_unicode_ci;

--
-- Volcado de datos para la tabla `sections`
--

INSERT INTO `sections` (`id`, `name`, `created_at`, `updated_at`) VALUES
(1, 'Root Section', '2019-01-09 10:31:26', '2019-01-09 10:31:26'),
(2, 'Elementary', '2019-01-09 10:31:26', '2019-01-09 10:31:26'),
(3, 'Afterschool', '2019-01-07 12:16:16', '2019-01-07 12:16:16');

-- --------------------------------------------------------

--
-- Estructura de tabla para la tabla `status`
--

CREATE TABLE `status` (
  `id` int(10) UNSIGNED NOT NULL,
  `name` varchar(191) COLLATE utf8mb4_unicode_ci NOT NULL,
  `created_at` timestamp NULL DEFAULT NULL,
  `updated_at` timestamp NULL DEFAULT NULL
) ENGINE=InnoDB DEFAULT CHARSET=utf8mb4 COLLATE=utf8mb4_unicode_ci;

-- --------------------------------------------------------

--
-- Estructura de tabla para la tabla `students`
--

CREATE TABLE `students` (
  `id` int(11) NOT NULL,
  `user_id` int(10) UNSIGNED NOT NULL,
  `homeroom` varchar(191) COLLATE utf8mb4_unicode_ci NOT NULL,
  `matricula` varchar(191) COLLATE utf8mb4_unicode_ci NOT NULL,
  `code` varchar(255) COLLATE utf8mb4_unicode_ci NOT NULL,
  `group` varchar(191) COLLATE utf8mb4_unicode_ci NOT NULL,
  `grade` varchar(191) COLLATE utf8mb4_unicode_ci NOT NULL,
  `created_at` timestamp NULL DEFAULT NULL,
  `updated_at` timestamp NULL DEFAULT NULL
) ENGINE=InnoDB DEFAULT CHARSET=utf8mb4 COLLATE=utf8mb4_unicode_ci;

--
-- Volcado de datos para la tabla `students`
--

INSERT INTO `students` (`id`, `user_id`, `homeroom`, `matricula`, `code`, `group`, `grade`, `created_at`, `updated_at`) VALUES
(144, 171, '3C', '13-0001-1', '13-0001-1', 'C', '3', '2019-01-09 10:31:27', '2019-01-09 10:31:27'),
(415, 442, '7C', '13-0003-1', '13-0003-1', 'C', '7', '2019-01-09 10:31:27', '2019-01-09 10:31:27'),
(191, 218, '4B', '13-0003-2', '13-0003-2', 'B', '4', '2019-01-09 10:31:27', '2019-01-09 10:31:27'),
(143, 170, '3C', '13-0009-1', '13-0009-1', 'C', '3', '2019-01-09 10:31:27', '2019-01-09 10:31:27'),
(74, 101, '2D', '13-0009-2', '13-0009-2', 'D', '2', '2019-01-09 10:31:27', '2019-01-09 10:31:27'),
(335, 362, '6B', '13-0010-1', '13-0010-1', 'B', '6', '2019-01-09 10:31:27', '2019-01-09 10:31:27'),
(214, 241, '4C', '13-0016-1', '13-0016-1', 'C', '4', '2019-01-09 10:31:27', '2019-01-09 10:31:27'),
(453, 480, '8B', '13-0017-1', '13-0017-1', 'B', '8', '2019-01-09 10:31:27', '2019-01-09 10:31:27'),
(129, 156, '3B', '13-0017-2', '13-0017-2', 'B', '3', '2019-01-09 10:31:27', '2019-01-09 10:31:27'),
(447, 474, '8B', '13-0018-1', '13-0018-1', 'B', '8', '2019-01-09 10:31:27', '2019-01-09 10:31:27'),
(355, 382, '6C', '13-0018-2', '13-0018-2', 'C', '6', '2019-01-09 10:31:27', '2019-01-09 10:31:27'),
(525, 552, '9C', '13-0019-1', '13-0019-1', 'C', '9', '2019-01-09 10:31:27', '2019-01-09 10:31:27'),
(393, 420, '7B', '13-0019-2', '13-0019-2', 'B', '7', '2019-01-09 10:31:27', '2019-01-09 10:31:27'),
(305, 332, '5D', '13-0022-1', '13-0022-1', 'D', '5', '2019-01-09 10:31:27', '2019-01-09 10:31:27'),
(197, 224, '4B', '13-0023-1', '13-0023-1', 'B', '4', '2019-01-09 10:31:27', '2019-01-09 10:31:27'),
(482, 509, '9A', '13-0024-3', '13-0024-3', 'A', '9', '2019-01-09 10:31:27', '2019-01-09 10:31:27'),
(377, 404, '7A', '13-0024-4', '13-0024-4', 'A', '7', '2019-01-09 10:31:27', '2019-01-09 10:31:27'),
(54, 81, '2C', '13-0026-3', '13-0026-3', 'C', '2', '2019-01-09 10:31:27', '2019-01-09 10:31:27'),
(211, 238, '4C', '13-0027-1', '13-0027-1', 'C', '4', '2019-01-09 10:31:27', '2019-01-09 10:31:27'),
(462, 489, '8C', '13-0028-2', '13-0028-2', 'C', '8', '2019-01-09 10:31:27', '2019-01-09 10:31:27'),
(5, 31, '2A', '13-0030-1', '13-0030-1', 'A', '2', '2019-01-09 10:31:26', '2019-01-09 10:31:26'),
(116, 143, '3B', '13-0031-1', '13-0031-1', 'B', '3', '2019-01-09 10:31:27', '2019-01-09 10:31:27'),
(29, 56, '2B', '13-0036-1', '13-0036-1', 'B', '2', '2019-01-09 10:31:26', '2019-01-09 10:31:26'),
(77, 104, '2D', '13-0036-2', '13-0036-2', 'D', '2', '2019-01-09 10:31:27', '2019-01-09 10:31:27'),
(233, 260, '5A', '13-0038-3', '13-0038-3', 'A', '5', '2019-01-09 10:31:27', '2019-01-09 10:31:27'),
(445, 472, '8B', '13-0040-1', '13-0040-1', 'B', '8', '2019-01-09 10:31:27', '2019-01-09 10:31:27'),
(255, 282, '5B', '13-0040-2', '13-0040-2', 'B', '5', '2019-01-09 10:31:27', '2019-01-09 10:31:27'),
(489, 516, '9A', '13-0041-1', '13-0041-1', 'A', '9', '2019-01-09 10:31:27', '2019-01-09 10:31:27'),
(257, 284, '5B', '13-0041-2', '13-0041-2', 'B', '5', '2019-01-09 10:31:27', '2019-01-09 10:31:27'),
(424, 451, '8A', '13-0042-1', '13-0042-1', 'A', '8', '2019-01-09 10:31:27', '2019-01-09 10:31:27'),
(75, 102, '2D', '13-0042-2', '13-0042-2', 'D', '2', '2019-01-09 10:31:27', '2019-01-09 10:31:27'),
(446, 473, '8B', '13-0045-1', '13-0045-1', 'B', '8', '2019-01-09 10:31:27', '2019-01-09 10:31:27'),
(356, 383, '6C', '13-0047-1', '13-0047-1', 'C', '6', '2019-01-09 10:31:27', '2019-01-09 10:31:27'),
(312, 339, '6A', '13-0047-2', '13-0047-2', 'A', '6', '2019-01-09 10:31:27', '2019-01-09 10:31:27'),
(119, 146, '3B', '13-0047-3', '13-0047-3', 'B', '3', '2019-01-09 10:31:27', '2019-01-09 10:31:27'),
(526, 553, '9C', '13-0048-2', '13-0048-2', 'C', '9', '2019-01-09 10:31:27', '2019-01-09 10:31:27'),
(357, 384, '6C', '13-0049-2', '13-0049-2', 'C', '6', '2019-01-09 10:31:27', '2019-01-09 10:31:27'),
(469, 496, '8C', '13-0051-1', '13-0051-1', 'C', '8', '2019-01-09 10:31:27', '2019-01-09 10:31:27'),
(336, 363, '6B', '13-0051-2', '13-0051-2', 'B', '6', '2019-01-09 10:31:27', '2019-01-09 10:31:27'),
(464, 491, '8C', '13-0052-1', '13-0052-1', 'C', '8', '2019-01-09 10:31:27', '2019-01-09 10:31:27'),
(141, 168, '3C', '13-0052-2', '13-0052-2', 'C', '3', '2019-01-09 10:31:27', '2019-01-09 10:31:27'),
(219, 246, '4C', '13-0053-1', '13-0053-1', 'C', '4', '2019-01-09 10:31:27', '2019-01-09 10:31:27'),
(486, 513, '9A', '13-0055-1', '13-0055-1', 'A', '9', '2019-01-09 10:31:27', '2019-01-09 10:31:27'),
(169, 196, '4A', '13-0057-1', '13-0057-1', 'A', '4', '2019-01-09 10:31:27', '2019-01-09 10:31:27'),
(8, 34, '2A', '13-0057-2', '13-0057-2', 'A', '2', '2019-01-09 10:31:26', '2019-01-09 10:31:26'),
(398, 425, '7B', '13-0063-1', '13-0063-1', 'B', '7', '2019-01-09 10:31:27', '2019-01-09 10:31:27'),
(277, 304, '5C', '13-0063-2', '13-0063-2', 'C', '5', '2019-01-09 10:31:27', '2019-01-09 10:31:27'),
(412, 439, '7C', '13-0066-1', '13-0066-1', 'C', '7', '2019-01-09 10:31:27', '2019-01-09 10:31:27'),
(174, 201, '4A', '13-0066-2', '13-0066-2', 'A', '4', '2019-01-09 10:31:27', '2019-01-09 10:31:27'),
(507, 534, '9B', '13-0067-2', '13-0067-2', 'B', '9', '2019-01-09 10:31:27', '2019-01-09 10:31:27'),
(483, 510, '9A', '13-0068-1', '13-0068-1', 'A', '9', '2019-01-09 10:31:27', '2019-01-09 10:31:27'),
(91, 118, '3A', '13-0069-1', '13-0069-1', 'A', '3', '2019-01-09 10:31:27', '2019-01-09 10:31:27'),
(531, 558, '9C', '13-0072-2', '13-0072-2', 'C', '9', '2019-01-09 10:31:27', '2019-01-09 10:31:27'),
(452, 479, '8B', '13-0073-3', '13-0073-3', 'B', '8', '2019-01-09 10:31:27', '2019-01-09 10:31:27'),
(472, 499, '8C', '13-0074-2', '13-0074-2', 'C', '8', '2019-01-09 10:31:27', '2019-01-09 10:31:27'),
(514, 541, '9B', '13-0076-2', '13-0076-2', 'B', '9', '2019-01-09 10:31:27', '2019-01-09 10:31:27'),
(3, 29, '2A', '13-0079-1', '13-0079-1', 'A', '2', '2019-01-09 10:31:26', '2019-01-09 10:31:26'),
(26, 53, '2B', '13-0081-1', '13-0081-1', 'B', '2', '2019-01-09 10:31:26', '2019-01-09 10:31:26'),
(508, 535, '9B', '13-0083-1', '13-0083-1', 'B', '9', '2019-01-09 10:31:27', '2019-01-09 10:31:27'),
(488, 515, '9A', '13-0083-2', '13-0083-2', 'A', '9', '2019-01-09 10:31:27', '2019-01-09 10:31:27'),
(313, 340, '6A', '13-0084-1', '13-0084-1', 'A', '6', '2019-01-09 10:31:27', '2019-01-09 10:31:27'),
(49, 76, '2C', '13-0084-2', '13-0084-2', 'C', '2', '2019-01-09 10:31:27', '2019-01-09 10:31:27'),
(78, 105, '2D', '13-0085-1', '13-0085-1', 'D', '2', '2019-01-09 10:31:27', '2019-01-09 10:31:27'),
(510, 537, '9B', '13-0086-2', '13-0086-2', 'B', '9', '2019-01-09 10:31:27', '2019-01-09 10:31:27'),
(411, 438, '7C', '13-0086-3', '13-0086-3', 'C', '7', '2019-01-09 10:31:27', '2019-01-09 10:31:27'),
(254, 281, '5B', '13-0092-1', '13-0092-1', 'B', '5', '2019-01-09 10:31:27', '2019-01-09 10:31:27'),
(59, 86, '2C', '13-0092-2', '13-0092-2', 'C', '2', '2019-01-09 10:31:27', '2019-01-09 10:31:27'),
(392, 419, '7B', '13-0095-2', '13-0095-2', 'B', '7', '2019-01-09 10:31:27', '2019-01-09 10:31:27'),
(196, 223, '4B', '13-0095-3', '13-0095-3', 'B', '4', '2019-01-09 10:31:27', '2019-01-09 10:31:27'),
(423, 450, '8A', '13-0097-2', '13-0097-2', 'A', '8', '2019-01-09 10:31:27', '2019-01-09 10:31:27'),
(258, 285, '5B', '13-0098-1', '13-0098-1', 'B', '5', '2019-01-09 10:31:27', '2019-01-09 10:31:27'),
(524, 551, '9C', '13-0103-1', '13-0103-1', 'C', '9', '2019-01-09 10:31:27', '2019-01-09 10:31:27'),
(378, 405, '7A', '13-0103-2', '13-0103-2', 'A', '7', '2019-01-09 10:31:27', '2019-01-09 10:31:27'),
(358, 385, '6C', '13-0104-2', '13-0104-2', 'C', '6', '2019-01-09 10:31:27', '2019-01-09 10:31:27'),
(252, 279, '5B', '13-0107-1', '13-0107-1', 'B', '5', '2019-01-09 10:31:27', '2019-01-09 10:31:27'),
(359, 386, '6C', '13-0109-1', '13-0109-1', 'C', '6', '2019-01-09 10:31:27', '2019-01-09 10:31:27'),
(443, 470, '8B', '13-0109-2', '13-0109-2', 'B', '8', '2019-01-09 10:31:27', '2019-01-09 10:31:27'),
(164, 191, '4A', '13-0111-1', '13-0111-1', 'A', '4', '2019-01-09 10:31:27', '2019-01-09 10:31:27'),
(237, 264, '5A', '13-0111-2', '13-0111-2', 'A', '5', '2019-01-09 10:31:27', '2019-01-09 10:31:27'),
(416, 443, '7C', '13-0112-1', '13-0112-1', 'C', '7', '2019-01-09 10:31:27', '2019-01-09 10:31:27'),
(337, 364, '6B', '13-0112-2', '13-0112-2', 'B', '6', '2019-01-09 10:31:27', '2019-01-09 10:31:27'),
(187, 214, '4B', '13-0113-1', '13-0113-1', 'B', '4', '2019-01-09 10:31:27', '2019-01-09 10:31:27'),
(32, 59, '2B', '13-0114-1', '13-0114-1', 'B', '2', '2019-01-09 10:31:26', '2019-01-09 10:31:26'),
(444, 471, '8B', '13-0115-1', '13-0115-1', 'B', '8', '2019-01-09 10:31:27', '2019-01-09 10:31:27'),
(240, 267, '5A', '13-0121-1', '13-0121-1', 'A', '5', '2019-01-09 10:31:27', '2019-01-09 10:31:27'),
(380, 407, '7A', '13-0123-1', '13-0123-1', 'A', '7', '2019-01-09 10:31:27', '2019-01-09 10:31:27'),
(293, 320, '5D', '13-0123-2', '13-0123-2', 'D', '5', '2019-01-09 10:31:27', '2019-01-09 10:31:27'),
(217, 244, '4C', '13-0127-1', '13-0127-1', 'C', '4', '2019-01-09 10:31:27', '2019-01-09 10:31:27'),
(9, 35, '2A', '13-0127-2', '13-0127-2', 'A', '2', '2019-01-09 10:31:26', '2019-01-09 10:31:26'),
(511, 538, '9B', '13-0128-2', '13-0128-2', 'B', '9', '2019-01-09 10:31:27', '2019-01-09 10:31:27'),
(274, 301, '5C', '13-0129-1', '13-0129-1', 'C', '5', '2019-01-09 10:31:27', '2019-01-09 10:31:27'),
(134, 161, '3B', '13-0129-2', '13-0129-2', 'B', '3', '2019-01-09 10:31:27', '2019-01-09 10:31:27'),
(262, 289, '5B', '13-0130-1', '13-0130-1', 'B', '5', '2019-01-09 10:31:27', '2019-01-09 10:31:27'),
(295, 322, '5D', '13-0133-3', '13-0133-3', 'D', '5', '2019-01-09 10:31:27', '2019-01-09 10:31:27'),
(360, 387, '6C', '13-0134-1', '13-0134-1', 'C', '6', '2019-01-09 10:31:27', '2019-01-09 10:31:27'),
(232, 259, '5A', '13-0134-2', '13-0134-2', 'A', '5', '2019-01-09 10:31:27', '2019-01-09 10:31:27'),
(314, 341, '6A', '13-0139-3', '13-0139-3', 'A', '6', '2019-01-09 10:31:27', '2019-01-09 10:31:27'),
(468, 495, '8C', '13-0140-1', '13-0140-1', 'C', '8', '2019-01-09 10:31:27', '2019-01-09 10:31:27'),
(238, 265, '5A', '13-0140-2', '13-0140-2', 'A', '5', '2019-01-09 10:31:27', '2019-01-09 10:31:27'),
(215, 242, '4C', '13-0141-1', '13-0141-1', 'C', '4', '2019-01-09 10:31:27', '2019-01-09 10:31:27'),
(53, 80, '2C', '13-0141-2', '13-0141-2', 'C', '2', '2019-01-09 10:31:27', '2019-01-09 10:31:27'),
(490, 517, '9A', '13-0146-1', '13-0146-1', 'A', '9', '2019-01-09 10:31:27', '2019-01-09 10:31:27'),
(484, 511, '9A', '13-0147-2', '13-0147-2', 'A', '9', '2019-01-09 10:31:27', '2019-01-09 10:31:27'),
(338, 365, '6B', '13-0147-3', '13-0147-3', 'B', '6', '2019-01-09 10:31:27', '2019-01-09 10:31:27'),
(466, 493, '8C', '13-0153-2', '13-0153-2', 'C', '8', '2019-01-09 10:31:27', '2019-01-09 10:31:27'),
(279, 306, '5C', '13-0154-1', '13-0154-1', 'C', '5', '2019-01-09 10:31:27', '2019-01-09 10:31:27'),
(147, 174, '3C', '13-0158-2', '13-0158-2', 'C', '3', '2019-01-09 10:31:27', '2019-01-09 10:31:27'),
(414, 441, '7C', '13-0159-1', '13-0159-1', 'C', '7', '2019-01-09 10:31:27', '2019-01-09 10:31:27'),
(188, 215, '4B', '13-0160-1', '13-0160-1', 'B', '4', '2019-01-09 10:31:27', '2019-01-09 10:31:27'),
(395, 422, '7B', '13-0163-2', '13-0163-2', 'B', '7', '2019-01-09 10:31:27', '2019-01-09 10:31:27'),
(300, 327, '5D', '13-0163-3', '13-0163-3', 'D', '5', '2019-01-09 10:31:27', '2019-01-09 10:31:27'),
(117, 144, '3B', '13-0165-1', '13-0165-1', 'B', '3', '2019-01-09 10:31:27', '2019-01-09 10:31:27'),
(292, 319, '5D', '13-0166-1', '13-0166-1', 'D', '5', '2019-01-09 10:31:27', '2019-01-09 10:31:27'),
(221, 248, '4C', '13-0168-3', '13-0168-3', 'C', '4', '2019-01-09 10:31:27', '2019-01-09 10:31:27'),
(428, 455, '8A', '13-0170-2', '13-0170-2', 'A', '8', '2019-01-09 10:31:27', '2019-01-09 10:31:27'),
(339, 366, '6B', '13-0171-1', '13-0171-1', 'B', '6', '2019-01-09 10:31:27', '2019-01-09 10:31:27'),
(97, 124, '3A', '13-0171-2', '13-0171-2', 'A', '3', '2019-01-09 10:31:27', '2019-01-09 10:31:27'),
(465, 492, '8C', '13-0174-3', '13-0174-3', 'C', '8', '2019-01-09 10:31:27', '2019-01-09 10:31:27'),
(4, 30, '2A', '13-0177-1', '13-0177-1', 'A', '2', '2019-01-09 10:31:26', '2019-01-09 10:31:26'),
(527, 554, '9C', '13-0178-1', '13-0178-1', 'C', '9', '2019-01-09 10:31:27', '2019-01-09 10:31:27'),
(503, 530, '9B', '13-0181-2', '13-0181-2', 'B', '9', '2019-01-09 10:31:27', '2019-01-09 10:31:27'),
(10, 36, '2A', '13-0182-1', '13-0182-1', 'A', '2', '2019-01-09 10:31:26', '2019-01-09 10:31:26'),
(98, 125, '3A', '13-0183-1', '13-0183-1', 'A', '3', '2019-01-09 10:31:27', '2019-01-09 10:31:27'),
(409, 436, '7C', '13-0186-1', '13-0186-1', 'C', '7', '2019-01-09 10:31:27', '2019-01-09 10:31:27'),
(272, 299, '5C', '13-0186-2', '13-0186-2', 'C', '5', '2019-01-09 10:31:27', '2019-01-09 10:31:27'),
(473, 500, '8C', '13-0190-1', '13-0190-1', 'C', '8', '2019-01-09 10:31:27', '2019-01-09 10:31:27'),
(176, 203, '4A', '13-0190-2', '13-0190-2', 'A', '4', '2019-01-09 10:31:27', '2019-01-09 10:31:27'),
(261, 288, '5B', '13-0191-1', '13-0191-1', 'B', '5', '2019-01-09 10:31:27', '2019-01-09 10:31:27'),
(76, 103, '2D', '13-0191-2', '13-0191-2', 'D', '2', '2019-01-09 10:31:27', '2019-01-09 10:31:27'),
(425, 452, '8A', '13-0192-2', '13-0192-2', 'A', '8', '2019-01-09 10:31:27', '2019-01-09 10:31:27'),
(51, 78, '2C', '13-0194-1', '13-0194-1', 'C', '2', '2019-01-09 10:31:27', '2019-01-09 10:31:27'),
(216, 243, '4C', '13-0195-1', '13-0195-1', 'C', '4', '2019-01-09 10:31:27', '2019-01-09 10:31:27'),
(239, 266, '5A', '13-0196-1', '13-0196-1', 'A', '5', '2019-01-09 10:31:27', '2019-01-09 10:31:27'),
(121, 148, '3B', '13-0196-2', '13-0196-2', 'B', '3', '2019-01-09 10:31:27', '2019-01-09 10:31:27'),
(99, 126, '3A', '13-0201-1', '13-0201-1', 'A', '3', '2019-01-09 10:31:27', '2019-01-09 10:31:27'),
(283, 310, '5C', '13-0202-1', '13-0202-1', 'C', '5', '2019-01-09 10:31:27', '2019-01-09 10:31:27'),
(96, 123, '3A', '13-0202-2', '13-0202-2', 'A', '3', '2019-01-09 10:31:27', '2019-01-09 10:31:27'),
(294, 321, '5D', '13-0203-1', '13-0203-1', 'D', '5', '2019-01-09 10:31:27', '2019-01-09 10:31:27'),
(442, 469, '8B', '13-0204-2', '13-0204-2', 'B', '8', '2019-01-09 10:31:27', '2019-01-09 10:31:27'),
(192, 219, '4B', '13-0206-1', '13-0206-1', 'B', '4', '2019-01-09 10:31:27', '2019-01-09 10:31:27'),
(71, 98, '2D', '13-0207-1', '13-0207-1', 'D', '2', '2019-01-09 10:31:27', '2019-01-09 10:31:27'),
(315, 342, '6A', '13-0208-2', '13-0208-2', 'A', '6', '2019-01-09 10:31:27', '2019-01-09 10:31:27'),
(210, 237, '4C', '13-0210-2', '13-0210-2', 'C', '4', '2019-01-09 10:31:27', '2019-01-09 10:31:27'),
(413, 440, '7C', '13-0213-1', '13-0213-1', 'C', '7', '2019-01-09 10:31:27', '2019-01-09 10:31:27'),
(276, 303, '5C', '13-0213-2', '13-0213-2', 'C', '5', '2019-01-09 10:31:27', '2019-01-09 10:31:27'),
(408, 435, '7C', '13-0215-1', '13-0215-1', 'C', '7', '2019-01-09 10:31:27', '2019-01-09 10:31:27'),
(361, 388, '6C', '13-0215-2', '13-0215-2', 'C', '6', '2019-01-09 10:31:27', '2019-01-09 10:31:27'),
(48, 75, '2C', '13-0215-3', '13-0215-3', 'C', '2', '2019-01-09 10:31:27', '2019-01-09 10:31:27'),
(212, 239, '4C', '13-0217-1', '13-0217-1', 'C', '4', '2019-01-09 10:31:27', '2019-01-09 10:31:27'),
(284, 311, '5C', '13-0217-2', '13-0217-2', 'C', '5', '2019-01-09 10:31:27', '2019-01-09 10:31:27'),
(193, 220, '4B', '13-0217-3', '13-0217-3', 'B', '4', '2019-01-09 10:31:27', '2019-01-09 10:31:27'),
(461, 488, '8C', '13-0219-1', '13-0219-1', 'C', '8', '2019-01-09 10:31:27', '2019-01-09 10:31:27'),
(450, 477, '8B', '13-0220-1', '13-0220-1', 'B', '8', '2019-01-09 10:31:27', '2019-01-09 10:31:27'),
(175, 202, '4A', '13-0220-2', '13-0220-2', 'A', '4', '2019-01-09 10:31:27', '2019-01-09 10:31:27'),
(467, 494, '8C', '13-0221-1', '13-0221-1', 'C', '8', '2019-01-09 10:31:27', '2019-01-09 10:31:27'),
(256, 283, '5B', '13-0221-2', '13-0221-2', 'B', '5', '2019-01-09 10:31:27', '2019-01-09 10:31:27'),
(73, 100, '2D', '13-0221-3', '13-0221-3', 'D', '2', '2019-01-09 10:31:27', '2019-01-09 10:31:27'),
(234, 261, '5A', '13-0222-1', '13-0222-1', 'A', '5', '2019-01-09 10:31:27', '2019-01-09 10:31:27'),
(235, 262, '5A', '13-0224-1', '13-0224-1', 'A', '5', '2019-01-09 10:31:27', '2019-01-09 10:31:27'),
(140, 167, '3C', '13-0224-2', '13-0224-2', 'C', '3', '2019-01-09 10:31:27', '2019-01-09 10:31:27'),
(296, 323, '5D', '13-0225-1', '13-0225-1', 'D', '5', '2019-01-09 10:31:27', '2019-01-09 10:31:27'),
(142, 169, '3C', '13-0226-1', '13-0226-1', 'C', '3', '2019-01-09 10:31:27', '2019-01-09 10:31:27'),
(340, 367, '6B', '13-0231-1', '13-0231-1', 'B', '6', '2019-01-09 10:31:27', '2019-01-09 10:31:27'),
(362, 389, '6C', '13-0232-1', '13-0232-1', 'C', '6', '2019-01-09 10:31:27', '2019-01-09 10:31:27'),
(120, 147, '3B', '13-0233-1', '13-0233-1', 'B', '3', '2019-01-09 10:31:27', '2019-01-09 10:31:27'),
(7, 33, '2A', '13-0233-2', '13-0233-2', 'A', '2', '2019-01-09 10:31:26', '2019-01-09 10:31:26'),
(148, 175, '3C', '13-0238-1', '13-0238-1', 'C', '3', '2019-01-09 10:31:27', '2019-01-09 10:31:27'),
(167, 194, '4A', '13-0240-1', '13-0240-1', 'A', '4', '2019-01-09 10:31:27', '2019-01-09 10:31:27'),
(264, 291, '5B', '13-0241-1', '13-0241-1', 'B', '5', '2019-01-09 10:31:27', '2019-01-09 10:31:27'),
(263, 290, '5B', '13-0243-1', '13-0243-1', 'B', '5', '2019-01-09 10:31:27', '2019-01-09 10:31:27'),
(55, 82, '2C', '13-0244-1', '13-0244-1', 'C', '2', '2019-01-09 10:31:27', '2019-01-09 10:31:27'),
(170, 197, '4A', '13-0245-1', '13-0245-1', 'A', '4', '2019-01-09 10:31:27', '2019-01-09 10:31:27'),
(260, 287, '5B', '13-0246-1', '13-0246-1', 'B', '5', '2019-01-09 10:31:27', '2019-01-09 10:31:27'),
(25, 52, '2B', '13-0248-1', '13-0248-1', 'B', '2', '2019-01-09 10:31:26', '2019-01-09 10:31:26'),
(298, 325, '5D', '13-0249-1', '13-0249-1', 'D', '5', '2019-01-09 10:31:27', '2019-01-09 10:31:27'),
(394, 421, '7B', '13-0250-2', '13-0250-2', 'B', '7', '2019-01-09 10:31:27', '2019-01-09 10:31:27'),
(278, 305, '5C', '13-0251-1', '13-0251-1', 'C', '5', '2019-01-09 10:31:27', '2019-01-09 10:31:27'),
(190, 217, '4B', '13-0251-2', '13-0251-2', 'B', '4', '2019-01-09 10:31:27', '2019-01-09 10:31:27'),
(168, 195, '4A', '13-0252-1', '13-0252-1', 'A', '4', '2019-01-09 10:31:27', '2019-01-09 10:31:27'),
(56, 83, '2C', '13-0252-2', '13-0252-2', 'C', '2', '2019-01-09 10:31:27', '2019-01-09 10:31:27'),
(363, 390, '6C', '13-0253-2', '13-0253-2', 'C', '6', '2019-01-09 10:31:27', '2019-01-09 10:31:27'),
(485, 512, '9A', '13-0255-2', '13-0255-2', 'A', '9', '2019-01-09 10:31:27', '2019-01-09 10:31:27'),
(280, 307, '5C', '13-0255-3', '13-0255-3', 'C', '5', '2019-01-09 10:31:27', '2019-01-09 10:31:27'),
(189, 216, '4B', '13-0256-1', '13-0256-1', 'B', '4', '2019-01-09 10:31:27', '2019-01-09 10:31:27'),
(297, 324, '5D', '13-0260-1', '13-0260-1', 'D', '5', '2019-01-09 10:31:27', '2019-01-09 10:31:27'),
(27, 54, '2B', '13-0263-1', '13-0263-1', 'B', '2', '2019-01-09 10:31:26', '2019-01-09 10:31:26'),
(275, 302, '5C', '13-0264-1', '13-0264-1', 'C', '5', '2019-01-09 10:31:27', '2019-01-09 10:31:27'),
(410, 437, '7C', '13-0266-1', '13-0266-1', 'C', '7', '2019-01-09 10:31:27', '2019-01-09 10:31:27'),
(273, 300, '5C', '13-0266-2', '13-0266-2', 'C', '5', '2019-01-09 10:31:27', '2019-01-09 10:31:27'),
(236, 263, '5A', '13-0267-1', '13-0267-1', 'A', '5', '2019-01-09 10:31:27', '2019-01-09 10:31:27'),
(149, 176, '3C', '13-0267-2', '13-0267-2', 'C', '3', '2019-01-09 10:31:27', '2019-01-09 10:31:27'),
(316, 343, '6A', '13-0268-1', '13-0268-1', 'A', '6', '2019-01-09 10:31:27', '2019-01-09 10:31:27'),
(118, 145, '3B', '13-0268-2', '13-0268-2', 'B', '3', '2019-01-09 10:31:27', '2019-01-09 10:31:27'),
(523, 550, '9C', '13-0269-1', '13-0269-1', 'C', '9', '2019-01-09 10:31:27', '2019-01-09 10:31:27'),
(506, 533, '9B', '13-0270-1', '13-0270-1', 'B', '9', '2019-01-09 10:31:27', '2019-01-09 10:31:27'),
(317, 344, '6A', '13-0278-2', '13-0278-2', 'A', '6', '2019-01-09 10:31:27', '2019-01-09 10:31:27'),
(528, 555, '9C', '13-0279-2', '13-0279-2', 'C', '9', '2019-01-09 10:31:27', '2019-01-09 10:31:27'),
(512, 539, '9B', '13-0283-1', '13-0283-1', 'B', '9', '2019-01-09 10:31:27', '2019-01-09 10:31:27'),
(318, 345, '6A', '13-0283-2', '13-0283-2', 'A', '6', '2019-01-09 10:31:27', '2019-01-09 10:31:27'),
(165, 192, '4A', '13-0284-1', '13-0284-1', 'A', '4', '2019-01-09 10:31:27', '2019-01-09 10:31:27'),
(95, 122, '3A', '13-0285-1', '13-0285-1', 'A', '3', '2019-01-09 10:31:27', '2019-01-09 10:31:27'),
(463, 490, '8C', '13-0287-1', '13-0287-1', 'C', '8', '2019-01-09 10:31:27', '2019-01-09 10:31:27'),
(93, 120, '3A', '13-0287-2', '13-0287-2', 'A', '3', '2019-01-09 10:31:27', '2019-01-09 10:31:27'),
(70, 97, '2D', '13-0288-1', '13-0288-1', 'D', '2', '2019-01-09 10:31:27', '2019-01-09 10:31:27'),
(487, 514, '9A', '13-0289-1', '13-0289-1', 'A', '9', '2019-01-09 10:31:27', '2019-01-09 10:31:27'),
(396, 423, '7B', '13-0289-2', '13-0289-2', 'B', '7', '2019-01-09 10:31:27', '2019-01-09 10:31:27'),
(299, 326, '5D', '13-0291-1', '13-0291-1', 'D', '5', '2019-01-09 10:31:27', '2019-01-09 10:31:27'),
(52, 79, '2C', '13-0291-2', '13-0291-2', 'C', '2', '2019-01-09 10:31:27', '2019-01-09 10:31:27'),
(341, 368, '6B', '13-0294-1', '13-0294-1', 'B', '6', '2019-01-09 10:31:27', '2019-01-09 10:31:27'),
(417, 444, '7C', '13-0301-1', '13-0301-1', 'C', '7', '2019-01-09 10:31:27', '2019-01-09 10:31:27'),
(319, 346, '6A', '13-0302-1', '13-0302-1', 'A', '6', '2019-01-09 10:31:27', '2019-01-09 10:31:27'),
(386, 413, '7A', '13-0305-2', '13-0305-2', 'A', '7', '2019-01-09 10:31:27', '2019-01-09 10:31:27'),
(407, 434, '7C', '13-0309-1', '13-0309-1', 'C', '7', '2019-01-09 10:31:27', '2019-01-09 10:31:27'),
(209, 236, '4C', '13-0309-2', '13-0309-2', 'C', '4', '2019-01-09 10:31:27', '2019-01-09 10:31:27'),
(451, 478, '8B', '13-0310-2', '13-0310-2', 'B', '8', '2019-01-09 10:31:27', '2019-01-09 10:31:27'),
(320, 347, '6A', '13-0312-1', '13-0312-1', 'A', '6', '2019-01-09 10:31:27', '2019-01-09 10:31:27'),
(213, 240, '4C', '13-0312-2', '13-0312-2', 'C', '4', '2019-01-09 10:31:27', '2019-01-09 10:31:27'),
(31, 58, '2B', '13-0313-1', '13-0313-1', 'B', '2', '2019-01-09 10:31:26', '2019-01-09 10:31:26'),
(364, 391, '6C', '13-0324-2', '13-0324-2', 'C', '6', '2019-01-09 10:31:27', '2019-01-09 10:31:27'),
(504, 531, '9B', '13-0327-1', '13-0327-1', 'B', '9', '2019-01-09 10:31:27', '2019-01-09 10:31:27'),
(194, 221, '4B', '13-0328-2', '13-0328-2', 'B', '4', '2019-01-09 10:31:27', '2019-01-09 10:31:27'),
(306, 333, '5D', '13-0329-1', '13-0329-1', 'D', '5', '2019-01-09 10:31:27', '2019-01-09 10:31:27'),
(94, 121, '3A', '13-0331-1', '13-0331-1', 'A', '3', '2019-01-09 10:31:27', '2019-01-09 10:31:27'),
(72, 99, '2D', '13-0338-1', '13-0338-1', 'D', '2', '2019-01-09 10:31:27', '2019-01-09 10:31:27'),
(243, 270, '5A', '13-0339-1', '13-0339-1', 'A', '5', '2019-01-09 10:31:27', '2019-01-09 10:31:27'),
(50, 77, '2C', '13-0341-1', '13-0341-1', 'C', '2', '2019-01-09 10:31:27', '2019-01-09 10:31:27'),
(30, 57, '2B', '13-0342-1', '13-0342-1', 'B', '2', '2019-01-09 10:31:26', '2019-01-09 10:31:26'),
(28, 55, '2B', '13-0345-1', '13-0345-1', 'B', '2', '2019-01-09 10:31:26', '2019-01-09 10:31:26'),
(321, 348, '6A', '13-0346-3', '13-0346-3', 'A', '6', '2019-01-09 10:31:27', '2019-01-09 10:31:27'),
(253, 280, '5B', '13-0347-3', '13-0347-3', 'B', '5', '2019-01-09 10:31:27', '2019-01-09 10:31:27'),
(92, 119, '3A', '13-0347-4', '13-0347-4', 'A', '3', '2019-01-09 10:31:27', '2019-01-09 10:31:27'),
(259, 286, '5B', '13-0352-1', '13-0352-1', 'B', '5', '2019-01-09 10:31:27', '2019-01-09 10:31:27'),
(6, 32, '2A', '13-0352-2', '13-0352-2', 'A', '2', '2019-01-09 10:31:26', '2019-01-09 10:31:26'),
(505, 532, '9B', '13-0353-1', '13-0353-1', 'B', '9', '2019-01-09 10:31:27', '2019-01-09 10:31:27'),
(242, 269, '5A', '13-0353-2', '13-0353-2', 'A', '5', '2019-01-09 10:31:27', '2019-01-09 10:31:27'),
(282, 309, '5C', '13-0355-1', '13-0355-1', 'C', '5', '2019-01-09 10:31:27', '2019-01-09 10:31:27'),
(303, 330, '5D', '13-0356-1', '13-0356-1', 'D', '5', '2019-01-09 10:31:27', '2019-01-09 10:31:27'),
(285, 312, '5C', '13-0358-1', '13-0358-1', 'C', '5', '2019-01-09 10:31:27', '2019-01-09 10:31:27'),
(123, 150, '3B', '13-0358-2', '13-0358-2', 'B', '3', '2019-01-09 10:31:27', '2019-01-09 10:31:27'),
(426, 453, '8A', '13-0359-1', '13-0359-1', 'A', '8', '2019-01-09 10:31:27', '2019-01-09 10:31:27'),
(379, 406, '7A', '13-0359-2', '13-0359-2', 'A', '7', '2019-01-09 10:31:27', '2019-01-09 10:31:27'),
(100, 127, '3A', '13-0360-1', '13-0360-1', 'A', '3', '2019-01-09 10:31:27', '2019-01-09 10:31:27'),
(397, 424, '7B', '13-0361-1', '13-0361-1', 'B', '7', '2019-01-09 10:31:27', '2019-01-09 10:31:27'),
(365, 392, '6C', '13-0362-1', '13-0362-1', 'C', '6', '2019-01-09 10:31:27', '2019-01-09 10:31:27'),
(304, 331, '5D', '13-0362-2', '13-0362-2', 'D', '5', '2019-01-09 10:31:27', '2019-01-09 10:31:27'),
(244, 271, '5A', '13-0363-1', '13-0363-1', 'A', '5', '2019-01-09 10:31:27', '2019-01-09 10:31:27'),
(222, 249, '4C', '13-0363-2', '13-0363-2', 'C', '4', '2019-01-09 10:31:27', '2019-01-09 10:31:27'),
(173, 200, '4A', '13-0365-2', '13-0365-2', 'A', '4', '2019-01-09 10:31:27', '2019-01-09 10:31:27'),
(470, 497, '8C', '13-0367-1', '13-0367-1', 'C', '8', '2019-01-09 10:31:27', '2019-01-09 10:31:27'),
(301, 328, '5D', '13-0367-2', '13-0367-2', 'D', '5', '2019-01-09 10:31:27', '2019-01-09 10:31:27'),
(302, 329, '5D', '13-0368-2', '13-0368-2', 'D', '5', '2019-01-09 10:31:27', '2019-01-09 10:31:27'),
(11, 37, '2A', '13-0369-1', '13-0369-1', 'A', '2', '2019-01-09 10:31:26', '2019-01-09 10:31:26'),
(513, 540, '9B', '13-0371-1', '13-0371-1', 'B', '9', '2019-01-09 10:31:27', '2019-01-09 10:31:27'),
(342, 369, '6B', '13-0371-2', '13-0371-2', 'B', '6', '2019-01-09 10:31:27', '2019-01-09 10:31:27'),
(146, 173, '3C', '13-0377-1', '13-0377-1', 'C', '3', '2019-01-09 10:31:27', '2019-01-09 10:31:27'),
(418, 445, '7C', '13-0379-1', '13-0379-1', 'C', '7', '2019-01-09 10:31:27', '2019-01-09 10:31:27'),
(281, 308, '5C', '13-0379-2', '13-0379-2', 'C', '5', '2019-01-09 10:31:27', '2019-01-09 10:31:27'),
(122, 149, '3B', '13-0379-3', '13-0379-3', 'B', '3', '2019-01-09 10:31:27', '2019-01-09 10:31:27'),
(529, 556, '9C', '13-0387-1', '13-0387-1', 'C', '9', '2019-01-09 10:31:27', '2019-01-09 10:31:27'),
(152, 179, '3C', '13-0387-2', '13-0387-2', 'C', '3', '2019-01-09 10:31:27', '2019-01-09 10:31:27'),
(145, 172, '3C', '13-0388-1', '13-0388-1', 'C', '3', '2019-01-09 10:31:27', '2019-01-09 10:31:27'),
(427, 454, '8A', '13-0389-1', '13-0389-1', 'A', '8', '2019-01-09 10:31:27', '2019-01-09 10:31:27'),
(509, 536, '9B', '13-0390-1', '13-0390-1', 'B', '9', '2019-01-09 10:31:27', '2019-01-09 10:31:27'),
(399, 426, '7B', '13-0391-2', '13-0391-2', 'B', '7', '2019-01-09 10:31:27', '2019-01-09 10:31:27'),
(241, 268, '5A', '13-0392-2', '13-0392-2', 'A', '5', '2019-01-09 10:31:27', '2019-01-09 10:31:27'),
(322, 349, '6A', '13-0395-1', '13-0395-1', 'A', '6', '2019-01-09 10:31:27', '2019-01-09 10:31:27'),
(366, 393, '6C', '13-0397-2', '13-0397-2', 'C', '6', '2019-01-09 10:31:27', '2019-01-09 10:31:27'),
(448, 475, '8B', '13-0403-1', '13-0403-1', 'B', '8', '2019-01-09 10:31:27', '2019-01-09 10:31:27'),
(530, 557, '9C', '13-0406-1', '13-0406-1', 'C', '9', '2019-01-09 10:31:27', '2019-01-09 10:31:27'),
(381, 408, '7A', '13-0406-2', '13-0406-2', 'A', '7', '2019-01-09 10:31:27', '2019-01-09 10:31:27'),
(195, 222, '4B', '13-0410-1', '13-0410-1', 'B', '4', '2019-01-09 10:31:27', '2019-01-09 10:31:27'),
(449, 476, '8B', '13-0412-2', '13-0412-2', 'B', '8', '2019-01-09 10:31:27', '2019-01-09 10:31:27'),
(471, 498, '8C', '13-0413-2', '13-0413-2', 'C', '8', '2019-01-09 10:31:27', '2019-01-09 10:31:27'),
(323, 350, '6A', '13-0421-1', '13-0421-1', 'A', '6', '2019-01-09 10:31:27', '2019-01-09 10:31:27'),
(124, 151, '3B', '14-0003-1', '14-0003-1', 'B', '3', '2019-01-09 10:31:27', '2019-01-09 10:31:27'),
(178, 205, '4A', '14-0005-1', '14-0005-1', 'A', '4', '2019-01-09 10:31:27', '2019-01-09 10:31:27'),
(33, 60, '2B', '14-0005-2', '14-0005-2', 'B', '2', '2019-01-09 10:31:26', '2019-01-09 10:31:26'),
(179, 206, '4A', '14-0008-2', '14-0008-2', 'A', '4', '2019-01-09 10:31:27', '2019-01-09 10:31:27'),
(171, 198, '4A', '14-0010-1', '14-0010-1', 'A', '4', '2019-01-09 10:31:27', '2019-01-09 10:31:27'),
(515, 542, '9B', '14-0012-1', '14-0012-1', 'B', '9', '2019-01-09 10:31:27', '2019-01-09 10:31:27'),
(166, 193, '4A', '14-0014-1', '14-0014-1', 'A', '4', '2019-01-09 10:31:27', '2019-01-09 10:31:27'),
(492, 519, '9A', '14-0016-2', '14-0016-2', 'A', '9', '2019-01-09 10:31:27', '2019-01-09 10:31:27'),
(180, 207, '4A', '14-0023-1', '14-0023-1', 'A', '4', '2019-01-09 10:31:27', '2019-01-09 10:31:27'),
(218, 245, '4C', '14-0024-1', '14-0024-1', 'C', '4', '2019-01-09 10:31:27', '2019-01-09 10:31:27'),
(177, 204, '4A', '14-0033-1', '14-0033-1', 'A', '4', '2019-01-09 10:31:27', '2019-01-09 10:31:27'),
(265, 292, '5B', '14-0036-1', '14-0036-1', 'B', '5', '2019-01-09 10:31:27', '2019-01-09 10:31:27'),
(101, 128, '3A', '14-0036-2', '14-0036-2', 'A', '3', '2019-01-09 10:31:27', '2019-01-09 10:31:27'),
(266, 293, '5B', '14-0042-1', '14-0042-1', 'B', '5', '2019-01-09 10:31:27', '2019-01-09 10:31:27'),
(324, 351, '6A', '14-0049-1', '14-0049-1', 'A', '6', '2019-01-09 10:31:27', '2019-01-09 10:31:27'),
(41, 68, '2B', '14-0049-2', '14-0049-2', 'B', '2', '2019-01-09 10:31:26', '2019-01-09 10:31:26'),
(454, 481, '8B', '14-0051-2', '14-0051-2', 'B', '8', '2019-01-09 10:31:27', '2019-01-09 10:31:27'),
(516, 543, '9B', '14-0052-1', '14-0052-1', 'B', '9', '2019-01-09 10:31:27', '2019-01-09 10:31:27'),
(102, 129, '3A', '14-0056-1', '14-0056-1', 'A', '3', '2019-01-09 10:31:27', '2019-01-09 10:31:27'),
(12, 38, '2A', '14-0057-1', '14-0057-1', 'A', '2', '2019-01-09 10:31:26', '2019-01-09 10:31:26'),
(220, 247, '4C', '14-0060-1', '14-0060-1', 'C', '4', '2019-01-09 10:31:27', '2019-01-09 10:31:27'),
(401, 428, '7B', '14-0070-2', '14-0070-2', 'B', '7', '2019-01-09 10:31:27', '2019-01-09 10:31:27'),
(79, 106, '2D', '14-0070-3', '14-0070-3', 'D', '2', '2019-01-09 10:31:27', '2019-01-09 10:31:27'),
(223, 250, '4C', '14-0071-2', '14-0071-2', 'C', '4', '2019-01-09 10:31:27', '2019-01-09 10:31:27'),
(474, 501, '8C', '14-0072-2', '14-0072-2', 'C', '8', '2019-01-09 10:31:27', '2019-01-09 10:31:27'),
(267, 294, '5B', '14-0072-3', '14-0072-3', 'B', '5', '2019-01-09 10:31:27', '2019-01-09 10:31:27'),
(198, 225, '4B', '14-0073-1', '14-0073-1', 'B', '4', '2019-01-09 10:31:27', '2019-01-09 10:31:27'),
(125, 152, '3B', '14-0078-1', '14-0078-1', 'B', '3', '2019-01-09 10:31:27', '2019-01-09 10:31:27'),
(491, 518, '9A', '14-0080-1', '14-0080-1', 'A', '9', '2019-01-09 10:31:27', '2019-01-09 10:31:27'),
(382, 409, '7A', '14-0082-1', '14-0082-1', 'A', '7', '2019-01-09 10:31:27', '2019-01-09 10:31:27'),
(80, 107, '2D', '14-0083-1', '14-0083-1', 'D', '2', '2019-01-09 10:31:27', '2019-01-09 10:31:27'),
(429, 456, '8A', '14-0085-1', '14-0085-1', 'A', '8', '2019-01-09 10:31:27', '2019-01-09 10:31:27'),
(367, 394, '6C', '14-0085-2', '14-0085-2', 'C', '6', '2019-01-09 10:31:27', '2019-01-09 10:31:27'),
(81, 108, '2D', '14-0086-1', '14-0086-1', 'D', '2', '2019-01-09 10:31:27', '2019-01-09 10:31:27'),
(400, 427, '7B', '14-0087-1', '14-0087-1', 'B', '7', '2019-01-09 10:31:27', '2019-01-09 10:31:27'),
(182, 209, '4A', '14-0088-3', '14-0088-3', 'A', '4', '2019-01-09 10:31:27', '2019-01-09 10:31:27'),
(384, 411, '7A', '14-0093-2', '14-0093-2', 'A', '7', '2019-01-09 10:31:27', '2019-01-09 10:31:27'),
(34, 61, '2B', '14-0096-1', '14-0096-1', 'B', '2', '2019-01-09 10:31:26', '2019-01-09 10:31:26'),
(383, 410, '7A', '14-0099-1', '14-0099-1', 'A', '7', '2019-01-09 10:31:27', '2019-01-09 10:31:27'),
(199, 226, '4B', '14-0102-1', '14-0102-1', 'B', '4', '2019-01-09 10:31:27', '2019-01-09 10:31:27'),
(126, 153, '3B', '14-0111-1', '14-0111-1', 'B', '3', '2019-01-09 10:31:27', '2019-01-09 10:31:27'),
(181, 208, '4A', '14-0116-1', '14-0116-1', 'A', '4', '2019-01-09 10:31:27', '2019-01-09 10:31:27'),
(455, 482, '8B', '14-0116-2', '14-0116-2', 'B', '8', '2019-01-09 10:31:27', '2019-01-09 10:31:27'),
(325, 352, '6A', '14-0120-1', '14-0120-1', 'A', '6', '2019-01-09 10:31:27', '2019-01-09 10:31:27'),
(103, 130, '3A', '14-0125-1', '14-0125-1', 'A', '3', '2019-01-09 10:31:27', '2019-01-09 10:31:27'),
(430, 457, '8A', '14-0128-1', '14-0128-1', 'A', '8', '2019-01-09 10:31:27', '2019-01-09 10:31:27'),
(326, 353, '6A', '14-0128-2', '14-0128-2', 'A', '6', '2019-01-09 10:31:27', '2019-01-09 10:31:27'),
(130, 157, '3B', '14-0129-1', '14-0129-1', 'B', '3', '2019-01-09 10:31:27', '2019-01-09 10:31:27'),
(84, 111, '2D', '14-0134-1', '14-0134-1', 'D', '2', '2019-01-09 10:31:27', '2019-01-09 10:31:27'),
(532, 559, '9C', '14-0138-2', '14-0138-2', 'C', '9', '2019-01-09 10:31:27', '2019-01-09 10:31:27'),
(104, 131, '3A', '14-0140-1', '14-0140-1', 'A', '3', '2019-01-09 10:31:27', '2019-01-09 10:31:27'),
(343, 370, '6B', '14-0141-2', '14-0141-2', 'B', '6', '2019-01-09 10:31:27', '2019-01-09 10:31:27'),
(517, 544, '9B', '14-0142-1', '14-0142-1', 'B', '9', '2019-01-09 10:31:27', '2019-01-09 10:31:27'),
(404, 431, '7B', '14-0142-2', '14-0142-2', 'B', '7', '2019-01-09 10:31:27', '2019-01-09 10:31:27'),
(105, 132, '3A', '14-0146-1', '14-0146-1', 'A', '3', '2019-01-09 10:31:27', '2019-01-09 10:31:27'),
(58, 85, '2C', '14-0146-2', '14-0146-2', 'C', '2', '2019-01-09 10:31:27', '2019-01-09 10:31:27'),
(387, 414, '7A', '14-0157-1', '14-0157-1', 'A', '7', '2019-01-09 10:31:27', '2019-01-09 10:31:27'),
(245, 272, '5A', '14-0157-2', '14-0157-2', 'A', '5', '2019-01-09 10:31:27', '2019-01-09 10:31:27'),
(385, 412, '7A', '14-0160-1', '14-0160-1', 'A', '7', '2019-01-09 10:31:27', '2019-01-09 10:31:27'),
(419, 446, '7C', '14-0169-2', '14-0169-2', 'C', '7', '2019-01-09 10:31:27', '2019-01-09 10:31:27'),
(402, 429, '7B', '14-0169-3', '14-0169-3', 'B', '7', '2019-01-09 10:31:27', '2019-01-09 10:31:27'),
(533, 560, '9C', '14-0170-2', '14-0170-2', 'C', '9', '2019-01-09 10:31:27', '2019-01-09 10:31:27'),
(224, 251, '4C', '14-0170-3', '14-0170-3', 'C', '4', '2019-01-09 10:31:27', '2019-01-09 10:31:27'),
(35, 62, '2B', '15-0177-1', '15-0177-1', 'B', '2', '2019-01-09 10:31:26', '2019-01-09 10:31:26'),
(131, 158, '3B', '15-0179-1', '15-0179-1', 'B', '3', '2019-01-09 10:31:27', '2019-01-09 10:31:27'),
(128, 155, '3B', '15-0181-1', '15-0181-1', 'B', '3', '2019-01-09 10:31:27', '2019-01-09 10:31:27'),
(493, 520, '9A', '15-0182-1', '15-0182-1', 'A', '9', '2019-01-09 10:31:27', '2019-01-09 10:31:27'),
(150, 177, '3C', '15-0182-2', '15-0182-2', 'C', '3', '2019-01-09 10:31:27', '2019-01-09 10:31:27'),
(246, 273, '5A', '15-0185-2', '15-0185-2', 'A', '5', '2019-01-09 10:31:27', '2019-01-09 10:31:27'),
(494, 521, '9A', '15-0186-1', '15-0186-1', 'A', '9', '2019-01-09 10:31:27', '2019-01-09 10:31:27'),
(132, 159, '3B', '15-0189-1', '15-0189-1', 'B', '3', '2019-01-09 10:31:27', '2019-01-09 10:31:27'),
(475, 502, '8C', '15-0190-1', '15-0190-1', 'C', '8', '2019-01-09 10:31:27', '2019-01-09 10:31:27'),
(431, 458, '8A', '15-0192-1', '15-0192-1', 'A', '8', '2019-01-09 10:31:27', '2019-01-09 10:31:27'),
(247, 274, '5A', '15-0194-1', '15-0194-1', 'A', '5', '2019-01-09 10:31:27', '2019-01-09 10:31:27'),
(37, 64, '2B', '15-0194-2', '15-0194-2', 'B', '2', '2019-01-09 10:31:26', '2019-01-09 10:31:26'),
(344, 371, '6B', '15-0195-1', '15-0195-1', 'B', '6', '2019-01-09 10:31:27', '2019-01-09 10:31:27'),
(495, 522, '9A', '15-0198-1', '15-0198-1', 'A', '9', '2019-01-09 10:31:27', '2019-01-09 10:31:27'),
(420, 447, '7C', '15-0199-1', '15-0199-1', 'C', '7', '2019-01-09 10:31:27', '2019-01-09 10:31:27'),
(307, 334, '5D', '15-0199-2', '15-0199-2', 'D', '5', '2019-01-09 10:31:27', '2019-01-09 10:31:27'),
(36, 63, '2B', '15-0201-1', '15-0201-1', 'B', '2', '2019-01-09 10:31:26', '2019-01-09 10:31:26'),
(436, 463, '8A', '15-0201-2', '15-0201-2', 'A', '8', '2019-01-09 10:31:27', '2019-01-09 10:31:27'),
(106, 133, '3A', '15-0204-1', '15-0204-1', 'A', '3', '2019-01-09 10:31:27', '2019-01-09 10:31:27'),
(107, 134, '3A', '15-0207-1', '15-0207-1', 'A', '3', '2019-01-09 10:31:27', '2019-01-09 10:31:27'),
(345, 372, '6B', '15-0215-1', '15-0215-1', 'B', '6', '2019-01-09 10:31:27', '2019-01-09 10:31:27'),
(153, 180, '3C', '15-0215-2', '15-0215-2', 'C', '3', '2019-01-09 10:31:27', '2019-01-09 10:31:27'),
(421, 448, '7C', '15-0217-2', '15-0217-2', 'C', '7', '2019-01-09 10:31:27', '2019-01-09 10:31:27'),
(327, 354, '6A', '15-0217-3', '15-0217-3', 'A', '6', '2019-01-09 10:31:27', '2019-01-09 10:31:27'),
(154, 181, '3C', '15-0218-1', '15-0218-1', 'C', '3', '2019-01-09 10:31:27', '2019-01-09 10:31:27'),
(346, 373, '6B', '15-0219-2', '15-0219-2', 'B', '6', '2019-01-09 10:31:27', '2019-01-09 10:31:27'),
(155, 182, '3C', '15-0220-2', '15-0220-2', 'C', '3', '2019-01-09 10:31:27', '2019-01-09 10:31:27'),
(347, 374, '6B', '15-0223-1', '15-0223-1', 'B', '6', '2019-01-09 10:31:27', '2019-01-09 10:31:27'),
(403, 430, '7B', '15-0229-1', '15-0229-1', 'B', '7', '2019-01-09 10:31:27', '2019-01-09 10:31:27'),
(151, 178, '3C', '15-0231-1', '15-0231-1', 'C', '3', '2019-01-09 10:31:27', '2019-01-09 10:31:27'),
(127, 154, '3B', '15-0233-1', '15-0233-1', 'B', '3', '2019-01-09 10:31:27', '2019-01-09 10:31:27'),
(348, 375, '6B', '15-0234-1', '15-0234-1', 'B', '6', '2019-01-09 10:31:27', '2019-01-09 10:31:27'),
(83, 110, '2D', '15-0235-1', '15-0235-1', 'D', '2', '2019-01-09 10:31:27', '2019-01-09 10:31:27'),
(368, 395, '6C', '15-0236-1', '15-0236-1', 'C', '6', '2019-01-09 10:31:27', '2019-01-09 10:31:27'),
(136, 163, '3B', '15-0236-2', '15-0236-2', 'B', '3', '2019-01-09 10:31:27', '2019-01-09 10:31:27'),
(133, 160, '3B', '15-0239-1', '15-0239-1', 'B', '3', '2019-01-09 10:31:27', '2019-01-09 10:31:27'),
(349, 376, '6B', '15-0242-1', '15-0242-1', 'B', '6', '2019-01-09 10:31:27', '2019-01-09 10:31:27'),
(369, 396, '6C', '15-0244-1', '15-0244-1', 'C', '6', '2019-01-09 10:31:27', '2019-01-09 10:31:27'),
(432, 459, '8A', '15-0245-1', '15-0245-1', 'A', '8', '2019-01-09 10:31:27', '2019-01-09 10:31:27'),
(156, 183, '3C', '15-0246-1', '15-0246-1', 'C', '3', '2019-01-09 10:31:27', '2019-01-09 10:31:27'),
(422, 449, '7C', '15-0247-1', '15-0247-1', 'C', '7', '2019-01-09 10:31:27', '2019-01-09 10:31:27'),
(370, 397, '6C', '15-0250-1', '15-0250-1', 'C', '6', '2019-01-09 10:31:27', '2019-01-09 10:31:27'),
(57, 84, '2C', '15-0251-1', '15-0251-1', 'C', '2', '2019-01-09 10:31:27', '2019-01-09 10:31:27'),
(108, 135, '3A', '15-0254-1', '15-0254-1', 'A', '3', '2019-01-09 10:31:27', '2019-01-09 10:31:27'),
(157, 184, '3C', '15-0260-1', '15-0260-1', 'C', '3', '2019-01-09 10:31:27', '2019-01-09 10:31:27'),
(109, 136, '3A', '15-0261-1', '15-0261-1', 'A', '3', '2019-01-09 10:31:27', '2019-01-09 10:31:27'),
(286, 313, '5C', '15-0264-2', '15-0264-2', 'C', '5', '2019-01-09 10:31:27', '2019-01-09 10:31:27'),
(225, 252, '4C', '15-0266-1', '15-0266-1', 'C', '4', '2019-01-09 10:31:27', '2019-01-09 10:31:27'),
(82, 109, '2D', '15-0274-1', '15-0274-1', 'D', '2', '2019-01-09 10:31:27', '2019-01-09 10:31:27'),
(200, 227, '4B', '15-0279-1', '15-0279-1', 'B', '4', '2019-01-09 10:31:27', '2019-01-09 10:31:27'),
(371, 398, '6C', '15-0280-1', '15-0280-1', 'C', '6', '2019-01-09 10:31:27', '2019-01-09 10:31:27'),
(388, 415, '7A', '15-0281-2', '15-0281-2', 'A', '7', '2019-01-09 10:31:27', '2019-01-09 10:31:27'),
(85, 112, '2D', '15-0286-1', '15-0286-1', 'D', '2', '2019-01-09 10:31:27', '2019-01-09 10:31:27'),
(201, 228, '4B', '15-0293-1', '15-0293-1', 'B', '4', '2019-01-09 10:31:27', '2019-01-09 10:31:27'),
(60, 87, '2C', '15-0293-2', '15-0293-2', 'C', '2', '2019-01-09 10:31:27', '2019-01-09 10:31:27'),
(389, 416, '7A', '15-0325-2', '15-0325-2', 'A', '7', '2019-01-09 10:31:27', '2019-01-09 10:31:27'),
(496, 523, '9A', '16-0300-1', '16-0300-1', 'A', '9', '2019-01-09 10:31:27', '2019-01-09 10:31:27'),
(433, 460, '8A', '16-0301-1', '16-0301-1', 'A', '8', '2019-01-09 10:31:27', '2019-01-09 10:31:27'),
(309, 336, '5D', '16-0301-2', '16-0301-2', 'D', '5', '2019-01-09 10:31:27', '2019-01-09 10:31:27'),
(87, 114, '2D', '16-0301-3', '16-0301-3', 'D', '2', '2019-01-09 10:31:27', '2019-01-09 10:31:27'),
(534, 561, '9C', '16-0306-1', '16-0306-1', 'C', '9', '2019-01-09 10:31:27', '2019-01-09 10:31:27'),
(38, 65, '2B', '16-0308-1', '16-0308-1', 'B', '2', '2019-01-09 10:31:26', '2019-01-09 10:31:26'),
(39, 66, '2B', '16-0311-1', '16-0311-1', 'B', '2', '2019-01-09 10:31:26', '2019-01-09 10:31:26'),
(40, 67, '2B', '16-0314-1', '16-0314-1', 'B', '2', '2019-01-09 10:31:26', '2019-01-09 10:31:26'),
(328, 355, '6A', '16-0321-1', '16-0321-1', 'A', '6', '2019-01-09 10:31:27', '2019-01-09 10:31:27'),
(111, 138, '3A', '16-0321-2', '16-0321-2', 'A', '3', '2019-01-09 10:31:27', '2019-01-09 10:31:27'),
(536, 563, '9C', '16-0323-1', '16-0323-1', 'C', '9', '2019-01-09 10:31:27', '2019-01-09 10:31:27'),
(61, 88, '2C', '16-0327-1', '16-0327-1', 'C', '2', '2019-01-09 10:31:27', '2019-01-09 10:31:27'),
(14, 40, '2A', '16-0332-1', '16-0332-1', 'A', '2', '2019-01-09 10:31:26', '2019-01-09 10:31:26'),
(135, 162, '3B', '16-0336-1', '16-0336-1', 'B', '3', '2019-01-09 10:31:27', '2019-01-09 10:31:27'),
(350, 377, '6B', '16-0340-1', '16-0340-1', 'B', '6', '2019-01-09 10:31:27', '2019-01-09 10:31:27'),
(110, 137, '3A', '16-0340-2', '16-0340-2', 'A', '3', '2019-01-09 10:31:27', '2019-01-09 10:31:27'),
(519, 546, '9B', '16-0341-1', '16-0341-1', 'B', '9', '2019-01-09 10:31:27', '2019-01-09 10:31:27'),
(204, 231, '4B', '16-0341-2', '16-0341-2', 'B', '4', '2019-01-09 10:31:27', '2019-01-09 10:31:27'),
(62, 89, '2C', '16-0342-1', '16-0342-1', 'C', '2', '2019-01-09 10:31:27', '2019-01-09 10:31:27'),
(15, 41, '2A', '16-0343-1', '16-0343-1', 'A', '2', '2019-01-09 10:31:26', '2019-01-09 10:31:26'),
(351, 378, '6B', '16-0345-1', '16-0345-1', 'B', '6', '2019-01-09 10:31:27', '2019-01-09 10:31:27'),
(538, 565, '9C', '16-0347-1', '16-0347-1', 'C', '9', '2019-01-09 10:31:27', '2019-01-09 10:31:27'),
(16, 42, '2A', '16-0348-1', '16-0348-1', 'A', '2', '2019-01-09 10:31:26', '2019-01-09 10:31:26'),
(434, 461, '8A', '16-0349-2', '16-0349-2', 'A', '8', '2019-01-09 10:31:27', '2019-01-09 10:31:27'),
(352, 379, '6B', '16-0358-1', '16-0358-1', 'B', '6', '2019-01-09 10:31:27', '2019-01-09 10:31:27'),
(17, 43, '2A', '16-0358-2', '16-0358-2', 'A', '2', '2019-01-09 10:31:26', '2019-01-09 10:31:26'),
(86, 113, '2D', '16-0366-1', '16-0366-1', 'D', '2', '2019-01-09 10:31:27', '2019-01-09 10:31:27'),
(19, 45, '2A', '16-0367-1', '16-0367-1', 'A', '2', '2019-01-09 10:31:26', '2019-01-09 10:31:26'),
(18, 44, '2A', '16-0369-1', '16-0369-1', 'A', '2', '2019-01-09 10:31:26', '2019-01-09 10:31:26'),
(353, 380, '6B', '16-0372-1', '16-0372-1', 'B', '6', '2019-01-09 10:31:27', '2019-01-09 10:31:27'),
(535, 562, '9C', '16-0373-1', '16-0373-1', 'C', '9', '2019-01-09 10:31:27', '2019-01-09 10:31:27'),
(158, 185, '3C', '16-0374-1', '16-0374-1', 'C', '3', '2019-01-09 10:31:27', '2019-01-09 10:31:27'),
(159, 186, '3C', '16-0375-1', '16-0375-1', 'C', '3', '2019-01-09 10:31:27', '2019-01-09 10:31:27'),
(518, 545, '9B', '16-0380-1', '16-0380-1', 'B', '9', '2019-01-09 10:31:27', '2019-01-09 10:31:27'),
(308, 335, '5D', '16-0380-2', '16-0380-2', 'D', '5', '2019-01-09 10:31:27', '2019-01-09 10:31:27'),
(268, 295, '5B', '16-0381-1', '16-0381-1', 'B', '5', '2019-01-09 10:31:27', '2019-01-09 10:31:27'),
(42, 69, '2B', '16-0384-1', '16-0384-1', 'B', '2', '2019-01-09 10:31:26', '2019-01-09 10:31:26'),
(497, 524, '9A', '16-0386-1', '16-0386-1', 'A', '9', '2019-01-09 10:31:27', '2019-01-09 10:31:27'),
(20, 46, '2A', '16-0388-1', '16-0388-1', 'A', '2', '2019-01-09 10:31:26', '2019-01-09 10:31:26'),
(537, 564, '9C', '16-0390-2', '16-0390-2', 'C', '9', '2019-01-09 10:31:27', '2019-01-09 10:31:27'),
(63, 90, '2C', '16-0390-3', '16-0390-3', 'C', '2', '2019-01-09 10:31:27', '2019-01-09 10:31:27'),
(202, 229, '4B', '16-0406-2', '16-0406-2', 'B', '4', '2019-01-09 10:31:27', '2019-01-09 10:31:27'),
(44, 71, '2B', '16-0410-1', '16-0410-1', 'B', '2', '2019-01-09 10:31:26', '2019-01-09 10:31:26'),
(203, 230, '4B', '16-0412-2', '16-0412-2', 'B', '4', '2019-01-09 10:31:27', '2019-01-09 10:31:27'),
(112, 139, '3A', '16-0416-1', '16-0416-1', 'A', '3', '2019-01-09 10:31:27', '2019-01-09 10:31:27'),
(390, 417, '7A', '16-0417-1', '16-0417-1', 'A', '7', '2019-01-09 10:31:27', '2019-01-09 10:31:27'),
(183, 210, '4A', '16-0417-2', '16-0417-2', 'A', '4', '2019-01-09 10:31:27', '2019-01-09 10:31:27'),
(476, 503, '8C', '16-0421-2', '16-0421-2', 'C', '8', '2019-01-09 10:31:27', '2019-01-09 10:31:27'),
(226, 253, '4C', '16-0424-1', '16-0424-1', 'C', '4', '2019-01-09 10:31:27', '2019-01-09 10:31:27'),
(477, 504, '8C', '16-0426-1', '16-0426-1', 'C', '8', '2019-01-09 10:31:27', '2019-01-09 10:31:27'),
(287, 314, '5C', '16-0426-2', '16-0426-2', 'C', '5', '2019-01-09 10:31:27', '2019-01-09 10:31:27'),
(184, 211, '4A', '16-0427-2', '16-0427-2', 'A', '4', '2019-01-09 10:31:27', '2019-01-09 10:31:27'),
(160, 187, '3C', '16-0428-1', '16-0428-1', 'C', '3', '2019-01-09 10:31:27', '2019-01-09 10:31:27'),
(498, 525, '9A', '16-0429-1', '16-0429-1', 'A', '9', '2019-01-09 10:31:27', '2019-01-09 10:31:27'),
(499, 526, '9A', '16-0430-1', '16-0430-1', 'A', '9', '2019-01-09 10:31:27', '2019-01-09 10:31:27'),
(161, 188, '3C', '16-0431-2', '16-0431-2', 'C', '3', '2019-01-09 10:31:27', '2019-01-09 10:31:27'),
(288, 315, '5C', '16-0433-1', '16-0433-1', 'C', '5', '2019-01-09 10:31:27', '2019-01-09 10:31:27'),
(64, 91, '2C', '16-0435-1', '16-0435-1', 'C', '2', '2019-01-09 10:31:27', '2019-01-09 10:31:27'),
(65, 92, '2C', '16-0436-1', '16-0436-1', 'C', '2', '2019-01-09 10:31:27', '2019-01-09 10:31:27'),
(13, 39, '2A', '16-0437-1', '16-0437-1', 'A', '2', '2019-01-09 10:31:26', '2019-01-09 10:31:26'),
(539, 566, '9C', '16-0439-2', '16-0439-2', 'C', '9', '2019-01-09 10:31:27', '2019-01-09 10:31:27'),
(540, 567, '9C', '16-0442-1', '16-0442-1', 'C', '9', '2019-01-09 10:31:27', '2019-01-09 10:31:27'),
(227, 254, '4C', '16-0442-2', '16-0442-2', 'C', '4', '2019-01-09 10:31:27', '2019-01-09 10:31:27'),
(205, 232, '4B', '16-0442-3', '16-0442-3', 'B', '4', '2019-01-09 10:31:27', '2019-01-09 10:31:27'),
(207, 234, '4B', '16-0443-1', '16-0443-1', 'B', '4', '2019-01-09 10:31:27', '2019-01-09 10:31:27'),
(88, 115, '2D', '16-0443-2', '16-0443-2', 'D', '2', '2019-01-09 10:31:27', '2019-01-09 10:31:27'),
(89, 116, '2D', '16-0444-1', '16-0444-1', 'D', '2', '2019-01-09 10:31:27', '2019-01-09 10:31:27'),
(138, 165, '3B', '17-0701-1', '17-0701-1', 'B', '3', '2019-01-09 10:31:27', '2019-01-09 10:31:27'),
(249, 276, '5A', '17-0707-1', '17-0707-1', 'A', '5', '2019-01-09 10:31:27', '2019-01-09 10:31:27'),
(22, 48, '2A', '17-0707-2', '17-0707-2', 'A', '2', '2019-01-09 10:31:26', '2019-01-09 10:31:26'),
(45, 72, '2B', '17-0721-1', '17-0721-1', 'B', '2', '2019-01-09 10:31:26', '2019-01-09 10:31:26'),
(478, 505, '8C', '17-0723-1', '17-0723-1', 'C', '8', '2019-01-09 10:31:27', '2019-01-09 10:31:27'),
(437, 464, '8A', '17-0726-1', '17-0726-1', 'A', '8', '2019-01-09 10:31:27', '2019-01-09 10:31:27'),
(248, 275, '5A', '17-0728-2', '17-0728-2', 'A', '5', '2019-01-09 10:31:27', '2019-01-09 10:31:27'),
(113, 140, '3A', '17-0733-1', '17-0733-1', 'A', '3', '2019-01-09 10:31:27', '2019-01-09 10:31:27'),
(354, 381, '6B', '17-0738-1', '17-0738-1', 'B', '6', '2019-01-09 10:31:27', '2019-01-09 10:31:27'),
(229, 256, '4C', '17-0738-2', '17-0738-2', 'C', '4', '2019-01-09 10:31:27', '2019-01-09 10:31:27'),
(435, 462, '8A', '17-0745-1', '17-0745-1', 'A', '8', '2019-01-09 10:31:27', '2019-01-09 10:31:27'),
(456, 483, '8B', '17-0758-1', '17-0758-1', 'B', '8', '2019-01-09 10:31:27', '2019-01-09 10:31:27'),
(391, 418, '7A', '17-0758-3', '17-0758-3', 'A', '7', '2019-01-09 10:31:27', '2019-01-09 10:31:27'),
(329, 356, '6A', '17-0759-1', '17-0759-1', 'A', '6', '2019-01-09 10:31:27', '2019-01-09 10:31:27'),
(311, 338, '5D', '17-0759-2', '17-0759-2', 'D', '5', '2019-01-09 10:31:27', '2019-01-09 10:31:27'),
(480, 507, '8C', '17-0773-1', '17-0773-1', 'C', '8', '2019-01-09 10:31:27', '2019-01-09 10:31:27'),
(206, 233, '4B', '17-0785-1', '17-0785-1', 'B', '4', '2019-01-09 10:31:27', '2019-01-09 10:31:27'),
(438, 465, '8A', '17-0795-1', '17-0795-1', 'A', '8', '2019-01-09 10:31:27', '2019-01-09 10:31:27'),
(541, 568, '9C', '17-0800-1', '17-0800-1', 'C', '9', '2019-01-09 10:31:27', '2019-01-09 10:31:27'),
(250, 277, '5A', '17-0801-1', '17-0801-1', 'A', '5', '2019-01-09 10:31:27', '2019-01-09 10:31:27'),
(228, 255, '4C', '17-0806-1', '17-0806-1', 'C', '4', '2019-01-09 10:31:27', '2019-01-09 10:31:27'),
(21, 47, '2A', '17-0808-1', '17-0808-1', 'A', '2', '2019-01-09 10:31:26', '2019-01-09 10:31:26'),
(269, 296, '5B', '17-0809-1', '17-0809-1', 'B', '5', '2019-01-09 10:31:27', '2019-01-09 10:31:27'),
(457, 484, '8B', '17-0809-2', '17-0809-2', 'B', '8', '2019-01-09 10:31:27', '2019-01-09 10:31:27'),
(115, 142, '3A', '17-0812-1', '17-0812-1', 'A', '3', '2019-01-09 10:31:27', '2019-01-09 10:31:27'),
(405, 432, '7B', '17-0812-3', '17-0812-3', 'B', '7', '2019-01-09 10:31:27', '2019-01-09 10:31:27'),
(479, 506, '8C', '17-0814-2', '17-0814-2', 'C', '8', '2019-01-09 10:31:27', '2019-01-09 10:31:27'),
(330, 357, '6A', '17-0815-1', '17-0815-1', 'A', '6', '2019-01-09 10:31:27', '2019-01-09 10:31:27'),
(458, 485, '8B', '17-0819-1', '17-0819-1', 'B', '8', '2019-01-09 10:31:27', '2019-01-09 10:31:27'),
(289, 316, '5C', '17-0819-2', '17-0819-2', 'C', '5', '2019-01-09 10:31:27', '2019-01-09 10:31:27'),
(520, 547, '9B', '17-0820-1', '17-0820-1', 'B', '9', '2019-01-09 10:31:27', '2019-01-09 10:31:27'),
(500, 527, '9A', '17-0827-1', '17-0827-1', 'A', '9', '2019-01-09 10:31:27', '2019-01-09 10:31:27'),
(331, 358, '6A', '17-0828-1', '17-0828-1', 'A', '6', '2019-01-09 10:31:27', '2019-01-09 10:31:27'),
(139, 166, '3B', '17-0829-1', '17-0829-1', 'B', '3', '2019-01-09 10:31:27', '2019-01-09 10:31:27'),
(372, 399, '6C', '17-0832-2', '17-0832-2', 'C', '6', '2019-01-09 10:31:27', '2019-01-09 10:31:27'),
(137, 164, '3B', '17-0847-1', '17-0847-1', 'B', '3', '2019-01-09 10:31:27', '2019-01-09 10:31:27'),
(251, 278, '5A', '17-0848-1', '17-0848-1', 'A', '5', '2019-01-09 10:31:27', '2019-01-09 10:31:27'),
(172, 199, '4A', '17-0853-1', '17-0853-1', 'A', '4', '2019-01-09 10:31:27', '2019-01-09 10:31:27'),
(66, 93, '2C', '17-0855-1', '17-0855-1', 'C', '2', '2019-01-09 10:31:27', '2019-01-09 10:31:27'),
(332, 359, '6A', '17-0858-1', '17-0858-1', 'A', '6', '2019-01-09 10:31:27', '2019-01-09 10:31:27'),
(67, 94, '2C', '17-0858-2', '17-0858-2', 'C', '2', '2019-01-09 10:31:27', '2019-01-09 10:31:27'),
(208, 235, '4B', '18-0002-1', '18-0002-1', 'B', '4', '2019-01-09 10:31:27', '2019-01-09 10:31:27'),
(406, 433, '7B', '18-0901-1', '18-0901-1', 'B', '7', '2019-01-09 10:31:27', '2019-01-09 10:31:27'),
(185, 212, '4A', '18-0926-3', '18-0926-3', 'A', '4', '2019-01-09 10:31:27', '2019-01-09 10:31:27'),
(230, 257, '4C', '18-0933-1', '18-0933-1', 'C', '4', '2019-01-09 10:31:27', '2019-01-09 10:31:27'),
(333, 360, '6A', '18-0942-1', '18-0942-1', 'A', '6', '2019-01-09 10:31:27', '2019-01-09 10:31:27'),
(114, 141, '3A', '18-0942-2', '18-0942-2', 'A', '3', '2019-01-09 10:31:27', '2019-01-09 10:31:27'),
(46, 73, '2B', '18-0943-1', '18-0943-1', 'B', '2', '2019-01-09 10:31:26', '2019-01-09 10:31:26'),
(459, 486, '8B', '18-0951-1', '18-0951-1', 'B', '8', '2019-01-09 10:31:27', '2019-01-09 10:31:27'),
(501, 528, '9A', '18-0957-1', '18-0957-1', 'A', '9', '2019-01-09 10:31:27', '2019-01-09 10:31:27');
INSERT INTO `students` (`id`, `user_id`, `homeroom`, `matricula`, `code`, `group`, `grade`, `created_at`, `updated_at`) VALUES
(481, 508, '8C', '18-0975-1', '18-0975-1', 'C', '8', '2019-01-09 10:31:27', '2019-01-09 10:31:27'),
(373, 400, '6C', '18-0975-2', '18-0975-2', 'C', '6', '2019-01-09 10:31:27', '2019-01-09 10:31:27'),
(291, 318, '5C', '18-0977-1', '18-0977-1', 'C', '5', '2019-01-09 10:31:27', '2019-01-09 10:31:27'),
(163, 190, '3C', '18-0977-2', '18-0977-2', 'C', '3', '2019-01-09 10:31:27', '2019-01-09 10:31:27'),
(69, 96, '2C', '18-0990-1', '18-0990-1', 'C', '2', '2019-01-09 10:31:27', '2019-01-09 10:31:27'),
(270, 297, '5B', '18-0992-1', '18-0992-1', 'B', '5', '2019-01-09 10:31:27', '2019-01-09 10:31:27'),
(374, 401, '6C', '18-0994-1', '18-0994-1', 'C', '6', '2019-01-09 10:31:27', '2019-01-09 10:31:27'),
(90, 117, '2D', '18-1002-1', '18-1002-1', 'D', '2', '2019-01-09 10:31:27', '2019-01-09 10:31:27'),
(440, 467, '8A', '18-1003-2', '18-1003-2', 'A', '8', '2019-01-09 10:31:27', '2019-01-09 10:31:27'),
(460, 487, '8B', '18-1003-3', '18-1003-3', 'B', '8', '2019-01-09 10:31:27', '2019-01-09 10:31:27'),
(521, 548, '9B', '18-1004-1', '18-1004-1', 'B', '9', '2019-01-09 10:31:27', '2019-01-09 10:31:27'),
(162, 189, '3C', '18-1005-1', '18-1005-1', 'C', '3', '2019-01-09 10:31:27', '2019-01-09 10:31:27'),
(68, 95, '2C', '18-1006-1', '18-1006-1', 'C', '2', '2019-01-09 10:31:27', '2019-01-09 10:31:27'),
(23, 49, '2A', '18-1007-1', '18-1007-1', 'A', '2', '2019-01-09 10:31:26', '2019-01-09 10:31:26'),
(290, 317, '5C', '18-1009-1', '18-1009-1', 'C', '5', '2019-01-09 10:31:27', '2019-01-09 10:31:27'),
(441, 468, '8A', '18-1009-2', '18-1009-2', 'A', '8', '2019-01-09 10:31:27', '2019-01-09 10:31:27'),
(375, 402, '6C', '18-1010-1', '18-1010-1', 'C', '6', '2019-01-09 10:31:27', '2019-01-09 10:31:27'),
(334, 361, '6A', '18-1013-1', '18-1013-1', 'A', '6', '2019-01-09 10:31:27', '2019-01-09 10:31:27'),
(47, 74, '2B', '18-1014-1', '18-1014-1', 'B', '2', '2019-01-09 10:31:26', '2019-01-09 10:31:26'),
(439, 466, '8A', '18-1017-1', '18-1017-1', 'A', '8', '2019-01-09 10:31:27', '2019-01-09 10:31:27'),
(502, 529, '9A', '18-1025-1', '18-1025-1', 'A', '9', '2019-01-09 10:31:27', '2019-01-09 10:31:27'),
(43, 70, '2B', '18-1027-1', '18-1027-1', 'B', '2', '2019-01-09 10:31:26', '2019-01-09 10:31:26'),
(310, 337, '5D', '18-1028-1', '18-1028-1', 'D', '5', '2019-01-09 10:31:27', '2019-01-09 10:31:27'),
(231, 258, '4C', '18-1030-1', '18-1030-1', 'C', '4', '2019-01-09 10:31:27', '2019-01-09 10:31:27'),
(271, 298, '5B', '18-1035-1', '18-1035-1', 'B', '5', '2019-01-09 10:31:27', '2019-01-09 10:31:27'),
(186, 213, '4A', '18-1037-1', '18-1037-1', 'A', '4', '2019-01-09 10:31:27', '2019-01-09 10:31:27'),
(376, 403, '6C', '18-1041-1', '18-1041-1', 'C', '6', '2019-01-09 10:31:27', '2019-01-09 10:31:27'),
(522, 549, '9B', '18-1043-1', '18-1043-1', 'B', '9', '2019-01-09 10:31:27', '2019-01-09 10:31:27'),
(24, 50, '2A', '18-1044-1', '18-1044-1', 'A', '2', '2019-01-09 10:31:26', '2019-01-09 10:31:26');

-- --------------------------------------------------------

--
-- Estructura de tabla para la tabla `subjects`
--

CREATE TABLE `subjects` (
  `id` int(10) UNSIGNED NOT NULL,
  `user_id` int(10) UNSIGNED NOT NULL,
  `workshop_id` int(10) UNSIGNED NOT NULL,
  `name` varchar(191) COLLATE utf8mb4_unicode_ci NOT NULL,
  `start_time` time NOT NULL,
  `end_time` time NOT NULL,
  `year_id` int(10) UNSIGNED NOT NULL,
  `category` varchar(191) COLLATE utf8mb4_unicode_ci NOT NULL,
  `gender` varchar(191) COLLATE utf8mb4_unicode_ci NOT NULL,
  `created_at` timestamp NULL DEFAULT NULL,
  `updated_at` timestamp NULL DEFAULT NULL
) ENGINE=InnoDB DEFAULT CHARSET=utf8mb4 COLLATE=utf8mb4_unicode_ci;

--
-- Volcado de datos para la tabla `subjects`
--

INSERT INTO `subjects` (`id`, `user_id`, `workshop_id`, `name`, `start_time`, `end_time`, `year_id`, `category`, `gender`, `created_at`, `updated_at`) VALUES
(1, 8, 1, 'Acuarela Elementary 2 y 3', '11:40:00', '12:20:00', 2, '0000', 'A', '2019-01-07 12:16:16', '2019-01-07 12:16:16'),
(2, 9, 7, 'Ajedrez Elementary 2 y 3', '11:40:00', '12:20:00', 2, '0000', 'A', '2019-01-07 12:16:16', '2019-01-07 12:16:16'),
(3, 10, 16, 'Atletismo Elementary 2 y 3', '11:40:00', '12:20:00', 2, '0000', 'A', '2019-01-07 12:16:16', '2019-01-07 12:16:16'),
(4, 11, 24, 'Body Elementary 2 y 3 ', '11:40:00', '12:20:00', 2, '0000', 'A', '2019-01-07 12:16:16', '2019-01-07 12:16:16'),
(5, 12, 4, 'Dibujo Elementary 2 y 3 ', '11:40:00', '12:20:00', 2, '0000', 'A', '2019-01-07 12:16:16', '2019-01-07 12:16:16'),
(6, 13, 2, 'Flamenco Elementary 2 y 3', '11:40:00', '12:20:00', 2, '0000', 'A', '2019-01-07 12:16:16', '2019-01-07 12:16:16'),
(7, 14, 3, 'Futbol Elementary 2 y 3  ', '11:40:00', '12:20:00', 2, '0000', 'A', '2019-01-07 12:16:16', '2019-01-07 12:16:16'),
(8, 15, 17, 'Gimnasia Elementary 2 y 3', '11:40:00', '12:20:00', 2, '0000', 'A', '2019-01-07 12:16:16', '2019-01-07 12:16:16'),
(9, 16, 18, 'Guitarra Elementary 2 y 3', '11:40:00', '12:20:00', 2, '0000', 'A', '2019-01-07 12:16:16', '2019-01-07 12:16:16'),
(10, 17, 8, 'Hip hop Elementary 2 y 3', '11:40:00', '12:40:00', 2, '0000', 'A', '2019-01-07 12:16:16', '2019-01-07 12:16:16'),
(11, 18, 9, 'Jazz Elementary 2 y 3', '11:40:00', '12:20:00', 2, '0000', 'A', '2019-01-07 12:16:16', '2019-01-07 12:16:16'),
(12, 14, 6, 'Karate Elementary 2 y 3', '11:40:00', '12:20:00', 2, '0000', 'A', '2019-01-07 12:16:16', '2019-01-07 12:16:16'),
(13, 28, 15, 'Plastilina Elementary 2', '11:40:00', '12:20:00', 2, '0000', 'A', '2019-01-07 12:16:16', '2019-01-07 12:16:16'),
(14, 21, 14, 'Tambores Elementary 2 y 3', '11:40:00', '12:20:00', 2, '0000', 'A', '2019-01-07 12:16:16', '2019-01-07 12:16:16'),
(15, 22, 25, 'Tenis Elementary 2 y 3', '11:40:00', '12:20:00', 2, '0000', 'A', '2019-01-07 12:16:16', '2019-01-07 12:16:16'),
(16, 29, 5, 'Tocho Elementary 2 y 3', '11:40:00', '12:20:00', 2, '0000', 'A', '2019-01-07 12:16:16', '2019-01-07 12:16:16'),
(17, 9, 7, 'Elementary 4 y 5', '12:20:00', '13:00:00', 2, '0000', 'A', '2019-01-07 12:16:16', '2019-01-07 12:16:16'),
(18, 24, 20, 'Elementary 4 y 5', '12:20:00', '13:00:00', 2, '0000', 'A', '2019-01-07 12:16:16', '2019-01-07 12:16:16'),
(19, 10, 11, 'Elementary 4 y 5', '12:20:00', '13:00:00', 2, '0000', 'A', '2019-01-07 12:16:16', '2019-01-07 12:16:16'),
(20, 12, 4, 'Elementary 4 y 5', '12:20:00', '13:00:00', 2, '0000', 'A', '2019-01-07 12:16:16', '2019-01-07 12:16:16'),
(21, 19, 12, 'Elementary 4 y 5', '12:20:00', '13:00:00', 2, '0000', 'A', '2019-01-07 12:16:16', '2019-01-07 12:16:16'),
(22, 14, 3, 'Elementary 4 y 5', '12:20:00', '13:00:00', 2, '0000', 'A', '2019-01-07 12:16:16', '2019-01-07 12:16:16'),
(23, 15, 17, 'Elementary 4 y 5', '12:20:00', '13:00:00', 2, '0000', 'A', '2019-01-07 12:16:16', '2019-01-07 12:16:16'),
(24, 16, 19, 'Elementary 4 y 5', '12:20:00', '13:00:00', 2, '0000', 'A', '2019-01-07 12:16:16', '2019-01-07 12:16:16'),
(25, 17, 8, 'Elementary 4 y 5', '12:20:00', '13:00:00', 2, '0000', 'A', '2019-01-07 12:16:16', '2019-01-07 12:16:16'),
(26, 18, 9, 'Elementary 4 y 5', '12:20:00', '13:00:00', 2, '0000', 'A', '2019-01-07 12:16:16', '2019-01-07 12:16:16'),
(27, 28, 15, 'Elementary 4 y 5', '12:20:00', '13:00:00', 2, '0000', 'A', '2019-01-07 12:16:16', '2019-01-07 12:16:16'),
(28, 21, 14, 'Elementary 4 y 5 ', '12:20:00', '13:00:00', 2, '0000', 'A', '2019-01-07 12:16:16', '2019-01-07 12:16:16'),
(29, 13, 23, 'Elementary 4 y 5', '12:20:00', '13:00:00', 2, '0000', 'A', '2019-01-07 12:16:16', '2019-01-07 12:16:16'),
(30, 29, 5, 'Elementary 4 y 5', '12:20:00', '13:00:00', 2, '0000', 'A', '2019-01-07 12:16:16', '2019-01-07 12:16:16'),
(31, 9, 7, 'AJD 6 a 9', '13:45:00', '14:35:00', 2, '0000', 'A', '2019-01-07 12:16:16', '2019-01-07 12:16:16'),
(32, 10, 11, 'ATL 6 a 9', '13:45:00', '14:35:00', 2, '0000', 'A', '2019-01-07 12:16:16', '2019-01-07 12:16:16'),
(33, 24, 20, 'ARTV 6 a 9', '13:45:00', '14:35:00', 2, '0000', 'A', '2019-01-07 12:16:16', '2019-01-07 12:16:16'),
(34, 19, 12, 'DFP 6 a 9', '13:45:00', '14:35:00', 2, '0000', 'A', '2019-01-07 12:16:16', '2019-01-07 12:16:16'),
(35, 12, 13, 'DIBM 6 a 9', '13:45:00', '14:35:00', 2, '0000', 'A', '2019-01-07 12:16:16', '2019-01-07 12:16:16'),
(36, 25, 22, 'ENFIS 6 a 9', '13:45:00', '14:35:00', 2, '0000', 'A', '2019-01-07 12:16:16', '2019-01-07 12:16:16'),
(37, 14, 3, 'FUT 6 a 9', '13:45:00', '14:35:00', 2, '0000', 'A', '2019-01-07 12:16:16', '2019-01-07 12:16:16'),
(38, 15, 17, 'GIMN 6 a 9', '13:45:00', '14:35:00', 2, '0000', 'A', '2019-01-07 12:16:16', '2019-01-07 12:16:16'),
(39, 16, 19, 'GUIUK 6 a 9', '13:45:00', '14:35:00', 2, '0000', 'A', '2019-01-07 12:16:16', '2019-01-07 12:16:16'),
(40, 17, 9, 'JAZZ 6 a 9', '13:45:00', '14:35:00', 2, '0000', 'A', '2019-01-07 12:16:16', '2019-01-07 12:16:16'),
(41, 20, 15, 'PLST 6 a 9', '13:45:00', '14:35:00', 2, '0000', 'A', '2019-01-07 12:16:16', '2019-01-07 12:16:16'),
(42, 27, 10, 'ROBT 6 a 9', '13:45:00', '14:35:00', 2, '0000', 'A', '2019-01-07 12:16:16', '2019-01-07 12:16:16'),
(43, 21, 14, 'TAMB 6 a 9', '13:45:00', '14:35:00', 2, '0000', 'A', '2019-01-07 12:16:16', '2019-01-07 12:16:16'),
(44, 13, 21, 'RD 6 a 9', '13:45:00', '14:35:00', 2, '0000', 'A', '2019-01-07 12:16:16', '2019-01-07 12:16:16'),
(45, 29, 5, 'TCHBN 6 a 9', '13:45:00', '14:35:00', 2, '0000', 'A', '2019-01-07 12:16:16', '2019-01-07 12:16:16'),
(46, 28, 15, 'PLST 6 a 9', '13:45:00', '14:35:00', 2, '0000', 'A', '2019-01-07 12:16:16', '2019-01-07 12:16:16'),
(47, 26, 3, 'FUT 6 a 9', '13:45:00', '14:35:00', 2, '0000', 'A', '2019-01-07 12:16:16', '2019-01-07 12:16:16'),
(48, 20, 15, 'Elementary Plastilina 3', '11:40:00', '12:20:00', 2, '0000', 'A', '2019-01-07 12:16:16', '2019-01-07 12:16:16'),
(49, 20, 15, 'Elementary 5', '12:20:00', '13:00:00', 2, '0000', 'A', '2019-01-07 12:16:16', '2019-01-07 12:16:16');

-- --------------------------------------------------------

--
-- Estructura de tabla para la tabla `tags`
--

CREATE TABLE `tags` (
  `id` int(10) UNSIGNED NOT NULL,
  `name` varchar(191) COLLATE utf8mb4_unicode_ci NOT NULL,
  `created_at` timestamp NULL DEFAULT NULL,
  `updated_at` timestamp NULL DEFAULT NULL
) ENGINE=InnoDB DEFAULT CHARSET=utf8mb4 COLLATE=utf8mb4_unicode_ci;

-- --------------------------------------------------------

--
-- Estructura de tabla para la tabla `tickets`
--

CREATE TABLE `tickets` (
  `id` int(10) UNSIGNED NOT NULL,
  `description` varchar(191) COLLATE utf8mb4_unicode_ci NOT NULL,
  `send_datetime` datetime NOT NULL,
  `end_datetime` datetime NOT NULL,
  `avg_datetime` varchar(191) COLLATE utf8mb4_unicode_ci NOT NULL,
  `civil_protection` int(11) NOT NULL,
  `bind_ticket` int(10) UNSIGNED NOT NULL,
  `status_id` int(10) UNSIGNED NOT NULL,
  `solution` varchar(191) COLLATE utf8mb4_unicode_ci NOT NULL,
  `year_id` int(10) UNSIGNED NOT NULL,
  `created_at` timestamp NULL DEFAULT NULL,
  `updated_at` timestamp NULL DEFAULT NULL
) ENGINE=InnoDB DEFAULT CHARSET=utf8mb4 COLLATE=utf8mb4_unicode_ci;

-- --------------------------------------------------------

--
-- Estructura de tabla para la tabla `ticket_category`
--

CREATE TABLE `ticket_category` (
  `id` int(10) UNSIGNED NOT NULL,
  `ticket_id` int(10) UNSIGNED NOT NULL,
  `category_id` int(10) UNSIGNED NOT NULL,
  `created_at` timestamp NULL DEFAULT NULL,
  `updated_at` timestamp NULL DEFAULT NULL
) ENGINE=InnoDB DEFAULT CHARSET=utf8mb4 COLLATE=utf8mb4_unicode_ci;

-- --------------------------------------------------------

--
-- Estructura de tabla para la tabla `ticket_tag`
--

CREATE TABLE `ticket_tag` (
  `id` int(10) UNSIGNED NOT NULL,
  `ticket_id` int(10) UNSIGNED NOT NULL,
  `tag_id` int(10) UNSIGNED NOT NULL,
  `created_at` timestamp NULL DEFAULT NULL,
  `updated_at` timestamp NULL DEFAULT NULL
) ENGINE=InnoDB DEFAULT CHARSET=utf8mb4 COLLATE=utf8mb4_unicode_ci;

-- --------------------------------------------------------

--
-- Estructura de tabla para la tabla `ticket_user`
--

CREATE TABLE `ticket_user` (
  `id` int(10) UNSIGNED NOT NULL,
  `ticket_id` int(10) UNSIGNED NOT NULL,
  `send_user_id` int(10) UNSIGNED NOT NULL,
  `receive_user_id` int(10) UNSIGNED NOT NULL,
  `created_at` timestamp NULL DEFAULT NULL,
  `updated_at` timestamp NULL DEFAULT NULL
) ENGINE=InnoDB DEFAULT CHARSET=utf8mb4 COLLATE=utf8mb4_unicode_ci;

-- --------------------------------------------------------

--
-- Estructura de tabla para la tabla `users`
--

CREATE TABLE `users` (
  `id` int(10) UNSIGNED NOT NULL,
  `name` varchar(191) COLLATE utf8mb4_unicode_ci NOT NULL,
  `email` varchar(191) COLLATE utf8mb4_unicode_ci NOT NULL,
  `last_name` varchar(191) COLLATE utf8mb4_unicode_ci NOT NULL,
  `second_last_name` varchar(191) COLLATE utf8mb4_unicode_ci DEFAULT NULL,
  `birthday` date NOT NULL,
  `nationality` varchar(191) COLLATE utf8mb4_unicode_ci DEFAULT NULL,
  `gender` varchar(191) COLLATE utf8mb4_unicode_ci NOT NULL,
  `password` varchar(191) COLLATE utf8mb4_unicode_ci NOT NULL,
  `department_id` int(10) UNSIGNED NOT NULL,
  `remember_token` varchar(100) COLLATE utf8mb4_unicode_ci DEFAULT NULL,
  `created_at` timestamp NULL DEFAULT NULL,
  `updated_at` timestamp NULL DEFAULT NULL
) ENGINE=InnoDB DEFAULT CHARSET=utf8mb4 COLLATE=utf8mb4_unicode_ci;

--
-- Volcado de datos para la tabla `users`
--

INSERT INTO `users` (`id`, `name`, `email`, `last_name`, `second_last_name`, `birthday`, `nationality`, `gender`, `password`, `department_id`, `remember_token`, `created_at`, `updated_at`) VALUES
(1, 'Pablo', 'vieyrapez@gmail.com', 'Vieyra', 'Lopez', '2019-01-09', 'Mexicano', 'M', '$2y$10$6z6rWqTskqZ.tz.C0LgQdOB.nMUhPYPxeMaRVKQEMw7QKjdP0jgWS', 1, 'xDnlX7iBo2whP6ncsylrjEbCO9ayRMg09OqR2Buw8CgGx0WVUr3tHAGpqYIK', '2019-01-09 10:31:26', '2019-01-09 10:31:26'),
(2, 'John', 'student@student.itjvallereal.edu.mx', 'Bonachon', NULL, '2019-01-09', 'Mexicano', 'M', '$2y$10$wrY8RTPHjINXSQ6Ue34S4.p2g7Ap2H8A/iJjDCcvDPzZx/MWIWJoS', 1, 'KofIgn9D540reBd8sYkt6ydfMZZfV4oJ4JFJ0qULIF56qL8oHrIHekO50dPM', '2019-01-09 10:31:26', '2019-01-09 10:31:26'),
(3, 'Jules', 'jules@gmail.com', 'Winnfield', NULL, '1988-08-03', 'Mexicano', 'M', '$2y$10$AiT01Xf6IHPYPmmFA.1qLO/Do9f7wAFUjMFni5HnHRS9Puqkoz8jW', 2, NULL, '2019-01-09 10:31:27', '2019-01-09 10:31:27'),
(4, 'Johnette', 'johnette@gmail.com', 'Napolitano', NULL, '1990-05-25', 'Mexicano', 'F', '$2y$10$cwZMIVljRWTuA6jYbKUPSeoJZ4Keb437cZMwJyXg1SHZLSO.JUIIi', 2, NULL, '2019-01-09 10:31:27', '2019-01-09 10:31:27'),
(5, 'Mia', 'mwallace@student.itjvallereal.edu.mx', 'Wallace', NULL, '2010-01-22', 'Mexicano', 'F', '$2y$10$/bJgM7ZnMnBveFGb7eA2sufepkFbTI7pTgDqW4YQvvQjKIY3zczAO', 2, 'sIgyhSVndKQDz9lPeRcfFhQbFrQdVWmSsVd59wp4OmVV8s2tucdi7e29LXLY', '2019-01-09 10:31:27', '2019-01-09 10:31:27'),
(6, 'Ruth', 'ychavez@itjvallereal.edu.mx', 'Chavez', 'Delgado', '1990-12-12', 'Mexicana', 'F', '$2y$10$ipsrcNT6PotBTrAlxa4s/uyXd5gM8ILNdrgAArEQaEaaAF84Z.tZm', 3, 'rYHqkK8UiJ61hipl6U55aMxyxwa0Vl1SLs8iQKzOdt8qP7H5e5Yu8O9weXuj', '2019-01-17 00:41:37', '2019-01-17 00:41:37'),
(7, 'Saskia', 'savalos@itjvallereal.edu.mx', 'Avalos', 'Tamayo', '1990-11-26', 'Mexicana', 'F', '$2y$10$ipsrcNT6PotBTrAlxa4s/uyXd5gM8ILNdrgAArEQaEaaAF84Z.tZm', 3, 'r5LmGVFTlbkAU7Z4l2z9LrEMFyIVSZx5T29UXZC6Xvo35pjyYzxtiOI5NA4Z', '2019-01-17 00:41:37', '2019-01-17 00:41:37'),
(8, 'Paulina', 'plancaster@itjvallereal.edu.mx', 'Lancaster', 'Jones Campero', '1990-11-26', 'Mexicana', 'F', '$2y$10$ipsrcNT6PotBTrAlxa4s/uyXd5gM8ILNdrgAArEQaEaaAF84Z.tZm', 2, 'r5LmGVFTlbkAU7Z4l2z9LrEMFyIVSZx5T29UXZC6Xvo35pjyYzxtiOI5NA4Z', '2019-01-17 00:41:37', '2019-01-17 00:41:37'),
(9, 'Alfonso', 'arodriguez@itjvallereal.edu.mx', 'Rodriguez', 'Sanchez', '1990-11-26', 'Mexicana', 'M', '$2y$10$ipsrcNT6PotBTrAlxa4s/uyXd5gM8ILNdrgAArEQaEaaAF84Z.tZm', 2, '9tVCBFktN1STulXz1oahsXdDYBZCsD88flITCpZ4Zq2P45p7uRiHNLzheUKx', '2019-01-17 00:41:37', '2019-01-17 00:41:37'),
(10, 'Hugo Enrique', 'hguerrero@itjvallereal.edu.mx', 'Guerrero', 'Carreon', '1990-11-26', 'Mexicana', 'M', '$2y$10$ipsrcNT6PotBTrAlxa4s/uyXd5gM8ILNdrgAArEQaEaaAF84Z.tZm', 2, 'r5LmGVFTlbkAU7Z4l2z9LrEMFyIVSZx5T29UXZC6Xvo35pjyYzxtiOI5NA4Z', '2019-01-17 00:41:37', '2019-01-17 00:41:37'),
(11, 'Carolina', 'cperezc@itjvallereal.edu.mx', 'Perez', 'Campos', '1990-11-26', 'Mexicana', 'F', '$2y$10$ipsrcNT6PotBTrAlxa4s/uyXd5gM8ILNdrgAArEQaEaaAF84Z.tZm', 2, 'r5LmGVFTlbkAU7Z4l2z9LrEMFyIVSZx5T29UXZC6Xvo35pjyYzxtiOI5NA4Z', '2019-01-17 00:41:37', '2019-01-17 00:41:37'),
(12, 'Jose Humberto', 'jruvalcaba@itjvallereal.edu.mx', 'Ruvalcaba', 'Perez', '1990-11-26', 'Mexicana', 'M', '$2y$10$ipsrcNT6PotBTrAlxa4s/uyXd5gM8ILNdrgAArEQaEaaAF84Z.tZm', 2, 'r5LmGVFTlbkAU7Z4l2z9LrEMFyIVSZx5T29UXZC6Xvo35pjyYzxtiOI5NA4Z', '2019-01-17 00:41:37', '2019-01-17 00:41:37'),
(13, 'Sofia', 'ssolorzano@itjvallereal.edu.mx', 'Solorzano', 'Palomar', '1990-11-26', 'Mexicana', 'F', '$2y$10$ipsrcNT6PotBTrAlxa4s/uyXd5gM8ILNdrgAArEQaEaaAF84Z.tZm', 2, 'r5LmGVFTlbkAU7Z4l2z9LrEMFyIVSZx5T29UXZC6Xvo35pjyYzxtiOI5NA4Z', '2019-01-17 00:41:37', '2019-01-17 00:41:37'),
(14, 'Victor Roberto m', 'vmorales@itjvallereal.edu.mx', 'Morales', 'Godinez', '1990-11-26', 'Mexicana', 'M', '$2y$10$ipsrcNT6PotBTrAlxa4s/uyXd5gM8ILNdrgAArEQaEaaAF84Z.tZm', 2, 'r5LmGVFTlbkAU7Z4l2z9LrEMFyIVSZx5T29UXZC6Xvo35pjyYzxtiOI5NA4Z', '2019-01-17 00:41:37', '2019-01-17 00:41:37'),
(15, 'Gabriela', 'gvillada@itjvallereal.edu.mx', 'Villada', '', '1990-11-26', 'Mexicana', 'F', '$2y$10$ipsrcNT6PotBTrAlxa4s/uyXd5gM8ILNdrgAArEQaEaaAF84Z.tZm', 2, 'r5LmGVFTlbkAU7Z4l2z9LrEMFyIVSZx5T29UXZC6Xvo35pjyYzxtiOI5NA4Z', '2019-01-17 00:41:37', '2019-01-17 00:41:37'),
(16, 'Adriana ', 'aramiro@itjvallereal.edu.mx', 'Ramiro', 'Canchola', '1990-11-26', 'Mexicana', 'F', '$2y$10$ipsrcNT6PotBTrAlxa4s/uyXd5gM8ILNdrgAArEQaEaaAF84Z.tZm', 2, 'r5LmGVFTlbkAU7Z4l2z9LrEMFyIVSZx5T29UXZC6Xvo35pjyYzxtiOI5NA4Z', '2019-01-17 00:41:37', '2019-01-17 00:41:37'),
(17, 'Ana Luz', 'areyna@itjvallereal.edu.mx', 'Reyna', 'Talamantes', '1990-11-26', 'Mexicana', 'F', '$2y$10$ipsrcNT6PotBTrAlxa4s/uyXd5gM8ILNdrgAArEQaEaaAF84Z.tZm', 2, 'r5LmGVFTlbkAU7Z4l2z9LrEMFyIVSZx5T29UXZC6Xvo35pjyYzxtiOI5NA4Z', '2019-01-17 00:41:37', '2019-01-17 00:41:37'),
(18, 'Nahyeli', 'nreyes@itjvallereal.edu.mx', 'Reyes', '', '1990-11-26', 'Mexicana', 'F', '$2y$10$ipsrcNT6PotBTrAlxa4s/uyXd5gM8ILNdrgAArEQaEaaAF84Z.tZm', 2, 'r5LmGVFTlbkAU7Z4l2z9LrEMFyIVSZx5T29UXZC6Xvo35pjyYzxtiOI5NA4Z', '2019-01-17 00:41:37', '2019-01-17 00:41:37'),
(19, 'Victor Alfredo', 'vchavez@itjvallereal.edu.mx', 'Chavez', 'Chavez', '1990-11-26', 'Mexicana', 'M', '$2y$10$ipsrcNT6PotBTrAlxa4s/uyXd5gM8ILNdrgAArEQaEaaAF84Z.tZm', 2, 'r5LmGVFTlbkAU7Z4l2z9LrEMFyIVSZx5T29UXZC6Xvo35pjyYzxtiOI5NA4Z', '2019-01-17 00:41:37', '2019-01-17 00:41:37'),
(20, 'Tania', 'tmedina@itjvallereal.edu.mx', 'Medina', 'Valdez', '1990-11-26', 'Mexicana', 'F', '$2y$10$ipsrcNT6PotBTrAlxa4s/uyXd5gM8ILNdrgAArEQaEaaAF84Z.tZm', 2, 'r5LmGVFTlbkAU7Z4l2z9LrEMFyIVSZx5T29UXZC6Xvo35pjyYzxtiOI5NA4Z', '2019-01-17 00:41:37', '2019-01-17 00:41:37'),
(21, 'Roger', 'rvazquez@itjvallereal.edu.mx', 'Vazquez', 'Morales', '1990-11-26', 'Mexicana', 'M', '$2y$10$ipsrcNT6PotBTrAlxa4s/uyXd5gM8ILNdrgAArEQaEaaAF84Z.tZm', 2, 'r5LmGVFTlbkAU7Z4l2z9LrEMFyIVSZx5T29UXZC6Xvo35pjyYzxtiOI5NA4Z', '2019-01-17 00:41:37', '2019-01-17 00:41:37'),
(22, 'Alejandro', 'acastorena@itjvallereal.edu.mx', 'Castorena', 'De Alba', '1990-11-26', 'Mexicana', 'M', '$2y$10$ipsrcNT6PotBTrAlxa4s/uyXd5gM8ILNdrgAArEQaEaaAF84Z.tZm', 2, 'r5LmGVFTlbkAU7Z4l2z9LrEMFyIVSZx5T29UXZC6Xvo35pjyYzxtiOI5NA4Z', '2019-01-17 00:41:37', '2019-01-17 00:41:37'),
(23, 'Tocho', 'tocho@itjvallereal.edu.mx', 'Bandera', '', '1990-11-26', 'Mexicana', 'M', '$2y$10$ipsrcNT6PotBTrAlxa4s/uyXd5gM8ILNdrgAArEQaEaaAF84Z.tZm', 2, 'r5LmGVFTlbkAU7Z4l2z9LrEMFyIVSZx5T29UXZC6Xvo35pjyYzxtiOI5NA4Z', '2019-01-17 00:41:37', '2019-01-17 00:41:37'),
(24, 'Claudio Antonio', 'crincon@itjvallereal.edu.mx', 'Arellano', 'Rincon', '1990-11-26', 'Mexicana', 'M', '$2y$10$ipsrcNT6PotBTrAlxa4s/uyXd5gM8ILNdrgAArEQaEaaAF84Z.tZm', 2, 'r5LmGVFTlbkAU7Z4l2z9LrEMFyIVSZx5T29UXZC6Xvo35pjyYzxtiOI5NA4Z', '2019-01-17 00:41:37', '2019-01-17 00:41:37'),
(25, 'Marcelo', 'mtpadilla@itjvallereal.edu.mx', 'Torres', 'Padilla', '1990-11-26', 'Mexicana', 'M', '$2y$10$ipsrcNT6PotBTrAlxa4s/uyXd5gM8ILNdrgAArEQaEaaAF84Z.tZm', 2, 'r5LmGVFTlbkAU7Z4l2z9LrEMFyIVSZx5T29UXZC6Xvo35pjyYzxtiOI5NA4Z', '2019-01-17 00:41:37', '2019-01-17 00:41:37'),
(26, 'Christian Emmanuel', 'crosales@itjvallereal.edu.mx', 'Rosales', '', '1990-11-26', 'Mexicana', 'M', '$2y$10$ipsrcNT6PotBTrAlxa4s/uyXd5gM8ILNdrgAArEQaEaaAF84Z.tZm', 2, 'r5LmGVFTlbkAU7Z4l2z9LrEMFyIVSZx5T29UXZC6Xvo35pjyYzxtiOI5NA4Z', '2019-01-17 00:41:37', '2019-01-17 00:41:37'),
(27, 'Play', 'playrobot@itjvallereal.edu.mx', 'Robot', '', '1990-11-26', 'Mexicana', 'M', '$2y$10$ipsrcNT6PotBTrAlxa4s/uyXd5gM8ILNdrgAArEQaEaaAF84Z.tZm', 2, 'r5LmGVFTlbkAU7Z4l2z9LrEMFyIVSZx5T29UXZC6Xvo35pjyYzxtiOI5NA4Z', '2019-01-17 00:41:37', '2019-01-17 00:41:37'),
(28, 'Gabriela rey', 'greyes@itjvallereal.edu.mx', 'Reyes', 'Novoa', '1990-11-26', 'Mexicana', 'F', '$2y$10$ipsrcNT6PotBTrAlxa4s/uyXd5gM8ILNdrgAArEQaEaaAF84Z.tZm', 2, 'r5LmGVFTlbkAU7Z4l2z9LrEMFyIVSZx5T29UXZC6Xvo35pjyYzxtiOI5NA4Z', '2019-01-17 00:41:37', '2019-01-17 00:41:37'),
(29, 'Pendiente', 'pendiente@itjvallereal.edu.mx', 'Por Definir', '', '1990-11-26', 'Mexicana', 'M', '$2y$10$ipsrcNT6PotBTrAlxa4s/uyXd5gM8ILNdrgAArEQaEaaAF84Z.tZm', 2, 'r5LmGVFTlbkAU7Z4l2z9LrEMFyIVSZx5T29UXZC6Xvo35pjyYzxtiOI5NA4Z', '2019-01-17 00:41:37', '2019-01-17 00:41:37'),
(30, 'Ximena', 'ximenaaguirrec@student.itjvallereal.edu.mx', 'Aguirre', 'Corona', '0000-00-00', 'Mexicana', 'F', '$2y$10$ipsrcNT6PotBTrAlxa4s/uyXd5gM8ILNdrgAArEQaEaaAF84Z.tZm', 2, '', '0000-00-00 00:00:00', '0000-00-00 00:00:00'),
(31, 'Juan Manuel', 'juanmanuelaramburog@student.itjvallereal.edu.mx', 'Aramburo', 'Garcia', '0000-00-00', 'Mexicana', 'M', '$2y$10$ipsrcNT6PotBTrAlxa4s/uyXd5gM8ILNdrgAArEQaEaaAF84Z.tZm', 2, 'nmPdqGkzsjxO5r18t3nTUgN96iLxSOto1VBh3qr1mXsRCD4UKVM4t59z7cN3', '0000-00-00 00:00:00', '0000-00-00 00:00:00'),
(32, 'Efrain', 'efrainlozanor@student.itjvallereal.edu.mx', 'Lozano', 'Romero', '2011-05-10', 'Mexicana', 'M', '$2y$10$ipsrcNT6PotBTrAlxa4s/uyXd5gM8ILNdrgAArEQaEaaAF84Z.tZm', 2, '', '0000-00-00 00:00:00', '0000-00-00 00:00:00'),
(33, 'Alejandro', 'alejandronuneze@student.itjvallereal.edu.mx', 'Nunez', 'Espinosa', '0001-04-10', 'Mexicana', 'M', '$2y$10$ipsrcNT6PotBTrAlxa4s/uyXd5gM8ILNdrgAArEQaEaaAF84Z.tZm', 2, '', '0000-00-00 00:00:00', '0000-00-00 00:00:00'),
(34, 'Adrian', 'adrianochoag@student.itjvallereal.edu.mx', 'Ochoa', 'Garcia', '0000-00-00', 'Mexicana', 'M', '$2y$10$ipsrcNT6PotBTrAlxa4s/uyXd5gM8ILNdrgAArEQaEaaAF84Z.tZm', 2, 'korAMqv0BKoVvX4ryi4lMN40WSArbv9KK6HNLrv1cYBS3rG3QghK0rolI292', '0000-00-00 00:00:00', '0000-00-00 00:00:00'),
(35, 'Alvaro', 'alvaroortiza@student.itjvallereal.edu.mx', 'Ortiz', 'Agnesi', '0007-03-10', 'Mexicana', 'M', '$2y$10$ipsrcNT6PotBTrAlxa4s/uyXd5gM8ILNdrgAArEQaEaaAF84Z.tZm', 2, '', '0000-00-00 00:00:00', '0000-00-00 00:00:00'),
(36, 'Michelle Alejandra', 'michellealejandraperezf@student.itjvallereal.edu.mx', 'Perez', 'Flores', '0007-12-10', 'Mexicana', 'F', '$2y$10$ipsrcNT6PotBTrAlxa4s/uyXd5gM8ILNdrgAArEQaEaaAF84Z.tZm', 2, '', '0000-00-00 00:00:00', '0000-00-00 00:00:00'),
(37, 'Alejandro', 'alejandrovadilloa@student.itjvallereal.edu.mx', 'Vadillo', 'Alvarez', '0009-04-10', 'Mexicana', 'M', '$2y$10$ipsrcNT6PotBTrAlxa4s/uyXd5gM8ILNdrgAArEQaEaaAF84Z.tZm', 2, '', '0000-00-00 00:00:00', '0000-00-00 00:00:00'),
(38, 'Isabella', 'isabellacesneks@student.itjvallereal.edu.mx', 'Cesnek', 'Suarez', '0009-11-10', 'Mexicana', 'F', '$2y$10$ipsrcNT6PotBTrAlxa4s/uyXd5gM8ILNdrgAArEQaEaaAF84Z.tZm', 2, '', '0000-00-00 00:00:00', '0000-00-00 00:00:00'),
(39, 'Joseph Alexander', 'josephalexanderbrillh@student.itjvallereal.edu.mx', 'Brill', 'Herrera', '0001-05-10', 'Mexicana', 'M', '$2y$10$ipsrcNT6PotBTrAlxa4s/uyXd5gM8ILNdrgAArEQaEaaAF84Z.tZm', 2, '', '0000-00-00 00:00:00', '0000-00-00 00:00:00'),
(40, 'Regina', 'reginaplascenciav@student.itjvallereal.edu.mx', 'Plascencia', 'Villaverde', '0002-11-10', 'Mexicana', 'F', '$2y$10$ipsrcNT6PotBTrAlxa4s/uyXd5gM8ILNdrgAArEQaEaaAF84Z.tZm', 2, '', '0000-00-00 00:00:00', '0000-00-00 00:00:00'),
(41, 'Alvaro', 'alvarocardenasd@student.itjvallereal.edu.mx', 'Cardenas', 'De La Cruz', '0000-00-00', 'Mexicana', 'M', '$2y$10$ipsrcNT6PotBTrAlxa4s/uyXd5gM8ILNdrgAArEQaEaaAF84Z.tZm', 2, '', '0000-00-00 00:00:00', '0000-00-00 00:00:00'),
(42, 'Alejandro', 'alejandrogarzac@student.itjvallereal.edu.mx', 'Garza', 'Castillo', '0000-00-00', 'Mexicana', 'M', '$2y$10$ipsrcNT6PotBTrAlxa4s/uyXd5gM8ILNdrgAArEQaEaaAF84Z.tZm', 2, '', '0000-00-00 00:00:00', '0000-00-00 00:00:00'),
(43, 'Maria Fernanda', 'mariafernandaarroyog@student.itjvallereal.edu.mx', 'Arroyo', 'Garcia', '2012-02-09', 'Mexicana', 'F', '$2y$10$ipsrcNT6PotBTrAlxa4s/uyXd5gM8ILNdrgAArEQaEaaAF84Z.tZm', 2, '', '0000-00-00 00:00:00', '0000-00-00 00:00:00'),
(44, 'Galo', 'galogutierrezh@student.itjvallereal.edu.mx', 'Gutierrez', 'Hidalgo', '0000-00-00', 'Mexicana', 'M', '$2y$10$ipsrcNT6PotBTrAlxa4s/uyXd5gM8ILNdrgAArEQaEaaAF84Z.tZm', 2, '', '0000-00-00 00:00:00', '0000-00-00 00:00:00'),
(45, 'Becky De Jesus', 'beckydejesuscastellanosc@student.itjvallereal.edu.mx', 'Castellanos', 'Castro', '0003-11-10', 'Mexicana', 'F', '$2y$10$ipsrcNT6PotBTrAlxa4s/uyXd5gM8ILNdrgAArEQaEaaAF84Z.tZm', 2, '', '0000-00-00 00:00:00', '0000-00-00 00:00:00'),
(46, 'Minerva', 'minervade la torrea@student.itjvallereal.edu.mx', 'De La Torre', 'Anaya', '2011-07-09', 'Mexicana', 'F', '$2y$10$ipsrcNT6PotBTrAlxa4s/uyXd5gM8ILNdrgAArEQaEaaAF84Z.tZm', 2, '', '0000-00-00 00:00:00', '0000-00-00 00:00:00'),
(47, 'Oviya', 'oviyaanithkumar@student.itjvallereal.edu.mx', 'Anithkumar', '', '0000-00-00', 'Mexicana', 'F', '$2y$10$ipsrcNT6PotBTrAlxa4s/uyXd5gM8ILNdrgAArEQaEaaAF84Z.tZm', 2, '', '0000-00-00 00:00:00', '0000-00-00 00:00:00'),
(48, 'Camila', 'camilaaguilam@student.itjvallereal.edu.mx', 'Aguila', 'Mendivil', '0000-00-00', 'Mexicana', 'F', '$2y$10$ipsrcNT6PotBTrAlxa4s/uyXd5gM8ILNdrgAArEQaEaaAF84Z.tZm', 2, 'ACU0kfCyMMjhoAoU1gPJc2528zyqU4HfebaA8GaOQHqbzzcl8MUAQQMaRlvA', '0000-00-00 00:00:00', '0000-00-00 00:00:00'),
(49, 'Matias', 'matiasperezh@student.itjvallereal.edu.mx', 'Perez', 'Hernandez', '0000-00-00', 'Mexicana', 'M', '$2y$10$ipsrcNT6PotBTrAlxa4s/uyXd5gM8ILNdrgAArEQaEaaAF84Z.tZm', 2, '6W4ZJyqGA8p51j6Qepw4TmEaL0xKwhAGgx9Az3N1VLt71cDNJGcgsYeCPBUM', '0000-00-00 00:00:00', '0000-00-00 00:00:00'),
(50, 'Regina', 'reginamanona@student.itjvallereal.edu.mx', 'Manon', 'Ampudia', '2011-08-10', 'Mexicana', 'F', '$2y$10$ipsrcNT6PotBTrAlxa4s/uyXd5gM8ILNdrgAArEQaEaaAF84Z.tZm', 2, 'hnMknM1513TEU8CWfHO2U3R78uXXLTa4ZFBhlCrGUMyKvHS5CvxVSSDdOuey', '0000-00-00 00:00:00', '0000-00-00 00:00:00'),
(51, 'Thiago', 'thiagomaldonado@student.itjvallereal.edu.mx', 'Maldonado', '', '0000-00-00', 'Mexicana', 'M', '$2y$10$ipsrcNT6PotBTrAlxa4s/uyXd5gM8ILNdrgAArEQaEaaAF84Z.tZm', 2, 'RksV6tfSCM6171KpBaeCDtINKAXGniZRAzVjgCB7WbLr42S8Uq0bf6AjVtR9', '0000-00-00 00:00:00', '0000-00-00 00:00:00'),
(52, 'Diego', 'diegoquinonesr@student.itjvallereal.edu.mx', 'Quinones', 'Rodriguez', '0000-00-00', 'Mexicana', 'M', '$2y$10$ipsrcNT6PotBTrAlxa4s/uyXd5gM8ILNdrgAArEQaEaaAF84Z.tZm', 2, '5Hr4xItcbCuCvr8E7ou1sp4q2OVt3NbpdtORssbh4ue9S2o1Q656xDu73eWr', '0000-00-00 00:00:00', '0000-00-00 00:00:00'),
(53, 'Matias', 'matiasgonzalezg@student.itjvallereal.edu.mx', 'Gonzalez', 'Gomez', '0009-05-09', 'Mexicana', 'M', '$2y$10$ipsrcNT6PotBTrAlxa4s/uyXd5gM8ILNdrgAArEQaEaaAF84Z.tZm', 2, '9ZRMOEb54f4KJ0ubZ7JQ952HTld9Rc45kHY4mbSJw5IdkWuAXewXpLCsSQqH', '0000-00-00 00:00:00', '0000-00-00 00:00:00'),
(54, 'Carlos David', 'carlosdavidmirandam@student.itjvallereal.edu.mx', 'Miranda', 'Manjarrez', '0008-05-10', 'Mexicana', 'F', '$2y$10$ipsrcNT6PotBTrAlxa4s/uyXd5gM8ILNdrgAArEQaEaaAF84Z.tZm', 2, 'QgBKI8cpxQhGZ7RzMSG8BQRzlB51RV3MrDS4swtRcAwwVaqBGAAm9IMSZy1j', '0000-00-00 00:00:00', '0000-00-00 00:00:00'),
(55, 'Emiliano Andre', 'emilianoandrereyesz@student.itjvallereal.edu.mx', 'Reyes', 'Zorrilla', '2012-10-09', 'Mexicana', 'M', '$2y$10$ipsrcNT6PotBTrAlxa4s/uyXd5gM8ILNdrgAArEQaEaaAF84Z.tZm', 2, 'L2Mqg3dfJ5ZPguqpmnFUmREQOhRxrFGa2wVaMDSNHwoD09aYgmj3XXT0yKyx', '0000-00-00 00:00:00', '0000-00-00 00:00:00'),
(56, 'Tayde Emiliano', 'taydeemilianoaispurot@student.itjvallereal.edu.mx', 'Aispuro', 'Tostado', '0009-07-10', 'Estadounidense', 'M', '$2y$10$ipsrcNT6PotBTrAlxa4s/uyXd5gM8ILNdrgAArEQaEaaAF84Z.tZm', 2, '', '0000-00-00 00:00:00', '0000-00-00 00:00:00'),
(57, 'Fernanda', 'fernandaarellanoh@student.itjvallereal.edu.mx', 'Arellano', 'Heredia', '0008-03-10', 'Mexicana', 'F', '$2y$10$ipsrcNT6PotBTrAlxa4s/uyXd5gM8ILNdrgAArEQaEaaAF84Z.tZm', 2, '', '0000-00-00 00:00:00', '0000-00-00 00:00:00'),
(58, 'Carlos Santiago', 'carlossantiagohuertam@student.itjvallereal.edu.mx', 'Huerta', 'Martinez', '0000-00-00', 'Mexicana', 'M', '$2y$10$ipsrcNT6PotBTrAlxa4s/uyXd5gM8ILNdrgAArEQaEaaAF84Z.tZm', 2, '', '0000-00-00 00:00:00', '0000-00-00 00:00:00'),
(59, 'Andrea', 'andreasamanog@student.itjvallereal.edu.mx', 'Samano', 'Gutierrez', '0000-00-00', 'Estadounidense', 'F', '$2y$10$ipsrcNT6PotBTrAlxa4s/uyXd5gM8ILNdrgAArEQaEaaAF84Z.tZm', 2, '', '0000-00-00 00:00:00', '0000-00-00 00:00:00'),
(60, 'Valentina', 'valentinasanabriam@student.itjvallereal.edu.mx', 'Sanabria', 'Macias', '0001-12-10', 'Estadounidense', 'F', '$2y$10$ipsrcNT6PotBTrAlxa4s/uyXd5gM8ILNdrgAArEQaEaaAF84Z.tZm', 2, 'zpBvOitIINA3i9z4aj5kv4TAhIENV1DOWmPvS2C1Poupa1tbDXxMG2WsVY3Y', '0000-00-00 00:00:00', '0000-00-00 00:00:00'),
(61, 'Saori Alexandra', 'saorialexandragonzalezt@student.itjvallereal.edu.mx', 'Gonzalez', 'Tenorio', '0000-00-00', 'Mexicana', 'F', '$2y$10$ipsrcNT6PotBTrAlxa4s/uyXd5gM8ILNdrgAArEQaEaaAF84Z.tZm', 2, 'RsNCIylWye4v4wwjQFPK5dycF6aVxokPVoGwPj6PwTGfWrHAAeHbCpvVWpcb', '0000-00-00 00:00:00', '0000-00-00 00:00:00'),
(62, 'Jesus Adriel', 'jesusadrielgomezz@student.itjvallereal.edu.mx', 'Gomez', 'Zaragoza', '0000-00-00', 'Mexicana', 'M', '$2y$10$ipsrcNT6PotBTrAlxa4s/uyXd5gM8ILNdrgAArEQaEaaAF84Z.tZm', 2, '', '0000-00-00 00:00:00', '0000-00-00 00:00:00'),
(63, 'Maria Jose', 'mariajosefloresg@student.itjvallereal.edu.mx', 'Flores', 'Gutierrez', '0003-07-10', 'Mexicana', 'F', '$2y$10$ipsrcNT6PotBTrAlxa4s/uyXd5gM8ILNdrgAArEQaEaaAF84Z.tZm', 2, '', '0000-00-00 00:00:00', '0000-00-00 00:00:00'),
(64, 'Valentina', 'valentinadelatorrer@student.itjvallereal.edu.mx', 'De La Torre', 'Ramirez', '0001-09-10', 'Mexicana', 'F', '$2y$10$ipsrcNT6PotBTrAlxa4s/uyXd5gM8ILNdrgAArEQaEaaAF84Z.tZm', 2, '', '0000-00-00 00:00:00', '0000-00-00 00:00:00'),
(65, 'Paola', 'paolaalvarezg@student.itjvallereal.edu.mx', 'Alvarez', 'Gonzalez', '0000-00-00', 'Mexicana', 'F', '$2y$10$ipsrcNT6PotBTrAlxa4s/uyXd5gM8ILNdrgAArEQaEaaAF84Z.tZm', 2, '', '0000-00-00 00:00:00', '0000-00-00 00:00:00'),
(66, 'Santiago', 'santiagomorettv@student.itjvallereal.edu.mx', 'Morett', 'Vela', '0000-00-00', 'Mexicana', 'M', '$2y$10$ipsrcNT6PotBTrAlxa4s/uyXd5gM8ILNdrgAArEQaEaaAF84Z.tZm', 2, '', '0000-00-00 00:00:00', '0000-00-00 00:00:00'),
(67, 'Mariana Sofia', 'marianasofiamendozaa@student.itjvallereal.edu.mx', 'Mendoza', 'Aguila', '0000-00-00', 'Mexicana', 'F', '$2y$10$ipsrcNT6PotBTrAlxa4s/uyXd5gM8ILNdrgAArEQaEaaAF84Z.tZm', 2, '', '0000-00-00 00:00:00', '0000-00-00 00:00:00'),
(68, 'Pablo', 'pablogonzalezp@student.itjvallereal.edu.mx', 'Gonzalez', 'Padilla', '0005-11-10', 'Mexicana', 'M', '$2y$10$ipsrcNT6PotBTrAlxa4s/uyXd5gM8ILNdrgAArEQaEaaAF84Z.tZm', 2, '3RBqcK01mWhamMpRsrEs2tIHPje1hCWfjZZos9Tyh0eaGJPE1CGJjTsbsd6T', '0000-00-00 00:00:00', '0000-00-00 00:00:00'),
(69, 'Emilio', 'emiliomorav@student.itjvallereal.edu.mx', 'Mora', 'Vazquez', '0000-00-00', 'Mexicana', 'M', '$2y$10$ipsrcNT6PotBTrAlxa4s/uyXd5gM8ILNdrgAArEQaEaaAF84Z.tZm', 2, 'IGtd37hUTylod4kWbZjLnPsELZFwV1yIcwDoDo5jMZi6XAm1UFrowBM2LNFM', '0000-00-00 00:00:00', '0000-00-00 00:00:00'),
(70, 'Giuliana', 'giulianaochoan@student.itjvallereal.edu.mx', 'Ochoa', 'Nuccio', '0000-00-00', 'Mexicana  Estadounidense', 'F', '$2y$10$ipsrcNT6PotBTrAlxa4s/uyXd5gM8ILNdrgAArEQaEaaAF84Z.tZm', 2, '', '0000-00-00 00:00:00', '0000-00-00 00:00:00'),
(71, 'Claudia Sofia', 'claudiasofiamontesm@student.itjvallereal.edu.mx', 'Montes', 'Margarito', '0000-00-00', 'Mexicana', 'F', '$2y$10$ipsrcNT6PotBTrAlxa4s/uyXd5gM8ILNdrgAArEQaEaaAF84Z.tZm', 2, '', '0000-00-00 00:00:00', '0000-00-00 00:00:00'),
(72, 'Aaron Servando', 'aaronservandomas@student.itjvallereal.edu.mx', 'Ma', 'Sepulveda', '0000-00-00', 'Mexicana  Estadounidense', 'M', '$2y$10$ipsrcNT6PotBTrAlxa4s/uyXd5gM8ILNdrgAArEQaEaaAF84Z.tZm', 2, '', '0000-00-00 00:00:00', '0000-00-00 00:00:00'),
(73, 'Gabrielle Frances', 'gabriellefrancescapulongl@student.itjvallereal.edu.mx', 'Capulong', 'Lopez', '0000-00-00', 'Filipina', 'F', '$2y$10$ipsrcNT6PotBTrAlxa4s/uyXd5gM8ILNdrgAArEQaEaaAF84Z.tZm', 2, '', '0000-00-00 00:00:00', '0000-00-00 00:00:00'),
(74, 'Maria Nataly', 'marianatalyramosa@student.itjvallereal.edu.mx', 'Ramos', 'Alvarez', '2011-11-10', 'Mexicana', 'F', '$2y$10$ipsrcNT6PotBTrAlxa4s/uyXd5gM8ILNdrgAArEQaEaaAF84Z.tZm', 2, '', '0000-00-00 00:00:00', '0000-00-00 00:00:00'),
(75, 'Camila', 'camilabetancourti@student.itjvallereal.edu.mx', 'Betancourt', 'Ide', '0000-00-00', 'Mexicana', 'F', '$2y$10$ipsrcNT6PotBTrAlxa4s/uyXd5gM8ILNdrgAArEQaEaaAF84Z.tZm', 2, '', '2019-01-09 10:31:27', '2019-01-09 10:31:27'),
(76, 'Octavio', 'octaviogarcial@student.itjvallereal.edu.mx', 'Garcia', 'Ledezma', '0000-00-00', 'Mexicana', 'M', '$2y$10$ipsrcNT6PotBTrAlxa4s/uyXd5gM8ILNdrgAArEQaEaaAF84Z.tZm', 2, '', '2019-01-09 10:31:27', '2019-01-09 10:31:27'),
(77, 'Rodrigo Rosendo', 'rodrigorosendolopeza@student.itjvallereal.edu.mx', 'Lopez', 'Ascencio', '0000-00-00', 'Mexicana', 'M', '$2y$10$ipsrcNT6PotBTrAlxa4s/uyXd5gM8ILNdrgAArEQaEaaAF84Z.tZm', 2, '', '2019-01-09 10:31:27', '2019-01-09 10:31:27'),
(78, 'Maddox', 'maddoxmayorquinv@student.itjvallereal.edu.mx', 'Mayorquin', 'Venegas', '0000-00-00', 'Mexicana', 'M', '$2y$10$ipsrcNT6PotBTrAlxa4s/uyXd5gM8ILNdrgAArEQaEaaAF84Z.tZm', 2, '', '2019-01-09 10:31:27', '2019-01-09 10:31:27'),
(79, 'Emilie Johanna', 'emiliejohannameinersv@student.itjvallereal.edu.mx', 'Meiners', 'Vargas', '0000-00-00', 'Mexicana', 'F', '$2y$10$ipsrcNT6PotBTrAlxa4s/uyXd5gM8ILNdrgAArEQaEaaAF84Z.tZm', 2, '', '2019-01-09 10:31:27', '2019-01-09 10:31:27'),
(80, 'Rodrigo', 'rodrigonunezl@student.itjvallereal.edu.mx', 'Nuñez', 'Lozano', '0000-00-00', 'Mexicana', 'M', '$2y$10$ipsrcNT6PotBTrAlxa4s/uyXd5gM8ILNdrgAArEQaEaaAF84Z.tZm', 2, '', '2019-01-09 10:31:27', '2019-01-09 10:31:27'),
(81, 'Alvaro', 'alvaroorendaint@student.itjvallereal.edu.mx', 'Orendain', 'Trevi?o', '0000-00-00', 'Mexicana', 'M', '$2y$10$ipsrcNT6PotBTrAlxa4s/uyXd5gM8ILNdrgAArEQaEaaAF84Z.tZm', 2, '', '2019-01-09 10:31:27', '2019-01-09 10:31:27'),
(82, 'Sofia Schutte', 'sofiaschutteornelasg@student.itjvallereal.edu.mx', 'Ornelas', 'Guterrez', '0000-00-00', 'Mexicana', 'F', '$2y$10$ipsrcNT6PotBTrAlxa4s/uyXd5gM8ILNdrgAArEQaEaaAF84Z.tZm', 2, '', '2019-01-09 10:31:27', '2019-01-09 10:31:27'),
(83, 'Celina', 'celinaorozcof@student.itjvallereal.edu.mx', 'Orozco', 'Felix', '0000-00-00', 'Mexicana', 'F', '$2y$10$ipsrcNT6PotBTrAlxa4s/uyXd5gM8ILNdrgAArEQaEaaAF84Z.tZm', 2, '', '2019-01-09 10:31:27', '2019-01-09 10:31:27'),
(84, 'Sebastian', 'sebastiansancheze@student.itjvallereal.edu.mx', 'Sanchez', 'Eguiarte', '0000-00-00', 'Mexicana', 'M', '$2y$10$ipsrcNT6PotBTrAlxa4s/uyXd5gM8ILNdrgAArEQaEaaAF84Z.tZm', 2, '', '2019-01-09 10:31:27', '2019-01-09 10:31:27'),
(85, 'Leo', 'leoibarraa@student.itjvallereal.edu.mx', 'Ibarra', 'Alava', '0000-00-00', 'Estadounidense', 'M', '$2y$10$ipsrcNT6PotBTrAlxa4s/uyXd5gM8ILNdrgAArEQaEaaAF84Z.tZm', 2, '', '2019-01-09 10:31:27', '2019-01-09 10:31:27'),
(86, 'Mateo', 'mateoespinosar@student.itjvallereal.edu.mx', 'Espinosa', 'Reza', '0000-00-00', 'Mexicana', 'M', '$2y$10$ipsrcNT6PotBTrAlxa4s/uyXd5gM8ILNdrgAArEQaEaaAF84Z.tZm', 2, '', '2019-01-09 10:31:27', '2019-01-09 10:31:27'),
(87, 'Valentina', 'valentinarior@student.itjvallereal.edu.mx', 'Rio', 'Romero', '0000-00-00', 'Mexicana', 'F', '$2y$10$ipsrcNT6PotBTrAlxa4s/uyXd5gM8ILNdrgAArEQaEaaAF84Z.tZm', 2, '', '2019-01-09 10:31:27', '2019-01-09 10:31:27'),
(88, 'Juan Emilio', 'juanemiliofloresa@student.itjvallereal.edu.mx', 'Flores', 'Arreola', '0000-00-00', 'Mexicana', 'M', '$2y$10$ipsrcNT6PotBTrAlxa4s/uyXd5gM8ILNdrgAArEQaEaaAF84Z.tZm', 2, '', '2019-01-09 10:31:27', '2019-01-09 10:31:27'),
(89, 'Fabian', 'fabianorozcob@student.itjvallereal.edu.mx', 'Orozco', 'Briseño', '0000-00-00', 'Mexicana', 'M', '$2y$10$ipsrcNT6PotBTrAlxa4s/uyXd5gM8ILNdrgAArEQaEaaAF84Z.tZm', 2, '', '2019-01-09 10:31:27', '2019-01-09 10:31:27'),
(90, 'Alvaro', 'alvarovillalobosa@student.itjvallereal.edu.mx', 'Villalobos', 'Alvirde', '0000-00-00', 'Mexicana', 'M', '$2y$10$ipsrcNT6PotBTrAlxa4s/uyXd5gM8ILNdrgAArEQaEaaAF84Z.tZm', 2, '', '2019-01-09 10:31:27', '2019-01-09 10:31:27'),
(91, 'Paloma', 'palomasilvar@student.itjvallereal.edu.mx', 'Silva', 'Romero', '0000-00-00', 'Mexicana', 'F', '$2y$10$ipsrcNT6PotBTrAlxa4s/uyXd5gM8ILNdrgAArEQaEaaAF84Z.tZm', 2, '', '2019-01-09 10:31:27', '2019-01-09 10:31:27'),
(92, 'Pablo', 'pablomedinag@student.itjvallereal.edu.mx', 'Medina', 'Gomez Sainz', '0000-00-00', 'Mexicana', 'M', '$2y$10$ipsrcNT6PotBTrAlxa4s/uyXd5gM8ILNdrgAArEQaEaaAF84Z.tZm', 2, '', '2019-01-09 10:31:27', '2019-01-09 10:31:27'),
(93, 'Camila', 'camilazarate@student.itjvallereal.edu.mx', 'Zarate', '', '0000-00-00', 'Estadounidense', 'F', '$2y$10$ipsrcNT6PotBTrAlxa4s/uyXd5gM8ILNdrgAArEQaEaaAF84Z.tZm', 2, '', '2019-01-09 10:31:27', '2019-01-09 10:31:27'),
(94, 'Esteban', 'estebanguzmanc@student.itjvallereal.edu.mx', 'Guzman', 'Cortes', '0000-00-00', 'Colombiana', 'M', '$2y$10$ipsrcNT6PotBTrAlxa4s/uyXd5gM8ILNdrgAArEQaEaaAF84Z.tZm', 2, '', '2019-01-09 10:31:27', '2019-01-09 10:31:27'),
(95, 'Bruno', 'brunodavilaa@student.itjvallereal.edu.mx', 'Davila', 'Andalon', '0000-00-00', 'Mexicana', 'F', '$2y$10$ipsrcNT6PotBTrAlxa4s/uyXd5gM8ILNdrgAArEQaEaaAF84Z.tZm', 2, '', '2019-01-09 10:31:27', '2019-01-09 10:31:27'),
(96, 'Matteo', 'matteotorresg@student.itjvallereal.edu.mx', 'Torres', 'Gutierrez', '0000-00-00', 'Mexicana', 'F', '$2y$10$ipsrcNT6PotBTrAlxa4s/uyXd5gM8ILNdrgAArEQaEaaAF84Z.tZm', 2, '', '2019-01-09 10:31:27', '2019-01-09 10:31:27'),
(97, 'Carmen', 'carmenalatorret@student.itjvallereal.edu.mx', 'Alatorre', 'Tapia', '0000-00-00', 'Mexicana', 'F', '$2y$10$ipsrcNT6PotBTrAlxa4s/uyXd5gM8ILNdrgAArEQaEaaAF84Z.tZm', 2, '', '2019-01-09 10:31:27', '2019-01-09 10:31:27'),
(98, 'Arantza Sofia', 'arantzasofiacisterog@student.itjvallereal.edu.mx', 'Cistero', 'Garcia', '0000-00-00', 'Mexicana', 'F', '$2y$10$ipsrcNT6PotBTrAlxa4s/uyXd5gM8ILNdrgAArEQaEaaAF84Z.tZm', 2, '', '2019-01-09 10:31:27', '2019-01-09 10:31:27'),
(99, 'Karim', 'karimfloresg@student.itjvallereal.edu.mx', 'Flores', 'Garcia', '0000-00-00', 'Mexicana', 'M', '$2y$10$ipsrcNT6PotBTrAlxa4s/uyXd5gM8ILNdrgAArEQaEaaAF84Z.tZm', 2, '', '2019-01-09 10:31:27', '2019-01-09 10:31:27'),
(100, 'Natalia', 'nataliagonzalezc@student.itjvallereal.edu.mx', 'Gonzalez', 'Compa?', '0000-00-00', 'Mexicana', 'F', '$2y$10$ipsrcNT6PotBTrAlxa4s/uyXd5gM8ILNdrgAArEQaEaaAF84Z.tZm', 2, '', '2019-01-09 10:31:27', '2019-01-09 10:31:27'),
(101, 'Ximena', 'ximenalopezo@student.itjvallereal.edu.mx', 'Lopez', 'Osuna', '0000-00-00', 'Mexicana', 'F', '$2y$10$ipsrcNT6PotBTrAlxa4s/uyXd5gM8ILNdrgAArEQaEaaAF84Z.tZm', 2, '', '2019-01-09 10:31:27', '2019-01-09 10:31:27'),
(102, 'Iker', 'ikerruizg@student.itjvallereal.edu.mx', 'Ruiz', 'Gomez', '0000-00-00', 'Mexicana', 'M', '$2y$10$ipsrcNT6PotBTrAlxa4s/uyXd5gM8ILNdrgAArEQaEaaAF84Z.tZm', 2, 'fJRYZlJkI4WIC6ruZ0FkXpR00cs7wPdUxwZWxKMazzj13rpA1savUqbC5Yze', '2019-01-09 10:31:27', '2019-01-09 10:31:27'),
(103, 'Jacobo', 'jacobosaaibh@student.itjvallereal.edu.mx', 'Saaib', 'Hitti', '0000-00-00', 'Mexicana', 'M', '$2y$10$ipsrcNT6PotBTrAlxa4s/uyXd5gM8ILNdrgAArEQaEaaAF84Z.tZm', 2, '', '2019-01-09 10:31:27', '2019-01-09 10:31:27'),
(104, 'Krissia Janeth', 'krissiajanethaispurot@student.itjvallereal.edu.mx', 'Aispuro', 'Tostado', '0000-00-00', 'Estadounidense', 'F', '$2y$10$ipsrcNT6PotBTrAlxa4s/uyXd5gM8ILNdrgAArEQaEaaAF84Z.tZm', 2, '', '2019-01-09 10:31:27', '2019-01-09 10:31:27'),
(105, 'Renata Isabella', 'renataisabellavazqueza@student.itjvallereal.edu.mx', 'Vazquez', 'Alferez', '0000-00-00', 'Mexicana', 'F', '$2y$10$ipsrcNT6PotBTrAlxa4s/uyXd5gM8ILNdrgAArEQaEaaAF84Z.tZm', 2, '', '2019-01-09 10:31:27', '2019-01-09 10:31:27'),
(106, 'Kanghyun', 'kanghyunkim@student.itjvallereal.edu.mx', 'Kim', '', '0000-00-00', 'Coreana', 'M', '$2y$10$ipsrcNT6PotBTrAlxa4s/uyXd5gM8ILNdrgAArEQaEaaAF84Z.tZm', 2, '', '2019-01-09 10:31:27', '2019-01-09 10:31:27'),
(107, 'Valentino', 'valentinotrujillot@student.itjvallereal.edu.mx', 'Trujillo', 'Tintore', '0000-00-00', 'Mexicana', 'M', '$2y$10$ipsrcNT6PotBTrAlxa4s/uyXd5gM8ILNdrgAArEQaEaaAF84Z.tZm', 2, '', '2019-01-09 10:31:27', '2019-01-09 10:31:27'),
(108, 'Ivanna Maria', 'ivannamariamoyanom@student.itjvallereal.edu.mx', 'Moyano', 'Mendez', '0000-00-00', 'Mexicana', 'F', '$2y$10$ipsrcNT6PotBTrAlxa4s/uyXd5gM8ILNdrgAArEQaEaaAF84Z.tZm', 2, '0kACmLFHWeR1ArurHJw0mc4NWnPCBnMu8InEhgAu5EYJ9ondR4rWYEC4SuoF', '2019-01-09 10:31:27', '2019-01-09 10:31:27'),
(109, 'Hector Emilio', 'hectoremiliosanchezg@student.itjvallereal.edu.mx', 'Sanchez', 'Garcia', '0000-00-00', 'Mexicana', 'M', '$2y$10$ipsrcNT6PotBTrAlxa4s/uyXd5gM8ILNdrgAArEQaEaaAF84Z.tZm', 2, '', '2019-01-09 10:31:27', '2019-01-09 10:31:27'),
(110, 'Francisco', 'franciscogironc@student.itjvallereal.edu.mx', 'Giron', 'Carrazco', '0000-00-00', 'Mexicana', 'F', '$2y$10$ipsrcNT6PotBTrAlxa4s/uyXd5gM8ILNdrgAArEQaEaaAF84Z.tZm', 2, '', '2019-01-09 10:31:27', '2019-01-09 10:31:27'),
(111, 'Nicolas', 'nicolasvazquezp@student.itjvallereal.edu.mx', 'Vazquez', 'Plancarte', '0000-00-00', 'Mexicana', 'M', '$2y$10$ipsrcNT6PotBTrAlxa4s/uyXd5gM8ILNdrgAArEQaEaaAF84Z.tZm', 2, '', '2019-01-09 10:31:27', '2019-01-09 10:31:27'),
(112, 'Matias', 'matiaslucerom@student.itjvallereal.edu.mx', 'Lucero', 'Marin', '0000-00-00', 'Guatemalteca', 'M', '$2y$10$ipsrcNT6PotBTrAlxa4s/uyXd5gM8ILNdrgAArEQaEaaAF84Z.tZm', 2, '', '2019-01-09 10:31:27', '2019-01-09 10:31:27'),
(113, 'Natalia', 'nataliamartindelcampoh@student.itjvallereal.edu.mx', 'Martin Del Campo', 'Hernandez', '0000-00-00', 'Mexicana', 'F', '$2y$10$ipsrcNT6PotBTrAlxa4s/uyXd5gM8ILNdrgAArEQaEaaAF84Z.tZm', 2, '', '2019-01-09 10:31:27', '2019-01-09 10:31:27'),
(114, 'Kellyann', 'kellyanncuevasm@student.itjvallereal.edu.mx', 'Cuevas', 'Merryman', '0000-00-00', 'Mexicana', 'F', '$2y$10$ipsrcNT6PotBTrAlxa4s/uyXd5gM8ILNdrgAArEQaEaaAF84Z.tZm', 2, '', '2019-01-09 10:31:27', '2019-01-09 10:31:27'),
(115, 'Lia Camila', 'liacamilaacostai@student.itjvallereal.edu.mx', 'Acosta', 'Ibarra', '0000-00-00', 'Estadounidense', 'F', '$2y$10$ipsrcNT6PotBTrAlxa4s/uyXd5gM8ILNdrgAArEQaEaaAF84Z.tZm', 2, '', '2019-01-09 10:31:27', '2019-01-09 10:31:27'),
(116, 'Matias', 'matiasvelascos@student.itjvallereal.edu.mx', 'Velasco', 'Sanchez', '0000-00-00', 'Mexicana', 'M', '$2y$10$ipsrcNT6PotBTrAlxa4s/uyXd5gM8ILNdrgAArEQaEaaAF84Z.tZm', 2, '', '2019-01-09 10:31:27', '2019-01-09 10:31:27'),
(117, 'Dayana', 'dayanaalmadar@student.itjvallereal.edu.mx', 'Almada', 'Rea', '0000-00-00', 'Mexicana', 'F', '$2y$10$ipsrcNT6PotBTrAlxa4s/uyXd5gM8ILNdrgAArEQaEaaAF84Z.tZm', 2, '', '2019-01-09 10:31:27', '2019-01-09 10:31:27'),
(118, 'Fernanda Sofia', 'fernandasofiaaguirres@student.itjvallereal.edu.mx', 'Aguirre', 'Sanchez', '0000-00-00', 'Mexicana', 'F', '$2y$10$ipsrcNT6PotBTrAlxa4s/uyXd5gM8ILNdrgAArEQaEaaAF84Z.tZm', 2, '', '2019-01-09 10:31:27', '2019-01-09 10:31:27'),
(119, 'Leopoldo Emiliano', 'leopoldoemilianocastellanosv@student.itjvallereal.edu.mx', 'Castellanos', 'Velazquez', '2040-06-00', 'Mexicana', 'M', '$2y$10$ipsrcNT6PotBTrAlxa4s/uyXd5gM8ILNdrgAArEQaEaaAF84Z.tZm', 2, '', '2019-01-09 10:31:27', '2019-01-09 10:31:27'),
(120, 'Juan Pablo', 'juanpablofernandezj@student.itjvallereal.edu.mx', 'Fernandez', 'Jimenez', '0000-00-00', 'Mexicana', 'M', '$2y$10$ipsrcNT6PotBTrAlxa4s/uyXd5gM8ILNdrgAArEQaEaaAF84Z.tZm', 2, '', '2019-01-09 10:31:27', '2019-01-09 10:31:27'),
(121, 'Alfredo', 'alfredogomezv@student.itjvallereal.edu.mx', 'Gomez', 'Vuilleumier', '2040-07-01', 'Mexicana', 'M', '$2y$10$ipsrcNT6PotBTrAlxa4s/uyXd5gM8ILNdrgAArEQaEaaAF84Z.tZm', 2, '', '2019-01-09 10:31:27', '2019-01-09 10:31:27'),
(122, 'Natalia', 'nataliahernandezt@student.itjvallereal.edu.mx', 'Hernandez', 'Toledo', '0000-00-00', 'Mexicana', 'F', '$2y$10$ipsrcNT6PotBTrAlxa4s/uyXd5gM8ILNdrgAArEQaEaaAF84Z.tZm', 2, 'd3vDyeYm12T33dMUcLhhOLlPEetQaozs9Iy5dAXmtrnIOoSj3S2IhGeCro56', '2019-01-09 10:31:27', '2019-01-09 10:31:27'),
(123, 'Jose Pablo', 'josepablojimeneza@student.itjvallereal.edu.mx', 'Jimenez', 'Arreola', '0000-00-00', 'Mexicana', 'M', '$2y$10$ipsrcNT6PotBTrAlxa4s/uyXd5gM8ILNdrgAArEQaEaaAF84Z.tZm', 2, 'gJg7fTejTB7Dp1Mx5uSQniPoyW5W8aF5G9K8MjaesyM3QrLTK9XFKG3Anlht', '2019-01-09 10:31:27', '2019-01-09 10:31:27'),
(124, 'Andres', 'andresmayoc@student.itjvallereal.edu.mx', 'Mayo', 'Caballero', '0000-00-00', 'Mexicana', 'M', '$2y$10$ipsrcNT6PotBTrAlxa4s/uyXd5gM8ILNdrgAArEQaEaaAF84Z.tZm', 2, 'UqYCTw9zxzovWKjRy8vJkxmWpsVhybwrXHGyllR6HQEliRMUiXxDOJxDEPrZ', '2019-01-09 10:31:27', '2019-01-09 10:31:27'),
(125, 'Deenely', 'deenelyorozcoe@student.itjvallereal.edu.mx', 'Orozco', 'Elenes', '2040-10-08', 'Mexicana', 'F', '$2y$10$ipsrcNT6PotBTrAlxa4s/uyXd5gM8ILNdrgAArEQaEaaAF84Z.tZm', 2, '8OPb72fRJhiVM0hQyu8kElXaIHyE1GRGfL6dFVLbiC6ARsnvuZNGiLgnEwYg', '2019-01-09 10:31:27', '2019-01-09 10:31:27'),
(126, 'Michelle', 'michelleherrerag@student.itjvallereal.edu.mx', 'Herrera', 'Gonzalez', '0000-00-00', 'Mexicana', 'F', '$2y$10$ipsrcNT6PotBTrAlxa4s/uyXd5gM8ILNdrgAArEQaEaaAF84Z.tZm', 2, 'RCaLlmmXbcsFipQ7m5as86cI0pcZL4TVxMvXjd6c0TSC6NRUqRuwfDQf3Wut', '2019-01-09 10:31:27', '2019-01-09 10:31:27'),
(127, 'Mateo', 'mateocisneross@student.itjvallereal.edu.mx', 'Cisneros', 'Sanchez', '0000-00-00', 'Mexicana', 'M', '$2y$10$ipsrcNT6PotBTrAlxa4s/uyXd5gM8ILNdrgAArEQaEaaAF84Z.tZm', 2, 'FJ5tPbwbDqUQr9s9YMIZgnloql6TGiLVI7Xq8ok4X9zeNPplL4M5FDytryBh', '2019-01-09 10:31:27', '2019-01-09 10:31:27'),
(128, 'Daniela', 'danielareyesm@student.itjvallereal.edu.mx', 'Reyes', 'Miramontes', '0000-00-00', 'Mexicana', 'F', '$2y$10$ipsrcNT6PotBTrAlxa4s/uyXd5gM8ILNdrgAArEQaEaaAF84Z.tZm', 2, '', '2019-01-09 10:31:27', '2019-01-09 10:31:27'),
(129, 'Jacqueline Marie', 'jacquelinemariedelfine@student.itjvallereal.edu.mx', 'Delfin', 'Elizalde', '2040-06-01', 'Mexicana / Estadounidense', 'F', '$2y$10$ipsrcNT6PotBTrAlxa4s/uyXd5gM8ILNdrgAArEQaEaaAF84Z.tZm', 2, '', '2019-01-09 10:31:27', '2019-01-09 10:31:27'),
(130, 'Mariano', 'marianodelunai@student.itjvallereal.edu.mx', 'De Luna', 'Iriarte', '0000-00-00', 'Mexicana', 'M', '$2y$10$ipsrcNT6PotBTrAlxa4s/uyXd5gM8ILNdrgAArEQaEaaAF84Z.tZm', 2, '', '2019-01-09 10:31:27', '2019-01-09 10:31:27'),
(131, 'Vanessa', 'vanessaelizondoc@student.itjvallereal.edu.mx', 'Elizondo', 'Cuevas', '0000-00-00', 'Mexicana', 'F', '$2y$10$ipsrcNT6PotBTrAlxa4s/uyXd5gM8ILNdrgAArEQaEaaAF84Z.tZm', 2, '', '2019-01-09 10:31:27', '2019-01-09 10:31:27'),
(132, 'Sofia Issabella', 'sofiaissabellaibarraa@student.itjvallereal.edu.mx', 'Ibarra', 'Alava', '0000-00-00', 'Estadounidense', 'F', '$2y$10$ipsrcNT6PotBTrAlxa4s/uyXd5gM8ILNdrgAArEQaEaaAF84Z.tZm', 2, '0mHrKSCZPGXdb6mJqcsVdhWbK8FD1qOzAJ8yj6MdzJLkEusfTOLglWHrga4y', '2019-01-09 10:31:27', '2019-01-09 10:31:27'),
(133, 'Miranda', 'mirandamaldonadot@student.itjvallereal.edu.mx', 'Maldonado', 'Tadeo', '2040-10-08', 'Mexicana', 'F', '$2y$10$ipsrcNT6PotBTrAlxa4s/uyXd5gM8ILNdrgAArEQaEaaAF84Z.tZm', 2, '', '2019-01-09 10:31:27', '2019-01-09 10:31:27'),
(134, 'Rodrigo', 'rodrigogonzalezr@student.itjvallereal.edu.mx', 'Gonzalez', 'Radillo', '0000-00-00', 'Mexicana', 'M', '$2y$10$ipsrcNT6PotBTrAlxa4s/uyXd5gM8ILNdrgAArEQaEaaAF84Z.tZm', 2, '', '2019-01-09 10:31:27', '2019-01-09 10:31:27'),
(135, 'Sebastian', 'sebastianheyserv@student.itjvallereal.edu.mx', 'Heyser', 'Venegas', '0000-00-00', 'Mexicana', 'M', '$2y$10$ipsrcNT6PotBTrAlxa4s/uyXd5gM8ILNdrgAArEQaEaaAF84Z.tZm', 2, '', '2019-01-09 10:31:27', '2019-01-09 10:31:27'),
(136, 'Santiago Lucca', 'santiagoluccapereirap@student.itjvallereal.edu.mx', 'Pereira', 'Padilla', '0000-00-00', 'Mexicana', 'M', '$2y$10$ipsrcNT6PotBTrAlxa4s/uyXd5gM8ILNdrgAArEQaEaaAF84Z.tZm', 2, '', '2019-01-09 10:31:27', '2019-01-09 10:31:27'),
(137, 'Nicolas', 'nicolasochoay@student.itjvallereal.edu.mx', 'Ochoa', 'Yamhure', '0000-00-00', 'Mexicana', 'M', '$2y$10$ipsrcNT6PotBTrAlxa4s/uyXd5gM8ILNdrgAArEQaEaaAF84Z.tZm', 2, '', '2019-01-09 10:31:27', '2019-01-09 10:31:27'),
(138, 'Priscilla Giselle', 'priscillagisellehurleyg@student.itjvallereal.edu.mx', 'Hurley', 'Garza', '0000-00-00', 'Mexicana / Estadounidense', 'F', '$2y$10$ipsrcNT6PotBTrAlxa4s/uyXd5gM8ILNdrgAArEQaEaaAF84Z.tZm', 2, '', '2019-01-09 10:31:27', '2019-01-09 10:31:27'),
(139, 'Nicolas', 'nicolassantosp@student.itjvallereal.edu.mx', 'Santos', 'Pacios', '0000-00-00', 'Española', 'M', '$2y$10$ipsrcNT6PotBTrAlxa4s/uyXd5gM8ILNdrgAArEQaEaaAF84Z.tZm', 2, '', '2019-01-09 10:31:27', '2019-01-09 10:31:27'),
(140, 'Nicolas', 'nicolaselorriagac@student.itjvallereal.edu.mx', 'Elorriaga', 'Casta?eda', '0000-00-00', 'Mexicano', 'M', '$2y$10$ipsrcNT6PotBTrAlxa4s/uyXd5gM8ILNdrgAArEQaEaaAF84Z.tZm', 2, '', '2019-01-09 10:31:27', '2019-01-09 10:31:27'),
(141, 'Ana Camila', 'anacamilaortizg@student.itjvallereal.edu.mx', 'Ortiz', 'Guijarro', '2040-01-02', 'Mexicana', 'F', '$2y$10$ipsrcNT6PotBTrAlxa4s/uyXd5gM8ILNdrgAArEQaEaaAF84Z.tZm', 2, '', '2019-01-09 10:31:27', '2019-01-09 10:31:27'),
(142, 'Viviana', 'vivianasalazarv@student.itjvallereal.edu.mx', 'Salazar', 'Valencia', '0000-00-00', 'Mexicana', 'F', '$2y$10$ipsrcNT6PotBTrAlxa4s/uyXd5gM8ILNdrgAArEQaEaaAF84Z.tZm', 2, '', '2019-01-09 10:31:27', '2019-01-09 10:31:27'),
(143, 'Jose Carlos', 'josecarlosduarter@student.itjvallereal.edu.mx', 'Duarte', 'Rivas', '0000-00-00', 'Mexicana', 'M', '$2y$10$ipsrcNT6PotBTrAlxa4s/uyXd5gM8ILNdrgAArEQaEaaAF84Z.tZm', 2, '', '2019-01-09 10:31:27', '2019-01-09 10:31:27'),
(144, 'Gabriela', 'gabrielafernandezm@student.itjvallereal.edu.mx', 'Fernandez', 'Martinez', '0000-00-00', 'Mexicana', 'F', '$2y$10$ipsrcNT6PotBTrAlxa4s/uyXd5gM8ILNdrgAArEQaEaaAF84Z.tZm', 2, '', '2019-01-09 10:31:27', '2019-01-09 10:31:27'),
(145, 'Natalia', 'natalialerma@student.itjvallereal.edu.mx', 'Lerma', '', '2040-12-01', 'Estadounidense', 'F', '$2y$10$ipsrcNT6PotBTrAlxa4s/uyXd5gM8ILNdrgAArEQaEaaAF84Z.tZm', 2, '', '2019-01-09 10:31:27', '2019-01-09 10:31:27'),
(146, 'Guillermo', 'guillermomunoza@student.itjvallereal.edu.mx', 'Muñoz', 'Avila', '0000-00-00', 'Estadounidense', 'M', '$2y$10$ipsrcNT6PotBTrAlxa4s/uyXd5gM8ILNdrgAArEQaEaaAF84Z.tZm', 2, '', '2019-01-09 10:31:27', '2019-01-09 10:31:27'),
(147, 'Daniel Alejandro', 'danielalejandroochoag@student.itjvallereal.edu.mx', 'Ochoa', 'Garcia', '0000-00-00', 'Mexicana', 'M', '$2y$10$ipsrcNT6PotBTrAlxa4s/uyXd5gM8ILNdrgAArEQaEaaAF84Z.tZm', 2, '', '2019-01-09 10:31:27', '2019-01-09 10:31:27'),
(148, 'Abram', 'abramrizot@student.itjvallereal.edu.mx', 'Rizo', 'Tamayo', '0000-00-00', 'Mexicana', 'M', '$2y$10$ipsrcNT6PotBTrAlxa4s/uyXd5gM8ILNdrgAArEQaEaaAF84Z.tZm', 2, '', '2019-01-09 10:31:27', '2019-01-09 10:31:27'),
(149, 'Carlos Enrique', 'carlosenriquegdequevedog@student.itjvallereal.edu.mx', 'G De Quevedo', 'Gonzalez Duran', '0000-00-00', 'Estadounidense', 'M', '$2y$10$ipsrcNT6PotBTrAlxa4s/uyXd5gM8ILNdrgAArEQaEaaAF84Z.tZm', 2, '', '2019-01-09 10:31:27', '2019-01-09 10:31:27'),
(150, 'Mateo', 'mateopalominoj@student.itjvallereal.edu.mx', 'Palomino', 'Jimenez', '0000-00-00', 'Estadounidense', 'M', '$2y$10$ipsrcNT6PotBTrAlxa4s/uyXd5gM8ILNdrgAArEQaEaaAF84Z.tZm', 2, '', '2019-01-09 10:31:27', '2019-01-09 10:31:27'),
(151, 'Marian Isabela', 'marianisabelalopezt@student.itjvallereal.edu.mx', 'Lopez', 'Torres', '0000-00-00', 'Mexicana', 'F', '$2y$10$ipsrcNT6PotBTrAlxa4s/uyXd5gM8ILNdrgAArEQaEaaAF84Z.tZm', 2, '', '2019-01-09 10:31:27', '2019-01-09 10:31:27'),
(152, 'Carlo Gabriel', 'carlogabrielrojasp@student.itjvallereal.edu.mx', 'Rojas', 'Pizzo', '0000-00-00', 'Mexicana', 'M', '$2y$10$ipsrcNT6PotBTrAlxa4s/uyXd5gM8ILNdrgAArEQaEaaAF84Z.tZm', 2, '', '2019-01-09 10:31:27', '2019-01-09 10:31:27'),
(153, 'Jorge Luis', 'jorgeluismezaa@student.itjvallereal.edu.mx', 'Meza', 'Araujo', '0000-00-00', 'Mexicana Estadounidense', 'M', '$2y$10$ipsrcNT6PotBTrAlxa4s/uyXd5gM8ILNdrgAArEQaEaaAF84Z.tZm', 2, '', '2019-01-09 10:31:27', '2019-01-09 10:31:27'),
(154, 'Tessa', 'tessamaldonadoc@student.itjvallereal.edu.mx', 'Maldonado', 'Chaveznava', '2040-08-07', 'Mexicana', 'F', '$2y$10$ipsrcNT6PotBTrAlxa4s/uyXd5gM8ILNdrgAArEQaEaaAF84Z.tZm', 2, '', '2019-01-09 10:31:27', '2019-01-09 10:31:27'),
(155, 'Mateo', 'mateojerezv@student.itjvallereal.edu.mx', 'Jerez', 'Valerio', '0000-00-00', 'Mexicana', 'M', '$2y$10$ipsrcNT6PotBTrAlxa4s/uyXd5gM8ILNdrgAArEQaEaaAF84Z.tZm', 2, '', '2019-01-09 10:31:27', '2019-01-09 10:31:27'),
(156, 'Ivanka', 'ivankaramirezr@student.itjvallereal.edu.mx', 'Ramirez', 'Ramirez', '2040-11-05', 'Mexicana', 'F', '$2y$10$ipsrcNT6PotBTrAlxa4s/uyXd5gM8ILNdrgAArEQaEaaAF84Z.tZm', 2, '', '2019-01-09 10:31:27', '2019-01-09 10:31:27'),
(157, 'Valentina', 'valentinasotoc@student.itjvallereal.edu.mx', 'Soto', 'Casta?eda', '0000-00-00', 'Mexicana', 'F', '$2y$10$ipsrcNT6PotBTrAlxa4s/uyXd5gM8ILNdrgAArEQaEaaAF84Z.tZm', 2, '', '2019-01-09 10:31:27', '2019-01-09 10:31:27'),
(158, 'Mateo', 'mateofrancob@student.itjvallereal.edu.mx', 'Franco', 'Barba', '0000-00-00', 'Mexicana', 'M', '$2y$10$ipsrcNT6PotBTrAlxa4s/uyXd5gM8ILNdrgAArEQaEaaAF84Z.tZm', 2, '', '2019-01-09 10:31:27', '2019-01-09 10:31:27'),
(159, 'Jorge Alberto', 'jorgealbertotorresm@student.itjvallereal.edu.mx', 'Torres', 'Mata', '0000-00-00', 'Mexicana', 'M', '$2y$10$ipsrcNT6PotBTrAlxa4s/uyXd5gM8ILNdrgAArEQaEaaAF84Z.tZm', 2, '', '2019-01-09 10:31:27', '2019-01-09 10:31:27'),
(160, 'Sophia Gabriela', 'sophiagabrielaguerrag@student.itjvallereal.edu.mx', 'Guerra', 'Guerrero', '2040-02-00', 'Canadiense', 'F', '$2y$10$ipsrcNT6PotBTrAlxa4s/uyXd5gM8ILNdrgAArEQaEaaAF84Z.tZm', 2, '', '2019-01-09 10:31:27', '2019-01-09 10:31:27'),
(161, 'Danna Isabella', 'dannaisabellajuareza@student.itjvallereal.edu.mx', 'Juarez', 'Ali Modad', '0000-00-00', 'Mexicana', 'F', '$2y$10$ipsrcNT6PotBTrAlxa4s/uyXd5gM8ILNdrgAArEQaEaaAF84Z.tZm', 2, '', '2019-01-09 10:31:27', '2019-01-09 10:31:27'),
(162, 'Romina', 'rominabarreraf@student.itjvallereal.edu.mx', 'Barrera', 'Flores', '0000-00-00', 'Mexicana', 'F', '$2y$10$ipsrcNT6PotBTrAlxa4s/uyXd5gM8ILNdrgAArEQaEaaAF84Z.tZm', 2, '', '2019-01-09 10:31:27', '2019-01-09 10:31:27'),
(163, 'Mariana', 'marianaperezl@student.itjvallereal.edu.mx', 'Perez', 'Leon', '0000-00-00', 'Mexicana', 'F', '$2y$10$ipsrcNT6PotBTrAlxa4s/uyXd5gM8ILNdrgAArEQaEaaAF84Z.tZm', 2, '', '2019-01-09 10:31:27', '2019-01-09 10:31:27'),
(164, 'Mateo Andres', 'mateoandresalfonsog@student.itjvallereal.edu.mx', 'Alfonso', 'Granja De Abreu', '0000-00-00', 'Mexicana', 'M', '$2y$10$ipsrcNT6PotBTrAlxa4s/uyXd5gM8ILNdrgAArEQaEaaAF84Z.tZm', 2, '', '2019-01-09 10:31:27', '2019-01-09 10:31:27'),
(165, 'Romina', 'rominavillarinom@student.itjvallereal.edu.mx', 'Villarino', 'Morales', '0000-00-00', 'Mexicana', 'F', '$2y$10$ipsrcNT6PotBTrAlxa4s/uyXd5gM8ILNdrgAArEQaEaaAF84Z.tZm', 2, '', '2019-01-09 10:31:27', '2019-01-09 10:31:27'),
(166, 'Tamara', 'tamaravilaq@student.itjvallereal.edu.mx', 'Vila', 'Quiros', '2040-01-08', 'Mexicana', 'F', '$2y$10$ipsrcNT6PotBTrAlxa4s/uyXd5gM8ILNdrgAArEQaEaaAF84Z.tZm', 2, '', '2019-01-09 10:31:27', '2019-01-09 10:31:27'),
(167, 'Bruno', 'brunodubinr@student.itjvallereal.edu.mx', 'Dubin', 'Romero', '0000-00-00', 'Mexicana', 'M', '$2y$10$ipsrcNT6PotBTrAlxa4s/uyXd5gM8ILNdrgAArEQaEaaAF84Z.tZm', 2, '', '2019-01-09 10:31:27', '2019-01-09 10:31:27'),
(168, 'Iliana Valenka', 'ilianavalenkafragosot@student.itjvallereal.edu.mx', 'Fragoso', 'Tovar', '0000-00-00', 'Mexicana', 'F', '$2y$10$ipsrcNT6PotBTrAlxa4s/uyXd5gM8ILNdrgAArEQaEaaAF84Z.tZm', 2, '', '2019-01-09 10:31:27', '2019-01-09 10:31:27'),
(169, 'Gael Alejandro', 'gaelalejandrohernandezc@student.itjvallereal.edu.mx', 'Hernandez', 'Cortes', '0000-00-00', 'Mexicana', 'M', '$2y$10$ipsrcNT6PotBTrAlxa4s/uyXd5gM8ILNdrgAArEQaEaaAF84Z.tZm', 2, '', '2019-01-09 10:31:27', '2019-01-09 10:31:27'),
(170, 'Fernanda', 'fernandalopezo@student.itjvallereal.edu.mx', 'Lopez', 'Osuna', '0000-00-00', 'Mexicana', 'F', '$2y$10$ipsrcNT6PotBTrAlxa4s/uyXd5gM8ILNdrgAArEQaEaaAF84Z.tZm', 2, '', '2019-01-09 10:31:27', '2019-01-09 10:31:27'),
(171, 'Santiago', 'santiagoavilez@student.itjvallereal.edu.mx', 'Avilez', '', '2040-02-04', 'Estadounidense', 'M', '$2y$10$ipsrcNT6PotBTrAlxa4s/uyXd5gM8ILNdrgAArEQaEaaAF84Z.tZm', 2, '', '2019-01-09 10:31:27', '2019-01-09 10:31:27'),
(172, 'Juan Cristobal', 'juancristobalcarrascoa@student.itjvallereal.edu.mx', 'Carrasco', 'Alvarado', '0000-00-00', 'Estadounidense', 'M', '$2y$10$ipsrcNT6PotBTrAlxa4s/uyXd5gM8ILNdrgAArEQaEaaAF84Z.tZm', 2, '', '2019-01-09 10:31:27', '2019-01-09 10:31:27'),
(173, 'Mateo', 'mateodel abregos@student.itjvallereal.edu.mx', 'Del Abrego', 'Spasic', '0000-00-00', 'Serbia', 'M', '$2y$10$ipsrcNT6PotBTrAlxa4s/uyXd5gM8ILNdrgAArEQaEaaAF84Z.tZm', 2, '', '2019-01-09 10:31:27', '2019-01-09 10:31:27'),
(174, 'Sebastien', 'sebastienanayaa@student.itjvallereal.edu.mx', 'Anaya', 'Alvarez', '2040-02-02', 'Estadounidense', 'M', '$2y$10$ipsrcNT6PotBTrAlxa4s/uyXd5gM8ILNdrgAArEQaEaaAF84Z.tZm', 2, '', '2019-01-09 10:31:27', '2019-01-09 10:31:27'),
(175, 'Juan Alvaro', 'juanalvaromichelv@student.itjvallereal.edu.mx', 'Michel', 'Villarreal', '0000-00-00', 'Mexicana', 'M', '$2y$10$ipsrcNT6PotBTrAlxa4s/uyXd5gM8ILNdrgAArEQaEaaAF84Z.tZm', 2, '', '2019-01-09 10:31:27', '2019-01-09 10:31:27'),
(176, 'Maya', 'mayagomezr@student.itjvallereal.edu.mx', 'Gomez', 'Reynoso', '2040-11-08', 'Mexicana', 'F', '$2y$10$ipsrcNT6PotBTrAlxa4s/uyXd5gM8ILNdrgAArEQaEaaAF84Z.tZm', 2, '', '2019-01-09 10:31:27', '2019-01-09 10:31:27'),
(177, 'Renata', 'renataorestanov@student.itjvallereal.edu.mx', 'Orestano', 'Van Aartsen', '2040-06-07', 'Mexicana', 'F', '$2y$10$ipsrcNT6PotBTrAlxa4s/uyXd5gM8ILNdrgAArEQaEaaAF84Z.tZm', 2, 'p7ZEs5uaXgQKtCfLzgVqxwrqJoVofQqidbrZon7Ne7fMW3kYwg6reO8KEMsJ', '2019-01-09 10:31:27', '2019-01-09 10:31:27'),
(178, 'Gustavo Valentino', 'gustavovalentinocortezr@student.itjvallereal.edu.mx', 'Cortez', 'Ruvalcaba', '0000-00-00', 'Mexicana', 'M', '$2y$10$ipsrcNT6PotBTrAlxa4s/uyXd5gM8ILNdrgAArEQaEaaAF84Z.tZm', 2, '', '2019-01-09 10:31:27', '2019-01-09 10:31:27'),
(179, 'Angel Miguel', 'angelmiguelarriagag@student.itjvallereal.edu.mx', 'Arriaga', 'Gomez', '2040-07-07', 'Mexicana', 'M', '$2y$10$ipsrcNT6PotBTrAlxa4s/uyXd5gM8ILNdrgAArEQaEaaAF84Z.tZm', 2, '', '2019-01-09 10:31:27', '2019-01-09 10:31:27'),
(180, 'Emma', 'emmaramosl@student.itjvallereal.edu.mx', 'Ramos', 'Leon', '0000-00-00', 'Mexicana', 'F', '$2y$10$ipsrcNT6PotBTrAlxa4s/uyXd5gM8ILNdrgAArEQaEaaAF84Z.tZm', 2, '', '2019-01-09 10:31:27', '2019-01-09 10:31:27'),
(181, 'Aitana Sarahi', 'aitanasarahitorresm@student.itjvallereal.edu.mx', 'Torres', 'Macias', '0000-00-00', 'Mexicana', 'F', '$2y$10$ipsrcNT6PotBTrAlxa4s/uyXd5gM8ILNdrgAArEQaEaaAF84Z.tZm', 2, '', '2019-01-09 10:31:27', '2019-01-09 10:31:27'),
(182, 'Carlos Aaron', 'carlosaaronlopezp@student.itjvallereal.edu.mx', 'Lopez', 'Pinto', '0000-00-00', 'Mexicana', 'M', '$2y$10$ipsrcNT6PotBTrAlxa4s/uyXd5gM8ILNdrgAArEQaEaaAF84Z.tZm', 2, '', '2019-01-09 10:31:27', '2019-01-09 10:31:27'),
(183, 'Allisson', 'allissonplatar@student.itjvallereal.edu.mx', 'Plata', 'Rodriguez', '2040-08-05', '', 'F', '$2y$10$ipsrcNT6PotBTrAlxa4s/uyXd5gM8ILNdrgAArEQaEaaAF84Z.tZm', 2, '', '2019-01-09 10:31:27', '2019-01-09 10:31:27'),
(184, 'Juliette Lizette', 'juliettelizettehernandezl@student.itjvallereal.edu.mx', 'Hernandez', 'Ledesma', '0000-00-00', 'Mexicana', 'F', '$2y$10$ipsrcNT6PotBTrAlxa4s/uyXd5gM8ILNdrgAArEQaEaaAF84Z.tZm', 2, '', '2019-01-09 10:31:27', '2019-01-09 10:31:27'),
(185, 'Amy Geraldine', 'amygeraldinevillarealm@student.itjvallereal.edu.mx', 'Villareal', 'Meza', '0000-00-00', 'Mexicana', 'F', '$2y$10$ipsrcNT6PotBTrAlxa4s/uyXd5gM8ILNdrgAArEQaEaaAF84Z.tZm', 2, '', '2019-01-09 10:31:27', '2019-01-09 10:31:27'),
(186, 'Eugenio', 'eugeniolozanoc@student.itjvallereal.edu.mx', 'Lozano', 'Cavazos', '0000-00-00', 'Mexicana', 'M', '$2y$10$ipsrcNT6PotBTrAlxa4s/uyXd5gM8ILNdrgAArEQaEaaAF84Z.tZm', 2, '', '2019-01-09 10:31:27', '2019-01-09 10:31:27'),
(187, 'Myla Alexandra', 'mylaalexandrarodriguezv@student.itjvallereal.edu.mx', 'Rodriguez', 'Valenzuela', '0000-00-00', 'Mexicana / Estadounidense', 'F', '$2y$10$ipsrcNT6PotBTrAlxa4s/uyXd5gM8ILNdrgAArEQaEaaAF84Z.tZm', 2, '', '2019-01-09 10:31:27', '2019-01-09 10:31:27'),
(188, 'Joanna', 'joannamendozar@student.itjvallereal.edu.mx', 'Mendoza', 'Rodriguez', '0000-00-00', 'Mexicana', 'F', '$2y$10$ipsrcNT6PotBTrAlxa4s/uyXd5gM8ILNdrgAArEQaEaaAF84Z.tZm', 2, '', '2019-01-09 10:31:27', '2019-01-09 10:31:27'),
(189, 'Rohan', 'rohanprasad@student.itjvallereal.edu.mx', 'Prasad', '', '0000-00-00', 'India', 'M', '$2y$10$ipsrcNT6PotBTrAlxa4s/uyXd5gM8ILNdrgAArEQaEaaAF84Z.tZm', 2, '', '2019-01-09 10:31:27', '2019-01-09 10:31:27'),
(190, 'Tomas', 'tomassantosl@student.itjvallereal.edu.mx', 'Santos', 'Leon', '0000-00-00', 'Mexicana', 'M', '$2y$10$ipsrcNT6PotBTrAlxa4s/uyXd5gM8ILNdrgAArEQaEaaAF84Z.tZm', 2, '', '2019-01-09 10:31:27', '2019-01-09 10:31:27'),
(191, 'Fernanda Karely', 'fernandakarelygonzalezg@student.itjvallereal.edu.mx', 'Gonzalez', 'Garcia', '0000-00-00', 'Mexicana', 'F', '$2y$10$ipsrcNT6PotBTrAlxa4s/uyXd5gM8ILNdrgAArEQaEaaAF84Z.tZm', 2, '', '2019-01-09 10:31:27', '2019-01-09 10:31:27'),
(192, 'Andrea Sofia', 'andreasofiagonzalezl@student.itjvallereal.edu.mx', 'Gonzalez', 'Limon', '0000-00-00', 'Mexicana', 'F', '$2y$10$ipsrcNT6PotBTrAlxa4s/uyXd5gM8ILNdrgAArEQaEaaAF84Z.tZm', 2, '', '2019-01-09 10:31:27', '2019-01-09 10:31:27'),
(193, 'Santiago', 'santiagocolinf@student.itjvallereal.edu.mx', 'Colin', 'Flores', '0000-00-00', 'Mexicana', 'M', '$2y$10$ipsrcNT6PotBTrAlxa4s/uyXd5gM8ILNdrgAArEQaEaaAF84Z.tZm', 2, '', '2019-01-09 10:31:27', '2019-01-09 10:31:27'),
(194, 'Sophia Montserrath', 'sophiamontserrathmadrigalg@student.itjvallereal.edu.mx', 'Madrigal', 'Gonzalez', '0000-00-00', 'Mexicana', 'F', '$2y$10$ipsrcNT6PotBTrAlxa4s/uyXd5gM8ILNdrgAArEQaEaaAF84Z.tZm', 2, '', '2019-01-09 10:31:27', '2019-01-09 10:31:27'),
(195, 'Guillermo', 'guillermoorozcof@student.itjvallereal.edu.mx', 'Orozco', 'Felix', '0000-00-00', 'Mexicana', 'M', '$2y$10$ipsrcNT6PotBTrAlxa4s/uyXd5gM8ILNdrgAArEQaEaaAF84Z.tZm', 2, '', '2019-01-09 10:31:27', '2019-01-09 10:31:27'),
(196, 'Abraham', 'abrahamortiza@student.itjvallereal.edu.mx', 'Ortiz', 'Agnesi', '0000-00-00', 'Mexicana', 'M', '$2y$10$ipsrcNT6PotBTrAlxa4s/uyXd5gM8ILNdrgAArEQaEaaAF84Z.tZm', 2, '', '2019-01-09 10:31:27', '2019-01-09 10:31:27'),
(197, 'Eduardo', 'eduardorodriguezz@student.itjvallereal.edu.mx', 'Rodriguez', 'Zavalza', '0000-00-00', 'Mexicana', 'M', '$2y$10$ipsrcNT6PotBTrAlxa4s/uyXd5gM8ILNdrgAArEQaEaaAF84Z.tZm', 2, '', '2019-01-09 10:31:27', '2019-01-09 10:31:27'),
(198, 'Carla Mariana', 'carlamarianaaguayoe@student.itjvallereal.edu.mx', 'Aguayo', 'Esparza', '0000-00-00', 'Mexicana', 'F', '$2y$10$ipsrcNT6PotBTrAlxa4s/uyXd5gM8ILNdrgAArEQaEaaAF84Z.tZm', 2, '', '2019-01-09 10:31:27', '2019-01-09 10:31:27'),
(199, 'Valeria Sofya', 'valeriasofyasan luism@student.itjvallereal.edu.mx', 'San Luis', 'Munguia', '0000-00-00', 'Mexicana', 'F', '$2y$10$ipsrcNT6PotBTrAlxa4s/uyXd5gM8ILNdrgAArEQaEaaAF84Z.tZm', 2, '', '2019-01-09 10:31:27', '2019-01-09 10:31:27'),
(200, 'Jorge Zahid', 'jorgezahidherreraj@student.itjvallereal.edu.mx', 'Herrera', 'Jimenez', '0000-00-00', 'Mexicana', 'M', '$2y$10$ipsrcNT6PotBTrAlxa4s/uyXd5gM8ILNdrgAArEQaEaaAF84Z.tZm', 2, '', '2019-01-09 10:31:27', '2019-01-09 10:31:27');
INSERT INTO `users` (`id`, `name`, `email`, `last_name`, `second_last_name`, `birthday`, `nationality`, `gender`, `password`, `department_id`, `remember_token`, `created_at`, `updated_at`) VALUES
(201, 'Marco', 'marcohechtd@student.itjvallereal.edu.mx', 'Hecht', 'D\'Urzo', '0000-00-00', 'Mexicana', 'M', '$2y$10$ipsrcNT6PotBTrAlxa4s/uyXd5gM8ILNdrgAArEQaEaaAF84Z.tZm', 2, '', '2019-01-09 10:31:27', '2019-01-09 10:31:27'),
(202, 'Vanya', 'vanyasaldanao@student.itjvallereal.edu.mx', 'Saldana', 'Ortiz', '0000-00-00', 'Mexicana', 'F', '$2y$10$ipsrcNT6PotBTrAlxa4s/uyXd5gM8ILNdrgAArEQaEaaAF84Z.tZm', 2, '', '2019-01-09 10:31:27', '2019-01-09 10:31:27'),
(203, 'Anna Michelle', 'annamichellevacad@student.itjvallereal.edu.mx', 'Vaca', 'Diaz De Leon', '0000-00-00', 'Mexicana', 'F', '$2y$10$ipsrcNT6PotBTrAlxa4s/uyXd5gM8ILNdrgAArEQaEaaAF84Z.tZm', 2, '', '2019-01-09 10:31:27', '2019-01-09 10:31:27'),
(204, 'Edgar', 'edgarcanedom@student.itjvallereal.edu.mx', 'Cañedo', 'Muñoz', '0000-00-00', 'Mexicana', 'M', '$2y$10$ipsrcNT6PotBTrAlxa4s/uyXd5gM8ILNdrgAArEQaEaaAF84Z.tZm', 2, '', '2019-01-09 10:31:27', '2019-01-09 10:31:27'),
(205, 'Luis', 'luissanabriam@student.itjvallereal.edu.mx', 'Sanabria', 'Macias', '0000-00-00', 'Mexicana / Estadounidense', 'M', '$2y$10$ipsrcNT6PotBTrAlxa4s/uyXd5gM8ILNdrgAArEQaEaaAF84Z.tZm', 2, '', '2019-01-09 10:31:27', '2019-01-09 10:31:27'),
(206, 'Marian', 'marianwinsnesp@student.itjvallereal.edu.mx', 'Winsnes', 'Pelayo', '0000-00-00', 'Mexicana', 'F', '$2y$10$ipsrcNT6PotBTrAlxa4s/uyXd5gM8ILNdrgAArEQaEaaAF84Z.tZm', 2, '', '2019-01-09 10:31:27', '2019-01-09 10:31:27'),
(207, 'Gabriela Valentina', 'gabrielavalentinaburgosc@student.itjvallereal.edu.mx', 'Burgos', 'Casta?eda', '0000-00-00', 'Mexicana', 'F', '$2y$10$ipsrcNT6PotBTrAlxa4s/uyXd5gM8ILNdrgAArEQaEaaAF84Z.tZm', 2, '', '2019-01-09 10:31:27', '2019-01-09 10:31:27'),
(208, 'Ivan', 'ivangomezr@student.itjvallereal.edu.mx', 'Gomez', 'Reynoso', '0000-00-00', 'Mexicana', 'M', '$2y$10$ipsrcNT6PotBTrAlxa4s/uyXd5gM8ILNdrgAArEQaEaaAF84Z.tZm', 2, '', '2019-01-09 10:31:27', '2019-01-09 10:31:27'),
(209, 'Daniel Alejandro', 'danielalejandromirandar@student.itjvallereal.edu.mx', 'Miranda', 'Reyes', '0000-00-00', 'Mexicana', 'M', '$2y$10$ipsrcNT6PotBTrAlxa4s/uyXd5gM8ILNdrgAArEQaEaaAF84Z.tZm', 2, 'oqKFGK2aB39Cg792WOOpSdISvy0CADbOqB9Hp601o2sIoN1Dwc06WLi5sxHN', '2019-01-09 10:31:27', '2019-01-09 10:31:27'),
(210, 'Ailed Megara', 'ailedmegararivasi@student.itjvallereal.edu.mx', 'Rivas', 'Isiordia', '0000-00-00', 'Mexicana', 'F', '$2y$10$ipsrcNT6PotBTrAlxa4s/uyXd5gM8ILNdrgAArEQaEaaAF84Z.tZm', 2, '', '2019-01-09 10:31:27', '2019-01-09 10:31:27'),
(211, 'Maria Fernanda', 'mariafernandacastillom@student.itjvallereal.edu.mx', 'Castillo', 'Marroquin', '0000-00-00', 'Guatemalteca', 'F', '$2y$10$ipsrcNT6PotBTrAlxa4s/uyXd5gM8ILNdrgAArEQaEaaAF84Z.tZm', 2, '', '2019-01-09 10:31:27', '2019-01-09 10:31:27'),
(212, 'Jorge Pavel', 'jorgepavelguarenap@student.itjvallereal.edu.mx', 'Guareña', 'Perez', '0000-00-00', 'Mexicana', 'M', '$2y$10$ipsrcNT6PotBTrAlxa4s/uyXd5gM8ILNdrgAArEQaEaaAF84Z.tZm', 2, '', '2019-01-09 10:31:27', '2019-01-09 10:31:27'),
(213, 'Victor Manuel', 'victormanueltorresp@student.itjvallereal.edu.mx', 'Torres', 'Perez', '0000-00-00', 'Estadounidense', 'M', '$2y$10$ipsrcNT6PotBTrAlxa4s/uyXd5gM8ILNdrgAArEQaEaaAF84Z.tZm', 2, 'KtjIDNkGpH6JhbNCRXRbqRl3r6oF5YD0yueB4RVBwNGxeXJdSayiFdnBgpWQ', '2019-01-09 10:31:27', '2019-01-09 10:31:27'),
(214, 'Regina', 'reginaascenciot@student.itjvallereal.edu.mx', 'Ascencio', 'Torres', '0000-00-00', 'Mexicana', 'F', '$2y$10$ipsrcNT6PotBTrAlxa4s/uyXd5gM8ILNdrgAArEQaEaaAF84Z.tZm', 2, '', '2019-01-09 10:31:27', '2019-01-09 10:31:27'),
(215, 'Jose Emiliano', 'joseemilianogonzalezl@student.itjvallereal.edu.mx', 'Gonzalez', 'Lopez', '0000-00-00', 'Mexicana', 'M', '$2y$10$ipsrcNT6PotBTrAlxa4s/uyXd5gM8ILNdrgAArEQaEaaAF84Z.tZm', 2, '', '2019-01-09 10:31:27', '2019-01-09 10:31:27'),
(216, 'Alexa', 'alexahasseyn@student.itjvallereal.edu.mx', 'Hassey', 'Nuñez', '0000-00-00', 'Mexicana / Estadounidense', 'F', '$2y$10$ipsrcNT6PotBTrAlxa4s/uyXd5gM8ILNdrgAArEQaEaaAF84Z.tZm', 2, '', '2019-01-09 10:31:27', '2019-01-09 10:31:27'),
(217, 'Nicolas', 'nicolasriveram@student.itjvallereal.edu.mx', 'Rivera', 'Menchaca', '0000-00-00', 'Mexicana', 'M', '$2y$10$ipsrcNT6PotBTrAlxa4s/uyXd5gM8ILNdrgAArEQaEaaAF84Z.tZm', 2, '', '2019-01-09 10:31:27', '2019-01-09 10:31:27'),
(218, 'Renata', 'renatarodriguezc@student.itjvallereal.edu.mx', 'Rodriguez', 'Cortes', '0000-00-00', 'Mexicana', 'F', '$2y$10$ipsrcNT6PotBTrAlxa4s/uyXd5gM8ILNdrgAArEQaEaaAF84Z.tZm', 2, '', '2019-01-09 10:31:27', '2019-01-09 10:31:27'),
(219, 'Sofia', 'sofiasevillar@student.itjvallereal.edu.mx', 'Sevilla', 'Ramirez', '0000-00-00', 'Mexicana', 'F', '$2y$10$ipsrcNT6PotBTrAlxa4s/uyXd5gM8ILNdrgAArEQaEaaAF84Z.tZm', 2, '', '2019-01-09 10:31:27', '2019-01-09 10:31:27'),
(220, 'Santiago', 'santiagotorresl@student.itjvallereal.edu.mx', 'Torres', 'Lopez', '0000-00-00', 'Mexicana', 'M', '$2y$10$ipsrcNT6PotBTrAlxa4s/uyXd5gM8ILNdrgAArEQaEaaAF84Z.tZm', 2, '', '2019-01-09 10:31:27', '2019-01-09 10:31:27'),
(221, 'Edgar Santiago', 'edgarsantiagocardozoq@student.itjvallereal.edu.mx', 'Cardozo', 'Quesada', '0000-00-00', 'Colombiana', 'M', '$2y$10$ipsrcNT6PotBTrAlxa4s/uyXd5gM8ILNdrgAArEQaEaaAF84Z.tZm', 2, '', '2019-01-09 10:31:27', '2019-01-09 10:31:27'),
(222, 'Osvaldo', 'osvaldocasillasf@student.itjvallereal.edu.mx', 'Casillas', 'Fletes', '0000-00-00', 'Mexicana', 'M', '$2y$10$ipsrcNT6PotBTrAlxa4s/uyXd5gM8ILNdrgAArEQaEaaAF84Z.tZm', 2, '', '2019-01-09 10:31:27', '2019-01-09 10:31:27'),
(223, 'Camila', 'camilafloresb@student.itjvallereal.edu.mx', 'Flores', 'Berumen', '0000-00-00', 'Mexicana', 'F', '$2y$10$ipsrcNT6PotBTrAlxa4s/uyXd5gM8ILNdrgAArEQaEaaAF84Z.tZm', 2, '', '2019-01-09 10:31:27', '2019-01-09 10:31:27'),
(224, 'Maria Jose', 'mariajosegomezb@student.itjvallereal.edu.mx', 'Gomez', 'Berrueta', '0000-00-00', 'Mexicana', 'F', '$2y$10$ipsrcNT6PotBTrAlxa4s/uyXd5gM8ILNdrgAArEQaEaaAF84Z.tZm', 2, '', '2019-01-09 10:31:27', '2019-01-09 10:31:27'),
(225, 'Patricio', 'patriciocaudillol@student.itjvallereal.edu.mx', 'Caudillo', 'Lopez', '0000-00-00', 'Mexicana', 'M', '$2y$10$ipsrcNT6PotBTrAlxa4s/uyXd5gM8ILNdrgAArEQaEaaAF84Z.tZm', 2, '', '2019-01-09 10:31:27', '2019-01-09 10:31:27'),
(226, 'Daniel', 'danielolmosg@student.itjvallereal.edu.mx', 'Olmos', 'Godinez', '0000-00-00', 'Mexicana', 'M', '$2y$10$ipsrcNT6PotBTrAlxa4s/uyXd5gM8ILNdrgAArEQaEaaAF84Z.tZm', 2, '', '2019-01-09 10:31:27', '2019-01-09 10:31:27'),
(227, 'Valeria', 'valeriacervantesm@student.itjvallereal.edu.mx', 'Cervantes', 'Macias', '0000-00-00', 'Mexicana', 'F', '$2y$10$ipsrcNT6PotBTrAlxa4s/uyXd5gM8ILNdrgAArEQaEaaAF84Z.tZm', 2, '', '2019-01-09 10:31:27', '2019-01-09 10:31:27'),
(228, 'Nicolas', 'nicolasrior@student.itjvallereal.edu.mx', 'Rio', 'Romero', '0000-00-00', 'Mexicana', 'M', '$2y$10$ipsrcNT6PotBTrAlxa4s/uyXd5gM8ILNdrgAArEQaEaaAF84Z.tZm', 2, '', '2019-01-09 10:31:27', '2019-01-09 10:31:27'),
(229, 'Andrea', 'andreamagallonr@student.itjvallereal.edu.mx', 'Magallon', 'Rodriguez', '2039-04-07', 'Mexicana', 'F', '$2y$10$ipsrcNT6PotBTrAlxa4s/uyXd5gM8ILNdrgAArEQaEaaAF84Z.tZm', 2, '', '2019-01-09 10:31:27', '2019-01-09 10:31:27'),
(230, 'Daniel Aaron', 'danielaaronromerob@student.itjvallereal.edu.mx', 'Romero', 'Baez', '0000-00-00', 'Mexicana', 'M', '$2y$10$ipsrcNT6PotBTrAlxa4s/uyXd5gM8ILNdrgAArEQaEaaAF84Z.tZm', 2, '', '2019-01-09 10:31:27', '2019-01-09 10:31:27'),
(231, 'Andre Emiliano', 'andreemilianoenriquezg@student.itjvallereal.edu.mx', 'Enriquez', 'Grajeda', '0000-00-00', 'Mexicana', 'M', '$2y$10$ipsrcNT6PotBTrAlxa4s/uyXd5gM8ILNdrgAArEQaEaaAF84Z.tZm', 2, '', '2019-01-09 10:31:27', '2019-01-09 10:31:27'),
(232, 'Cristina', 'cristinacastror@student.itjvallereal.edu.mx', 'Castro', 'Rubio', '0000-00-00', 'Mexicana', 'F', '$2y$10$ipsrcNT6PotBTrAlxa4s/uyXd5gM8ILNdrgAArEQaEaaAF84Z.tZm', 2, '', '2019-01-09 10:31:27', '2019-01-09 10:31:27'),
(233, 'Paula', 'paulamaciasu@student.itjvallereal.edu.mx', 'Macias', 'Ugalde', '0000-00-00', 'Mexicana', 'F', '$2y$10$ipsrcNT6PotBTrAlxa4s/uyXd5gM8ILNdrgAArEQaEaaAF84Z.tZm', 2, '', '2019-01-09 10:31:27', '2019-01-09 10:31:27'),
(234, 'Annia Judith', 'anniajudithacostai@student.itjvallereal.edu.mx', 'Acosta', 'Ibarra', '0000-00-00', 'Mexicana', 'F', '$2y$10$ipsrcNT6PotBTrAlxa4s/uyXd5gM8ILNdrgAArEQaEaaAF84Z.tZm', 2, '', '2019-01-09 10:31:27', '2019-01-09 10:31:27'),
(235, 'Sofia', 'sofialopezm@student.itjvallereal.edu.mx', 'Lopez', 'Minakata', '0000-00-00', 'Mexicana', 'F', '$2y$10$ipsrcNT6PotBTrAlxa4s/uyXd5gM8ILNdrgAArEQaEaaAF84Z.tZm', 2, '', '2019-01-09 10:31:27', '2019-01-09 10:31:27'),
(236, 'Sebastian', 'sebastianayalaa@student.itjvallereal.edu.mx', 'Ayala', 'Ayala', '0000-00-00', 'Mexicana', 'M', '$2y$10$ipsrcNT6PotBTrAlxa4s/uyXd5gM8ILNdrgAArEQaEaaAF84Z.tZm', 2, '', '2019-01-09 10:31:27', '2019-01-09 10:31:27'),
(237, 'Alejandro', 'alejandrobecerrag@student.itjvallereal.edu.mx', 'Becerra', 'Gomez', '0000-00-00', 'Mexicana', 'M', '$2y$10$ipsrcNT6PotBTrAlxa4s/uyXd5gM8ILNdrgAArEQaEaaAF84Z.tZm', 2, '', '2019-01-09 10:31:27', '2019-01-09 10:31:27'),
(238, 'Natalia', 'nataliacalderonm@student.itjvallereal.edu.mx', 'Calderon', 'Muñoz', '0000-00-00', 'Mexicana', 'F', '$2y$10$ipsrcNT6PotBTrAlxa4s/uyXd5gM8ILNdrgAArEQaEaaAF84Z.tZm', 2, '', '2019-01-09 10:31:27', '2019-01-09 10:31:27'),
(239, 'Mateo', 'mateotorresl@student.itjvallereal.edu.mx', 'Torres', 'Lopez', '0000-00-00', 'Mexicana', 'M', '$2y$10$ipsrcNT6PotBTrAlxa4s/uyXd5gM8ILNdrgAArEQaEaaAF84Z.tZm', 2, '', '2019-01-09 10:31:27', '2019-01-09 10:31:27'),
(240, 'Patricio', 'patriciolagunesp@student.itjvallereal.edu.mx', 'Lagunes', 'Pimentel', '0000-00-00', 'Mexicana', 'M', '$2y$10$ipsrcNT6PotBTrAlxa4s/uyXd5gM8ILNdrgAArEQaEaaAF84Z.tZm', 2, 'GmVLVYwcVS8p5nwBzR9Lx3cLKhztZVG6V1kLvIkUOw90aPklMBqsiTF62nAy', '2019-01-09 10:31:27', '2019-01-09 10:31:27'),
(241, 'Sofia', 'sofiamarquezr@student.itjvallereal.edu.mx', 'Marquez', 'Reyes', '0000-00-00', 'Mexicana', 'F', '$2y$10$ipsrcNT6PotBTrAlxa4s/uyXd5gM8ILNdrgAArEQaEaaAF84Z.tZm', 2, '', '2019-01-09 10:31:27', '2019-01-09 10:31:27'),
(242, 'Marisol', 'marisolnunezl@student.itjvallereal.edu.mx', 'Nuñez', 'Lozano', '0000-00-00', 'Mexicana', 'F', '$2y$10$ipsrcNT6PotBTrAlxa4s/uyXd5gM8ILNdrgAArEQaEaaAF84Z.tZm', 2, '', '2019-01-09 10:31:27', '2019-01-09 10:31:27'),
(243, 'Ian', 'ianosorniob@student.itjvallereal.edu.mx', 'Osornio', 'Breve', '0000-00-00', 'Mexicana', 'M', '$2y$10$ipsrcNT6PotBTrAlxa4s/uyXd5gM8ILNdrgAArEQaEaaAF84Z.tZm', 2, '', '2019-01-09 10:31:27', '2019-01-09 10:31:27'),
(244, 'Sergio Leonardo', 'sergioleonardoperezf@student.itjvallereal.edu.mx', 'Perez', 'Flores', '0000-00-00', 'Mexicana', 'M', '$2y$10$ipsrcNT6PotBTrAlxa4s/uyXd5gM8ILNdrgAArEQaEaaAF84Z.tZm', 2, '', '2019-01-09 10:31:27', '2019-01-09 10:31:27'),
(245, 'Jaime Augusto', 'jaimeaugustopenaflorc@student.itjvallereal.edu.mx', 'Peñaflor', 'Cardenas', '0000-00-00', 'Mexicana', 'M', '$2y$10$ipsrcNT6PotBTrAlxa4s/uyXd5gM8ILNdrgAArEQaEaaAF84Z.tZm', 2, '', '2019-01-09 10:31:27', '2019-01-09 10:31:27'),
(246, 'Simone', 'simonecaroc@student.itjvallereal.edu.mx', 'Caro', 'Castro', '0000-00-00', 'Mexicana', 'F', '$2y$10$ipsrcNT6PotBTrAlxa4s/uyXd5gM8ILNdrgAArEQaEaaAF84Z.tZm', 2, '', '2019-01-09 10:31:27', '2019-01-09 10:31:27'),
(247, 'Juan Pablo', 'juanpablocamposc@student.itjvallereal.edu.mx', 'Campos', 'Cerda', '0000-00-00', 'Mexicana', 'M', '$2y$10$ipsrcNT6PotBTrAlxa4s/uyXd5gM8ILNdrgAArEQaEaaAF84Z.tZm', 2, '', '2019-01-09 10:31:27', '2019-01-09 10:31:27'),
(248, 'Vania', 'vaniatorresn@student.itjvallereal.edu.mx', 'Torres', 'Nava', '0000-00-00', 'Mexicana', 'F', '$2y$10$ipsrcNT6PotBTrAlxa4s/uyXd5gM8ILNdrgAArEQaEaaAF84Z.tZm', 2, '', '2019-01-09 10:31:27', '2019-01-09 10:31:27'),
(249, 'Rodrigo', 'rodrigovizcainoe@student.itjvallereal.edu.mx', 'Vizcaino', 'Estrada', '0000-00-00', 'Mexicana', 'M', '$2y$10$ipsrcNT6PotBTrAlxa4s/uyXd5gM8ILNdrgAArEQaEaaAF84Z.tZm', 2, '', '2019-01-09 10:31:27', '2019-01-09 10:31:27'),
(250, 'Fabiana', 'fabianaechandim@student.itjvallereal.edu.mx', 'Echandi', 'Mendez', '0000-00-00', 'Costarricence', 'F', '$2y$10$ipsrcNT6PotBTrAlxa4s/uyXd5gM8ILNdrgAArEQaEaaAF84Z.tZm', 2, '', '2019-01-09 10:31:27', '2019-01-09 10:31:27'),
(251, 'Valery', 'valeryamarom@student.itjvallereal.edu.mx', 'Amaro', 'Macias', '0000-00-00', 'Estadounidense', 'F', '$2y$10$ipsrcNT6PotBTrAlxa4s/uyXd5gM8ILNdrgAArEQaEaaAF84Z.tZm', 2, '', '2019-01-09 10:31:27', '2019-01-09 10:31:27'),
(252, 'Iyari', 'iyarigarciah@student.itjvallereal.edu.mx', 'Garcia', 'Hernandez', '0000-00-00', 'Mexicana', 'F', '$2y$10$ipsrcNT6PotBTrAlxa4s/uyXd5gM8ILNdrgAArEQaEaaAF84Z.tZm', 2, '', '2019-01-09 10:31:27', '2019-01-09 10:31:27'),
(253, 'Raul', 'raulrodriguezl@student.itjvallereal.edu.mx', 'Rodriguez', 'Lopez', '0000-00-00', 'Estadounidense', 'M', '$2y$10$ipsrcNT6PotBTrAlxa4s/uyXd5gM8ILNdrgAArEQaEaaAF84Z.tZm', 2, '', '2019-01-09 10:31:27', '2019-01-09 10:31:27'),
(254, 'Ana Paula', 'anapaulacastror@student.itjvallereal.edu.mx', 'Castro', 'Rubio', '0000-00-00', 'Mexicana', 'F', '$2y$10$ipsrcNT6PotBTrAlxa4s/uyXd5gM8ILNdrgAArEQaEaaAF84Z.tZm', 2, '', '2019-01-09 10:31:27', '2019-01-09 10:31:27'),
(255, 'Patricio', 'patriciocamposc@student.itjvallereal.edu.mx', 'Campos', 'Chavez', '0000-00-00', 'Mexicano', 'M', '$2y$10$ipsrcNT6PotBTrAlxa4s/uyXd5gM8ILNdrgAArEQaEaaAF84Z.tZm', 2, '', '2019-01-09 10:31:27', '2019-01-09 10:31:27'),
(256, 'Mateo', 'mateohurtadon@student.itjvallereal.edu.mx', 'Hurtado', 'Nuñez', '0000-00-00', 'Mexicano', 'M', '$2y$10$ipsrcNT6PotBTrAlxa4s/uyXd5gM8ILNdrgAArEQaEaaAF84Z.tZm', 2, '', '2019-01-09 10:31:27', '2019-01-09 10:31:27'),
(257, 'Julia', 'juliainiguezc@student.itjvallereal.edu.mx', 'Iñiguez', 'Cruz', '0000-00-00', 'Mexicana', 'F', '$2y$10$ipsrcNT6PotBTrAlxa4s/uyXd5gM8ILNdrgAArEQaEaaAF84Z.tZm', 2, '', '2019-01-09 10:31:27', '2019-01-09 10:31:27'),
(258, 'Micaela', 'micaelaparejaa@student.itjvallereal.edu.mx', 'Pareja', 'Andres', '0000-00-00', 'Española', 'F', '$2y$10$ipsrcNT6PotBTrAlxa4s/uyXd5gM8ILNdrgAArEQaEaaAF84Z.tZm', 2, '', '2019-01-09 10:31:27', '2019-01-09 10:31:27'),
(259, 'Aisha', 'aishaamillanol@student.itjvallereal.edu.mx', 'Amillano', 'Lopez', '0000-00-00', 'Mexicana', 'F', '$2y$10$ipsrcNT6PotBTrAlxa4s/uyXd5gM8ILNdrgAArEQaEaaAF84Z.tZm', 2, '', '0000-00-00 00:00:00', '0000-00-00 00:00:00'),
(260, 'Lorna Carlota', 'lornacarlotaavilezl@student.itjvallereal.edu.mx', 'Avilez', 'Lopez', '0000-00-00', 'Mexicana', 'F', '$2y$10$ipsrcNT6PotBTrAlxa4s/uyXd5gM8ILNdrgAArEQaEaaAF84Z.tZm', 2, '', '0000-00-00 00:00:00', '0000-00-00 00:00:00'),
(261, 'Arturo', 'arturode noriegac@student.itjvallereal.edu.mx', 'De Noriega', 'Castellanos', '0000-00-00', 'Mexicana', 'M', '$2y$10$ipsrcNT6PotBTrAlxa4s/uyXd5gM8ILNdrgAArEQaEaaAF84Z.tZm', 2, '', '0000-00-00 00:00:00', '0000-00-00 00:00:00'),
(262, 'Andrea', 'andreadubinr@student.itjvallereal.edu.mx', 'Dubin', 'Romero', '0000-00-00', 'Mexicana', 'F', '$2y$10$ipsrcNT6PotBTrAlxa4s/uyXd5gM8ILNdrgAArEQaEaaAF84Z.tZm', 2, '', '0000-00-00 00:00:00', '0000-00-00 00:00:00'),
(263, 'Carlo', 'carlogomezr@student.itjvallereal.edu.mx', 'Gomez', 'Reynoso', '2039-04-03', 'Mexicana', 'M', '$2y$10$ipsrcNT6PotBTrAlxa4s/uyXd5gM8ILNdrgAArEQaEaaAF84Z.tZm', 2, '', '0000-00-00 00:00:00', '0000-00-00 00:00:00'),
(264, 'Cesar Leonardo', 'cesarleonardogonzalezg@student.itjvallereal.edu.mx', 'Gonzalez', 'Garcia', '0000-00-00', 'Mexicana', 'M', '$2y$10$ipsrcNT6PotBTrAlxa4s/uyXd5gM8ILNdrgAArEQaEaaAF84Z.tZm', 2, '', '0000-00-00 00:00:00', '0000-00-00 00:00:00'),
(265, 'Yarethzie', 'yarethziepereza@student.itjvallereal.edu.mx', 'Perez', 'Amillano', '0000-00-00', 'Mexicana', 'F', '$2y$10$ipsrcNT6PotBTrAlxa4s/uyXd5gM8ILNdrgAArEQaEaaAF84Z.tZm', 2, '', '0000-00-00 00:00:00', '0000-00-00 00:00:00'),
(266, 'Francisco', 'franciscorizot@student.itjvallereal.edu.mx', 'Rizo', 'Tamayo', '0000-00-00', 'Mexicana', 'M', '$2y$10$ipsrcNT6PotBTrAlxa4s/uyXd5gM8ILNdrgAArEQaEaaAF84Z.tZm', 2, '', '0000-00-00 00:00:00', '0000-00-00 00:00:00'),
(267, 'Mauricio', 'mauriciosevillac@student.itjvallereal.edu.mx', 'Sevilla', 'Casillas', '0000-00-00', 'Mexicana', 'M', '$2y$10$ipsrcNT6PotBTrAlxa4s/uyXd5gM8ILNdrgAArEQaEaaAF84Z.tZm', 2, '', '0000-00-00 00:00:00', '0000-00-00 00:00:00'),
(268, 'Luciana', 'lucianaibarrar@student.itjvallereal.edu.mx', 'Ibarra', 'Ruesga', '2039-12-01', 'Mexicana', 'F', '$2y$10$ipsrcNT6PotBTrAlxa4s/uyXd5gM8ILNdrgAArEQaEaaAF84Z.tZm', 2, '', '0000-00-00 00:00:00', '0000-00-00 00:00:00'),
(269, 'Diego', 'diegoibanezg@student.itjvallereal.edu.mx', 'Ibaiez', 'Guerrero', '0000-00-00', 'Mexicana', 'M', '$2y$10$ipsrcNT6PotBTrAlxa4s/uyXd5gM8ILNdrgAArEQaEaaAF84Z.tZm', 2, '', '0000-00-00 00:00:00', '0000-00-00 00:00:00'),
(270, 'Farah', 'farahtorresl@student.itjvallereal.edu.mx', 'Torres', 'Limon', '0000-00-00', 'Mexicana', 'F', '$2y$10$ipsrcNT6PotBTrAlxa4s/uyXd5gM8ILNdrgAArEQaEaaAF84Z.tZm', 2, '', '0000-00-00 00:00:00', '0000-00-00 00:00:00'),
(271, 'Juan Pedro', 'juanpedrovizcainoe@student.itjvallereal.edu.mx', 'Vizcaino', 'Estrada', '0000-00-00', 'Mexicana', 'M', '$2y$10$ipsrcNT6PotBTrAlxa4s/uyXd5gM8ILNdrgAArEQaEaaAF84Z.tZm', 2, '', '0000-00-00 00:00:00', '0000-00-00 00:00:00'),
(272, 'Maria Ines', 'mariainesmunizm@student.itjvallereal.edu.mx', 'Muiiz', 'Muniz', '0000-00-00', 'Mexicana', 'F', '$2y$10$ipsrcNT6PotBTrAlxa4s/uyXd5gM8ILNdrgAArEQaEaaAF84Z.tZm', 2, '', '0000-00-00 00:00:00', '0000-00-00 00:00:00'),
(273, 'Michelle', 'michelleanguianod@student.itjvallereal.edu.mx', 'Anguiano', 'De La Canal', '0000-00-00', 'Mexicana', 'F', '$2y$10$ipsrcNT6PotBTrAlxa4s/uyXd5gM8ILNdrgAArEQaEaaAF84Z.tZm', 2, '', '0000-00-00 00:00:00', '0000-00-00 00:00:00'),
(274, 'Diego', 'diegodelatorrer@student.itjvallereal.edu.mx', 'De La Torre', 'Ramirez', '0000-00-00', 'Mexicana', 'M', '$2y$10$ipsrcNT6PotBTrAlxa4s/uyXd5gM8ILNdrgAArEQaEaaAF84Z.tZm', 2, 'LEOGp15o5RWn7eCJgBvqYzog39oimYuLpk791dwxZA6vBJt7vtq7QheOdtRc', '0000-00-00 00:00:00', '0000-00-00 00:00:00'),
(275, 'Diego', 'diegoesparzaa@student.itjvallereal.edu.mx', 'Esparza', 'Acuna', '0000-00-00', 'Mexicana', 'M', '$2y$10$ipsrcNT6PotBTrAlxa4s/uyXd5gM8ILNdrgAArEQaEaaAF84Z.tZm', 2, '', '0000-00-00 00:00:00', '0000-00-00 00:00:00'),
(276, 'Santiago', 'santiagoperezh@student.itjvallereal.edu.mx', 'Perez', 'Hernandez', '0000-00-00', 'Mexicano', 'M', '$2y$10$ipsrcNT6PotBTrAlxa4s/uyXd5gM8ILNdrgAArEQaEaaAF84Z.tZm', 2, '', '0000-00-00 00:00:00', '0000-00-00 00:00:00'),
(277, 'Hiyori', 'hiyoritomita@student.itjvallereal.edu.mx', 'Tomita', '', '0000-00-00', 'Japonesa', 'F', '$2y$10$ipsrcNT6PotBTrAlxa4s/uyXd5gM8ILNdrgAArEQaEaaAF84Z.tZm', 2, '', '0000-00-00 00:00:00', '0000-00-00 00:00:00'),
(278, 'Juana Lucia', 'juanaluciahiguerap@student.itjvallereal.edu.mx', 'Higuera', 'Posada', '0000-00-00', 'Colombiana', 'F', '$2y$10$ipsrcNT6PotBTrAlxa4s/uyXd5gM8ILNdrgAArEQaEaaAF84Z.tZm', 2, '', '0000-00-00 00:00:00', '0000-00-00 00:00:00'),
(279, 'Brandon', 'brandonbrocksomc@student.itjvallereal.edu.mx', 'Brocksom', 'Caro', '0000-00-00', 'Mexicana', 'M', '$2y$10$ipsrcNT6PotBTrAlxa4s/uyXd5gM8ILNdrgAArEQaEaaAF84Z.tZm', 2, '', '0000-00-00 00:00:00', '0000-00-00 00:00:00'),
(280, 'Ivanna Desiree', 'ivannadesireecastellanosv@student.itjvallereal.edu.mx', 'Castellanos', 'Velazquez', '0000-00-00', 'Mexicana', 'F', '$2y$10$ipsrcNT6PotBTrAlxa4s/uyXd5gM8ILNdrgAArEQaEaaAF84Z.tZm', 2, '', '0000-00-00 00:00:00', '0000-00-00 00:00:00'),
(281, 'Renata', 'renataespinosar@student.itjvallereal.edu.mx', 'Espinosa', 'Reza', '0000-00-00', 'Mexicana', 'F', '$2y$10$ipsrcNT6PotBTrAlxa4s/uyXd5gM8ILNdrgAArEQaEaaAF84Z.tZm', 2, '', '0000-00-00 00:00:00', '0000-00-00 00:00:00'),
(282, 'Andrea', 'andreafraustoh@student.itjvallereal.edu.mx', 'Frausto', 'Herrera', '0000-00-00', 'Mexicana', 'F', '$2y$10$ipsrcNT6PotBTrAlxa4s/uyXd5gM8ILNdrgAArEQaEaaAF84Z.tZm', 2, '', '0000-00-00 00:00:00', '0000-00-00 00:00:00'),
(283, 'Mauricio Adrian', 'mauricioadriangonzalezc@student.itjvallereal.edu.mx', 'Gonzalez', 'Compan', '0000-00-00', 'Mexicana', 'M', '$2y$10$ipsrcNT6PotBTrAlxa4s/uyXd5gM8ILNdrgAArEQaEaaAF84Z.tZm', 2, 'IsN1CtBTqGs9YhN3a3z2NHOlla4t5ZkFfZ8mRresgpgEfQw6ucCdi5Kpn49v', '0000-00-00 00:00:00', '0000-00-00 00:00:00'),
(284, 'Rodrigo', 'rodrigoguerrerosantosc@student.itjvallereal.edu.mx', 'Guerrerosantos', 'Cardenas', '0000-00-00', 'Mexicana', 'M', '$2y$10$ipsrcNT6PotBTrAlxa4s/uyXd5gM8ILNdrgAArEQaEaaAF84Z.tZm', 2, '', '0000-00-00 00:00:00', '0000-00-00 00:00:00'),
(285, 'Andrea Monserrat', 'andreamonserratgutierrezp@student.itjvallereal.edu.mx', 'Gutierrez', 'Perez', '0000-00-00', 'Mexicana', 'F', '$2y$10$ipsrcNT6PotBTrAlxa4s/uyXd5gM8ILNdrgAArEQaEaaAF84Z.tZm', 2, '', '0000-00-00 00:00:00', '0000-00-00 00:00:00'),
(286, 'Emilio', 'emilionuneze@student.itjvallereal.edu.mx', 'Nuiez', 'Espinosa', '0000-00-00', 'Mexicana', 'M', '$2y$10$ipsrcNT6PotBTrAlxa4s/uyXd5gM8ILNdrgAArEQaEaaAF84Z.tZm', 2, '', '0000-00-00 00:00:00', '0000-00-00 00:00:00'),
(287, 'Lucrecia', 'lucreciaruiza@student.itjvallereal.edu.mx', 'Ruiz', 'Adabache', '0000-00-00', 'Mexicana', 'F', '$2y$10$ipsrcNT6PotBTrAlxa4s/uyXd5gM8ILNdrgAArEQaEaaAF84Z.tZm', 2, '', '0000-00-00 00:00:00', '0000-00-00 00:00:00'),
(288, 'Nashla', 'nashlasaaibh@student.itjvallereal.edu.mx', 'Saaib', 'Hitti', '0000-00-00', 'Mexicana', 'F', '$2y$10$ipsrcNT6PotBTrAlxa4s/uyXd5gM8ILNdrgAArEQaEaaAF84Z.tZm', 2, '', '0000-00-00 00:00:00', '0000-00-00 00:00:00'),
(289, 'Jorge Antonio', 'jorgeantoniocisnerosm@student.itjvallereal.edu.mx', 'Cisneros', 'Mendoza', '0000-00-00', 'Mexicana', 'M', '$2y$10$ipsrcNT6PotBTrAlxa4s/uyXd5gM8ILNdrgAArEQaEaaAF84Z.tZm', 2, '', '0000-00-00 00:00:00', '0000-00-00 00:00:00'),
(290, 'Santiago', 'santiagoliran@student.itjvallereal.edu.mx', 'Lira', 'Najera', '0000-00-00', 'Mexicana', 'M', '$2y$10$ipsrcNT6PotBTrAlxa4s/uyXd5gM8ILNdrgAArEQaEaaAF84Z.tZm', 2, '', '0000-00-00 00:00:00', '0000-00-00 00:00:00'),
(291, 'Kaled Ricardo', 'kaledricardojimenezv@student.itjvallereal.edu.mx', 'Jimenez', 'Valle', '0000-00-00', 'Mexicana', 'M', '$2y$10$ipsrcNT6PotBTrAlxa4s/uyXd5gM8ILNdrgAArEQaEaaAF84Z.tZm', 2, '', '0000-00-00 00:00:00', '0000-00-00 00:00:00'),
(292, 'Pedro', 'pedroreyesm@student.itjvallereal.edu.mx', 'Reyes', 'Miramontes', '0000-00-00', 'Mexicana', 'M', '$2y$10$ipsrcNT6PotBTrAlxa4s/uyXd5gM8ILNdrgAArEQaEaaAF84Z.tZm', 2, '', '0000-00-00 00:00:00', '0000-00-00 00:00:00'),
(293, 'Sofia Natalia', 'sofianataliaolivaresc@student.itjvallereal.edu.mx', 'Olivares', 'Cortes', '0000-00-00', 'Mexicana', 'F', '$2y$10$ipsrcNT6PotBTrAlxa4s/uyXd5gM8ILNdrgAArEQaEaaAF84Z.tZm', 2, '', '0000-00-00 00:00:00', '0000-00-00 00:00:00'),
(294, 'Martin Andres', 'martinandressosah@student.itjvallereal.edu.mx', 'Sosa', 'Haemmerli', '0000-00-00', 'Estadounidense / Chilena', 'M', '$2y$10$ipsrcNT6PotBTrAlxa4s/uyXd5gM8ILNdrgAArEQaEaaAF84Z.tZm', 2, '', '0000-00-00 00:00:00', '0000-00-00 00:00:00'),
(295, 'Odette Veronica', 'odetteveronicacidv@student.itjvallereal.edu.mx', 'Cid', 'Vela', '0000-00-00', 'Mexicana', 'F', '$2y$10$ipsrcNT6PotBTrAlxa4s/uyXd5gM8ILNdrgAArEQaEaaAF84Z.tZm', 2, '', '0000-00-00 00:00:00', '0000-00-00 00:00:00'),
(296, 'Nicolas', 'nicolasesquedap@student.itjvallereal.edu.mx', 'Esqueda', 'Presno', '0000-00-00', 'Mexicano', 'M', '$2y$10$ipsrcNT6PotBTrAlxa4s/uyXd5gM8ILNdrgAArEQaEaaAF84Z.tZm', 2, '', '0000-00-00 00:00:00', '0000-00-00 00:00:00'),
(297, 'Barbara Teresita', 'barbarateresitagalvanh@student.itjvallereal.edu.mx', 'Galvan', 'Hernandez', '0000-00-00', 'Mexicana', 'F', '$2y$10$ipsrcNT6PotBTrAlxa4s/uyXd5gM8ILNdrgAArEQaEaaAF84Z.tZm', 2, '', '0000-00-00 00:00:00', '0000-00-00 00:00:00'),
(298, 'Jorge Esteban', 'jorgeestebanrodrigueza@student.itjvallereal.edu.mx', 'Rodriguez', 'Avalos', '0000-00-00', 'Mexicana', 'M', '$2y$10$ipsrcNT6PotBTrAlxa4s/uyXd5gM8ILNdrgAArEQaEaaAF84Z.tZm', 2, '', '0000-00-00 00:00:00', '0000-00-00 00:00:00'),
(299, 'Sophia', 'sophiaduronl@student.itjvallereal.edu.mx', 'Duron', 'Landeros', '0000-00-00', 'Mexicana / Estadounidense', 'F', '$2y$10$ipsrcNT6PotBTrAlxa4s/uyXd5gM8ILNdrgAArEQaEaaAF84Z.tZm', 2, '', '0000-00-00 00:00:00', '0000-00-00 00:00:00'),
(300, 'Luis Eduardo', 'luiseduardogarciap@student.itjvallereal.edu.mx', 'Garcia', 'Padilla', '0000-00-00', 'Mexicana', 'M', '$2y$10$ipsrcNT6PotBTrAlxa4s/uyXd5gM8ILNdrgAArEQaEaaAF84Z.tZm', 2, '', '0000-00-00 00:00:00', '0000-00-00 00:00:00'),
(301, 'Raul', 'rauljuareza@student.itjvallereal.edu.mx', 'Juarez', 'Ali Modad', '0000-00-00', 'Mexicana', 'M', '$2y$10$ipsrcNT6PotBTrAlxa4s/uyXd5gM8ILNdrgAArEQaEaaAF84Z.tZm', 2, '', '0000-00-00 00:00:00', '0000-00-00 00:00:00'),
(302, 'Karol Zoe', 'karolzoemartinezr@student.itjvallereal.edu.mx', 'Martinez', 'Ramos', '0000-00-00', 'Mexicana', 'F', '$2y$10$ipsrcNT6PotBTrAlxa4s/uyXd5gM8ILNdrgAArEQaEaaAF84Z.tZm', 2, '', '0000-00-00 00:00:00', '0000-00-00 00:00:00'),
(303, 'Regina', 'reginanavarrot@student.itjvallereal.edu.mx', 'Navarro', 'Toledano', '0000-00-00', 'Mexicana', 'F', '$2y$10$ipsrcNT6PotBTrAlxa4s/uyXd5gM8ILNdrgAArEQaEaaAF84Z.tZm', 2, '', '0000-00-00 00:00:00', '0000-00-00 00:00:00'),
(304, 'Juan Pablo', 'juanpablopreciadog@student.itjvallereal.edu.mx', 'Preciado', 'Gallardo', '0000-00-00', 'Mexicana', 'M', '$2y$10$ipsrcNT6PotBTrAlxa4s/uyXd5gM8ILNdrgAArEQaEaaAF84Z.tZm', 2, '', '0000-00-00 00:00:00', '0000-00-00 00:00:00'),
(305, 'Andrea', 'andreariveram@student.itjvallereal.edu.mx', 'Rivera', 'Menchaca', '2039-00-01', 'Mexicana', 'F', '$2y$10$ipsrcNT6PotBTrAlxa4s/uyXd5gM8ILNdrgAArEQaEaaAF84Z.tZm', 2, '', '0000-00-00 00:00:00', '0000-00-00 00:00:00'),
(306, 'Ivanna Lorena', 'ivannalorenaruvalcabav@student.itjvallereal.edu.mx', 'Ruvalcaba', 'Vizcaino', '0000-00-00', 'Mexicana', 'F', '$2y$10$ipsrcNT6PotBTrAlxa4s/uyXd5gM8ILNdrgAArEQaEaaAF84Z.tZm', 2, '', '0000-00-00 00:00:00', '0000-00-00 00:00:00'),
(307, 'Andrea', 'andreanavarroc@student.itjvallereal.edu.mx', 'Navarro', 'Castillo', '0000-00-00', 'Mexicana', 'F', '$2y$10$ipsrcNT6PotBTrAlxa4s/uyXd5gM8ILNdrgAArEQaEaaAF84Z.tZm', 2, '', '0000-00-00 00:00:00', '0000-00-00 00:00:00'),
(308, 'Renata', 'renatag de quevedog@student.itjvallereal.edu.mx', 'G De Quevedo', 'Gonzalez Duran', '0000-00-00', 'Estadounidense', 'F', '$2y$10$ipsrcNT6PotBTrAlxa4s/uyXd5gM8ILNdrgAArEQaEaaAF84Z.tZm', 2, '', '0000-00-00 00:00:00', '0000-00-00 00:00:00'),
(309, 'Isabella', 'isabellacoutinoa@student.itjvallereal.edu.mx', 'Coutiio', 'Aceves', '0000-00-00', 'Mexicana', 'F', '$2y$10$ipsrcNT6PotBTrAlxa4s/uyXd5gM8ILNdrgAArEQaEaaAF84Z.tZm', 2, '', '0000-00-00 00:00:00', '0000-00-00 00:00:00'),
(310, 'Paola Maria', 'paolamariajimeneza@student.itjvallereal.edu.mx', 'Jimenez', 'Arreola', '0000-00-00', 'Mexicana', 'F', '$2y$10$ipsrcNT6PotBTrAlxa4s/uyXd5gM8ILNdrgAArEQaEaaAF84Z.tZm', 2, '', '0000-00-00 00:00:00', '0000-00-00 00:00:00'),
(311, 'Lucca', 'luccatorresl@student.itjvallereal.edu.mx', 'Torres', 'Lopez', '0000-00-00', 'Mexicana', 'M', '$2y$10$ipsrcNT6PotBTrAlxa4s/uyXd5gM8ILNdrgAArEQaEaaAF84Z.tZm', 2, '', '0000-00-00 00:00:00', '0000-00-00 00:00:00'),
(312, 'Emilio', 'emiliopalominoj@student.itjvallereal.edu.mx', 'Palomino', 'Jimenez', '0000-00-00', 'Mexicana', 'M', '$2y$10$ipsrcNT6PotBTrAlxa4s/uyXd5gM8ILNdrgAArEQaEaaAF84Z.tZm', 2, '', '0000-00-00 00:00:00', '0000-00-00 00:00:00'),
(313, 'Julieta', 'julietaavilat@student.itjvallereal.edu.mx', 'Avila', 'Torres', '2039-02-00', 'Mexicana', 'F', '$2y$10$ipsrcNT6PotBTrAlxa4s/uyXd5gM8ILNdrgAArEQaEaaAF84Z.tZm', 2, '', '0000-00-00 00:00:00', '0000-00-00 00:00:00'),
(314, 'Sofia Itzel', 'sofiaitzelmarquez@student.itjvallereal.edu.mx', 'Marquez', '', '0000-00-00', 'Estadounidense', 'F', '$2y$10$ipsrcNT6PotBTrAlxa4s/uyXd5gM8ILNdrgAArEQaEaaAF84Z.tZm', 2, '', '0000-00-00 00:00:00', '0000-00-00 00:00:00'),
(315, 'Leonardo', 'leonardopadillac@student.itjvallereal.edu.mx', 'Padilla', 'Cardenas', '0000-00-00', 'Mexicana', 'M', '$2y$10$ipsrcNT6PotBTrAlxa4s/uyXd5gM8ILNdrgAArEQaEaaAF84Z.tZm', 2, '', '0000-00-00 00:00:00', '0000-00-00 00:00:00'),
(316, 'Diego Alejandro', 'diegoalejandrochavezg@student.itjvallereal.edu.mx', 'Chavez', 'Garcia', '0000-00-00', 'Mexicano', 'M', '$2y$10$ipsrcNT6PotBTrAlxa4s/uyXd5gM8ILNdrgAArEQaEaaAF84Z.tZm', 2, '', '0000-00-00 00:00:00', '0000-00-00 00:00:00'),
(317, 'Zara Gabriela', 'zaragabrielagarciav@student.itjvallereal.edu.mx', 'Garcia', 'Villa', '0000-00-00', 'Mexicana', 'F', '$2y$10$ipsrcNT6PotBTrAlxa4s/uyXd5gM8ILNdrgAArEQaEaaAF84Z.tZm', 2, '', '0000-00-00 00:00:00', '0000-00-00 00:00:00'),
(318, 'Rodrigo', 'rodrigosantosl@student.itjvallereal.edu.mx', 'Santos', 'Leon', '0000-00-00', '', 'M', '$2y$10$ipsrcNT6PotBTrAlxa4s/uyXd5gM8ILNdrgAArEQaEaaAF84Z.tZm', 2, '', '0000-00-00 00:00:00', '0000-00-00 00:00:00'),
(319, 'Enrique', 'enriquecovarrubiasl@student.itjvallereal.edu.mx', 'Covarrubias', 'Lopez', '0000-00-00', 'Mexicana', 'M', '$2y$10$ipsrcNT6PotBTrAlxa4s/uyXd5gM8ILNdrgAArEQaEaaAF84Z.tZm', 2, '', '0000-00-00 00:00:00', '0000-00-00 00:00:00'),
(320, 'Diego', 'diegodiazb@student.itjvallereal.edu.mx', 'Diaz', 'Barba', '0000-00-00', 'Mexicana', 'M', '$2y$10$ipsrcNT6PotBTrAlxa4s/uyXd5gM8ILNdrgAArEQaEaaAF84Z.tZm', 2, '', '0000-00-00 00:00:00', '0000-00-00 00:00:00'),
(321, 'Pablo', 'pablodomingueza@student.itjvallereal.edu.mx', 'Dominguez', 'Altamirano', '0000-00-00', 'Mexicana', 'M', '$2y$10$ipsrcNT6PotBTrAlxa4s/uyXd5gM8ILNdrgAArEQaEaaAF84Z.tZm', 2, '', '0000-00-00 00:00:00', '0000-00-00 00:00:00'),
(322, 'Alexa Camille', 'alexacamilleedgarp@student.itjvallereal.edu.mx', 'Edgar', 'Pinto', '0000-00-00', 'Mexicana', 'F', '$2y$10$ipsrcNT6PotBTrAlxa4s/uyXd5gM8ILNdrgAArEQaEaaAF84Z.tZm', 2, '', '0000-00-00 00:00:00', '0000-00-00 00:00:00'),
(323, 'Mateo', 'mateoescobedor@student.itjvallereal.edu.mx', 'Escobedo', 'Rodriguez', '0000-00-00', 'Mexicana', 'M', '$2y$10$ipsrcNT6PotBTrAlxa4s/uyXd5gM8ILNdrgAArEQaEaaAF84Z.tZm', 2, '', '0000-00-00 00:00:00', '0000-00-00 00:00:00'),
(324, 'Viviana', 'vivianagonzalezv@student.itjvallereal.edu.mx', 'Gonzalez', 'Vazquez', '0000-00-00', 'Mexicana', 'F', '$2y$10$ipsrcNT6PotBTrAlxa4s/uyXd5gM8ILNdrgAArEQaEaaAF84Z.tZm', 2, '', '0000-00-00 00:00:00', '0000-00-00 00:00:00'),
(325, 'Ivanna Aleisha', 'ivannaaleishahernandezb@student.itjvallereal.edu.mx', 'Hernandez', 'Batiz', '0000-00-00', 'Mexicana', 'F', '$2y$10$ipsrcNT6PotBTrAlxa4s/uyXd5gM8ILNdrgAArEQaEaaAF84Z.tZm', 2, '', '0000-00-00 00:00:00', '0000-00-00 00:00:00'),
(326, 'Axel', 'axelmeinersv@student.itjvallereal.edu.mx', 'Meiners', 'Vargas', '0000-00-00', 'Mexicana', 'M', '$2y$10$ipsrcNT6PotBTrAlxa4s/uyXd5gM8ILNdrgAArEQaEaaAF84Z.tZm', 2, '', '0000-00-00 00:00:00', '0000-00-00 00:00:00'),
(327, 'Andres', 'andresperez bouquets@student.itjvallereal.edu.mx', 'Perez Bouquet', 'Soltero', '0000-00-00', 'Mexicana', 'M', '$2y$10$ipsrcNT6PotBTrAlxa4s/uyXd5gM8ILNdrgAArEQaEaaAF84Z.tZm', 2, '', '0000-00-00 00:00:00', '0000-00-00 00:00:00'),
(328, 'Juan Pablo', 'juanpabloblancog@student.itjvallereal.edu.mx', 'Blanco', 'Gomez', '0000-00-00', 'Mexicana', 'M', '$2y$10$ipsrcNT6PotBTrAlxa4s/uyXd5gM8ILNdrgAArEQaEaaAF84Z.tZm', 2, '', '0000-00-00 00:00:00', '0000-00-00 00:00:00'),
(329, 'Adrian', 'adriannavarrob@student.itjvallereal.edu.mx', 'Navarro', 'Barragan', '2039-03-00', 'Mexicana', 'M', '$2y$10$ipsrcNT6PotBTrAlxa4s/uyXd5gM8ILNdrgAArEQaEaaAF84Z.tZm', 2, '', '0000-00-00 00:00:00', '0000-00-00 00:00:00'),
(330, 'Ivanna Carolina', 'ivannacarolinapineyrol@student.itjvallereal.edu.mx', 'Piieyro', 'Lomeli', '0000-00-00', 'Mexicana', 'F', '$2y$10$ipsrcNT6PotBTrAlxa4s/uyXd5gM8ILNdrgAArEQaEaaAF84Z.tZm', 2, '', '0000-00-00 00:00:00', '0000-00-00 00:00:00'),
(331, 'Fernanda', 'fernandarodriguezb@student.itjvallereal.edu.mx', 'Rodriguez', 'Barajas', '0000-00-00', 'Mexicana', 'F', '$2y$10$ipsrcNT6PotBTrAlxa4s/uyXd5gM8ILNdrgAArEQaEaaAF84Z.tZm', 2, '', '0000-00-00 00:00:00', '0000-00-00 00:00:00'),
(332, 'Isabella', 'isabellarubiot@student.itjvallereal.edu.mx', 'Rubio', 'Tostado', '0000-00-00', 'Mexicana / Estadounidense', 'F', '$2y$10$ipsrcNT6PotBTrAlxa4s/uyXd5gM8ILNdrgAArEQaEaaAF84Z.tZm', 2, '', '0000-00-00 00:00:00', '0000-00-00 00:00:00'),
(333, 'Andrea', 'andreasedanor@student.itjvallereal.edu.mx', 'Sedano', 'Rubio', '0000-00-00', 'Mexicana', 'F', '$2y$10$ipsrcNT6PotBTrAlxa4s/uyXd5gM8ILNdrgAArEQaEaaAF84Z.tZm', 2, '', '0000-00-00 00:00:00', '0000-00-00 00:00:00'),
(334, 'Giulia Paula', 'giuliapaulaperteghellac@student.itjvallereal.edu.mx', 'Perteghella', 'Crocco', '0000-00-00', 'Mexicana', 'F', '$2y$10$ipsrcNT6PotBTrAlxa4s/uyXd5gM8ILNdrgAArEQaEaaAF84Z.tZm', 2, '', '0000-00-00 00:00:00', '0000-00-00 00:00:00'),
(335, 'Santiago', 'santiagotorress@student.itjvallereal.edu.mx', 'Torres', 'Sayago', '0000-00-00', 'Mexicana', 'M', '$2y$10$ipsrcNT6PotBTrAlxa4s/uyXd5gM8ILNdrgAArEQaEaaAF84Z.tZm', 2, '', '0000-00-00 00:00:00', '0000-00-00 00:00:00'),
(336, 'Rebecca Ann', 'rebeccaanncuevasm@student.itjvallereal.edu.mx', 'Cuevas', 'Merryman', '0000-00-00', 'Mexicana', 'F', '$2y$10$ipsrcNT6PotBTrAlxa4s/uyXd5gM8ILNdrgAArEQaEaaAF84Z.tZm', 2, '', '0000-00-00 00:00:00', '0000-00-00 00:00:00'),
(337, 'Yuanzhi (Ben)', 'benzhai@student.itjvallereal.edu.mx', 'Zhai', '', '0000-00-00', 'China', 'M', '$2y$10$ipsrcNT6PotBTrAlxa4s/uyXd5gM8ILNdrgAArEQaEaaAF84Z.tZm', 2, '', '0000-00-00 00:00:00', '0000-00-00 00:00:00'),
(338, 'Jose Manuel', 'josemanuelquintanag@student.itjvallereal.edu.mx', 'Quintana', 'Gil', '0000-00-00', 'Mexicana', 'M', '$2y$10$ipsrcNT6PotBTrAlxa4s/uyXd5gM8ILNdrgAArEQaEaaAF84Z.tZm', 2, '', '0000-00-00 00:00:00', '0000-00-00 00:00:00'),
(339, 'Krista', 'kristamunoza@student.itjvallereal.edu.mx', 'Munoz', 'Avila', '0000-00-00', 'Mexicana', 'F', '$2y$10$ipsrcNT6PotBTrAlxa4s/uyXd5gM8ILNdrgAArEQaEaaAF84Z.tZm', 2, '', '0000-00-00 00:00:00', '0000-00-00 00:00:00'),
(340, 'Maria Jose', 'mariajosegarcial@student.itjvallereal.edu.mx', 'Garcia', 'Ledezma', '0000-00-00', 'Mexicana', 'F', '$2y$10$ipsrcNT6PotBTrAlxa4s/uyXd5gM8ILNdrgAArEQaEaaAF84Z.tZm', 2, '', '0000-00-00 00:00:00', '0000-00-00 00:00:00'),
(341, 'Fernanda', 'fernandauribem@student.itjvallereal.edu.mx', 'Uribe', 'Moreno', '0000-00-00', 'Mexicana', 'F', '$2y$10$ipsrcNT6PotBTrAlxa4s/uyXd5gM8ILNdrgAArEQaEaaAF84Z.tZm', 2, '', '0000-00-00 00:00:00', '0000-00-00 00:00:00'),
(342, 'David Nicolas', 'davidnicolassegurab@student.itjvallereal.edu.mx', 'Segura', 'Bautista', '0000-00-00', 'Mexicana', 'M', '$2y$10$ipsrcNT6PotBTrAlxa4s/uyXd5gM8ILNdrgAArEQaEaaAF84Z.tZm', 2, '', '0000-00-00 00:00:00', '0000-00-00 00:00:00'),
(343, 'Camila', 'camilalerma@student.itjvallereal.edu.mx', 'Lerma', '', '2039-02-06', 'Estadounidense', 'F', '$2y$10$ipsrcNT6PotBTrAlxa4s/uyXd5gM8ILNdrgAArEQaEaaAF84Z.tZm', 2, '', '0000-00-00 00:00:00', '0000-00-00 00:00:00'),
(344, 'Ari Mijael', 'arimijaeltishmang@student.itjvallereal.edu.mx', 'Tishman', 'Grey', '0000-00-00', 'Mexicana', 'M', '$2y$10$ipsrcNT6PotBTrAlxa4s/uyXd5gM8ILNdrgAArEQaEaaAF84Z.tZm', 2, '', '0000-00-00 00:00:00', '0000-00-00 00:00:00'),
(345, 'Natalia', 'nataliasandovall@student.itjvallereal.edu.mx', 'Sandoval', 'Lopez', '0000-00-00', 'Mexicana', 'F', '$2y$10$ipsrcNT6PotBTrAlxa4s/uyXd5gM8ILNdrgAArEQaEaaAF84Z.tZm', 2, '', '0000-00-00 00:00:00', '0000-00-00 00:00:00'),
(346, 'Valeria', 'valeriacastanedav@student.itjvallereal.edu.mx', 'Castaneda', 'Valencia', '2039-00-00', 'Mexicana', 'F', '$2y$10$ipsrcNT6PotBTrAlxa4s/uyXd5gM8ILNdrgAArEQaEaaAF84Z.tZm', 2, '', '0000-00-00 00:00:00', '0000-00-00 00:00:00'),
(347, 'Linda Alexa', 'lindaalexalagunesp@student.itjvallereal.edu.mx', 'Lagunes', 'Pimentel', '0000-00-00', 'Mexicana', 'F', '$2y$10$ipsrcNT6PotBTrAlxa4s/uyXd5gM8ILNdrgAArEQaEaaAF84Z.tZm', 2, '', '0000-00-00 00:00:00', '0000-00-00 00:00:00'),
(348, 'Enrique Federico', 'enriquefedepineyroc@student.itjvallereal.edu.mx', 'Pineyro', 'Cardenas', '0000-00-00', 'Mexicana', 'M', '$2y$10$ipsrcNT6PotBTrAlxa4s/uyXd5gM8ILNdrgAArEQaEaaAF84Z.tZm', 2, '', '0000-00-00 00:00:00', '0000-00-00 00:00:00'),
(349, 'Ricardo', 'ricardosurov@student.itjvallereal.edu.mx', 'Suro', 'Villavicencio', '0000-00-00', 'Mexicana', 'M', '$2y$10$ipsrcNT6PotBTrAlxa4s/uyXd5gM8ILNdrgAArEQaEaaAF84Z.tZm', 2, '', '0000-00-00 00:00:00', '0000-00-00 00:00:00'),
(350, 'Sara Natalia', 'saranataliamartinezt@student.itjvallereal.edu.mx', 'Martinez', 'Torres', '0000-00-00', 'Mexicana', 'F', '$2y$10$ipsrcNT6PotBTrAlxa4s/uyXd5gM8ILNdrgAArEQaEaaAF84Z.tZm', 2, '', '0000-00-00 00:00:00', '0000-00-00 00:00:00'),
(351, 'Luisa Fernanda', 'luisafernandagonzalezp@student.itjvallereal.edu.mx', 'Gonzalez', 'Padilla', '0000-00-00', 'Mexicana', 'F', '$2y$10$ipsrcNT6PotBTrAlxa4s/uyXd5gM8ILNdrgAArEQaEaaAF84Z.tZm', 2, '', '0000-00-00 00:00:00', '0000-00-00 00:00:00'),
(352, 'Hiris Lenied', 'hirisleniedoregels@student.itjvallereal.edu.mx', 'Oregel', 'Sanchez', '0000-00-00', 'Estadounidense', 'F', '$2y$10$ipsrcNT6PotBTrAlxa4s/uyXd5gM8ILNdrgAArEQaEaaAF84Z.tZm', 2, '', '0000-00-00 00:00:00', '0000-00-00 00:00:00'),
(353, 'Miguel', 'miguelvalenzuelar@student.itjvallereal.edu.mx', 'Valenzuela', 'Rosillo', '0000-00-00', 'Mexicana', 'M', '$2y$10$ipsrcNT6PotBTrAlxa4s/uyXd5gM8ILNdrgAArEQaEaaAF84Z.tZm', 2, '', '0000-00-00 00:00:00', '0000-00-00 00:00:00'),
(354, 'Pedro Luis', 'pedroluischavezm@student.itjvallereal.edu.mx', 'Chavez', 'Morales', '0000-00-00', 'Mexicana', 'M', '$2y$10$ipsrcNT6PotBTrAlxa4s/uyXd5gM8ILNdrgAArEQaEaaAF84Z.tZm', 2, 'YT8aDU5lFlQi1Zgnwrq3jimT4TOQr35CQdkTax1pp9rDzIW0chpJwY9GSBsT', '0000-00-00 00:00:00', '0000-00-00 00:00:00'),
(355, 'Patrick  Michael', 'patrickmichaelhurley@student.itjvallereal.edu.mx', 'Hurley', '', '0000-00-00', 'Mexicana / Estadounidense', 'M', '$2y$10$ipsrcNT6PotBTrAlxa4s/uyXd5gM8ILNdrgAArEQaEaaAF84Z.tZm', 2, '', '0000-00-00 00:00:00', '0000-00-00 00:00:00'),
(356, 'Luis Miguel', 'luismiguelquintanag@student.itjvallereal.edu.mx', 'Quintana', 'Gil', '0000-00-00', 'Mexicano', 'M', '$2y$10$ipsrcNT6PotBTrAlxa4s/uyXd5gM8ILNdrgAArEQaEaaAF84Z.tZm', 2, '', '0000-00-00 00:00:00', '0000-00-00 00:00:00'),
(357, 'Zara', 'zaraschmidtf@student.itjvallereal.edu.mx', 'Schmidt', 'Flores', '0000-00-00', 'Mexicana', 'F', '$2y$10$ipsrcNT6PotBTrAlxa4s/uyXd5gM8ILNdrgAArEQaEaaAF84Z.tZm', 2, '', '0000-00-00 00:00:00', '0000-00-00 00:00:00'),
(358, 'Antonia  Claire', 'antoniaclaireschofer@student.itjvallereal.edu.mx', 'Schofer', '', '0000-00-00', 'Estadounidense', 'F', '$2y$10$ipsrcNT6PotBTrAlxa4s/uyXd5gM8ILNdrgAArEQaEaaAF84Z.tZm', 2, '', '0000-00-00 00:00:00', '0000-00-00 00:00:00'),
(359, 'Alicia', 'aliciaguzmanc@student.itjvallereal.edu.mx', 'Guzman', 'Cortes', '0000-00-00', 'Colombiana', 'F', '$2y$10$ipsrcNT6PotBTrAlxa4s/uyXd5gM8ILNdrgAArEQaEaaAF84Z.tZm', 2, '', '0000-00-00 00:00:00', '0000-00-00 00:00:00'),
(360, 'Mariano', 'marianoortizg@student.itjvallereal.edu.mx', 'Ortiz', 'Guijarro', '0000-00-00', 'Mexicana', 'M', '$2y$10$ipsrcNT6PotBTrAlxa4s/uyXd5gM8ILNdrgAArEQaEaaAF84Z.tZm', 2, '', '0000-00-00 00:00:00', '0000-00-00 00:00:00'),
(361, 'Eric', 'ericcontreras@student.itjvallereal.edu.mx', 'Contreras', '', '0000-00-00', 'Estadounidense', 'M', '$2y$10$ipsrcNT6PotBTrAlxa4s/uyXd5gM8ILNdrgAArEQaEaaAF84Z.tZm', 2, '', '0000-00-00 00:00:00', '0000-00-00 00:00:00'),
(362, 'Matteo', 'matteoroblesv@student.itjvallereal.edu.mx', 'Robles', 'Villasenor', '0000-00-00', 'Mexicana', 'M', '$2y$10$ipsrcNT6PotBTrAlxa4s/uyXd5gM8ILNdrgAArEQaEaaAF84Z.tZm', 2, 'DSrxHSiBjBRUDzuJJPcLBrDz33lRO5UsAXWysbWjtfoFq6hPPSB0EupofOMG', '0000-00-00 00:00:00', '0000-00-00 00:00:00'),
(363, 'Mariana', 'marianaromerom@student.itjvallereal.edu.mx', 'Romero', 'Madrigal', '0000-00-00', 'Mexicana', 'F', '$2y$10$ipsrcNT6PotBTrAlxa4s/uyXd5gM8ILNdrgAArEQaEaaAF84Z.tZm', 2, '', '0000-00-00 00:00:00', '0000-00-00 00:00:00'),
(364, 'Carlos Fernando', 'carlosfervillasenorj@student.itjvallereal.edu.mx', 'Villasenor', 'Jimenez', '2039-00-01', 'Mexicana', 'M', '$2y$10$ipsrcNT6PotBTrAlxa4s/uyXd5gM8ILNdrgAArEQaEaaAF84Z.tZm', 2, '', '0000-00-00 00:00:00', '0000-00-00 00:00:00'),
(365, 'Ignacio', 'ignaciomartinezl@student.itjvallereal.edu.mx', 'Martinez', 'Lopez Portillo', '0000-00-00', 'Mexicana', 'M', '$2y$10$ipsrcNT6PotBTrAlxa4s/uyXd5gM8ILNdrgAArEQaEaaAF84Z.tZm', 2, '', '0000-00-00 00:00:00', '0000-00-00 00:00:00'),
(366, 'Valeria', 'valeriamayoc@student.itjvallereal.edu.mx', 'Mayo', 'Caballero', '0000-00-00', 'Mexicana', 'F', '$2y$10$ipsrcNT6PotBTrAlxa4s/uyXd5gM8ILNdrgAArEQaEaaAF84Z.tZm', 2, '', '0000-00-00 00:00:00', '0000-00-00 00:00:00'),
(367, 'Ximena', 'ximenaalvarezh@student.itjvallereal.edu.mx', 'Alvarez', 'Hanon', '0000-00-00', 'Mexicana', 'F', '$2y$10$ipsrcNT6PotBTrAlxa4s/uyXd5gM8ILNdrgAArEQaEaaAF84Z.tZm', 2, '', '0000-00-00 00:00:00', '0000-00-00 00:00:00'),
(368, 'Alessandra', 'alessandraplanterr@student.itjvallereal.edu.mx', 'Planter', 'Roquebert', '2039-03-03', 'Mexicana', 'F', '$2y$10$ipsrcNT6PotBTrAlxa4s/uyXd5gM8ILNdrgAArEQaEaaAF84Z.tZm', 2, '', '0000-00-00 00:00:00', '0000-00-00 00:00:00'),
(369, 'Jimena', 'jimenavegaa@student.itjvallereal.edu.mx', 'Vega', 'Ampudia', '2039-00-09', 'Mexicana', 'F', '$2y$10$ipsrcNT6PotBTrAlxa4s/uyXd5gM8ILNdrgAArEQaEaaAF84Z.tZm', 2, '', '0000-00-00 00:00:00', '0000-00-00 00:00:00'),
(370, 'Valeria', 'valeriafernandeze@student.itjvallereal.edu.mx', 'Fernandez', 'Encinas', '0000-00-00', 'Mexicana', 'F', '$2y$10$ipsrcNT6PotBTrAlxa4s/uyXd5gM8ILNdrgAArEQaEaaAF84Z.tZm', 2, '', '0000-00-00 00:00:00', '0000-00-00 00:00:00'),
(371, 'Maya', 'mayaguyg@student.itjvallereal.edu.mx', 'Guy', 'Guy', '0000-00-00', 'Mexicana', 'F', '$2y$10$ipsrcNT6PotBTrAlxa4s/uyXd5gM8ILNdrgAArEQaEaaAF84Z.tZm', 2, '', '0000-00-00 00:00:00', '0000-00-00 00:00:00'),
(372, 'Leonardo', 'leonardoramosl@student.itjvallereal.edu.mx', 'Ramos', 'Leon', '2039-03-05', 'Mexicana', 'F', '$2y$10$ipsrcNT6PotBTrAlxa4s/uyXd5gM8ILNdrgAArEQaEaaAF84Z.tZm', 2, '', '0000-00-00 00:00:00', '0000-00-00 00:00:00'),
(373, 'Guillermo', 'guillermovegam@student.itjvallereal.edu.mx', 'Vega', 'Manzano', '0000-00-00', 'Mexicana', 'M', '$2y$10$ipsrcNT6PotBTrAlxa4s/uyXd5gM8ILNdrgAArEQaEaaAF84Z.tZm', 2, '', '0000-00-00 00:00:00', '0000-00-00 00:00:00'),
(374, 'Mateo', 'mateoorozcoe@student.itjvallereal.edu.mx', 'Orozco', 'Escamilla', '0000-00-00', 'Mexicana', 'M', '$2y$10$ipsrcNT6PotBTrAlxa4s/uyXd5gM8ILNdrgAArEQaEaaAF84Z.tZm', 2, '', '0000-00-00 00:00:00', '0000-00-00 00:00:00'),
(375, 'Jesus', 'jesussalomono@student.itjvallereal.edu.mx', 'Salomon', 'Osorno', '0000-00-00', 'Mexicana', 'M', '$2y$10$ipsrcNT6PotBTrAlxa4s/uyXd5gM8ILNdrgAArEQaEaaAF84Z.tZm', 2, '', '0000-00-00 00:00:00', '0000-00-00 00:00:00'),
(376, 'Emanuel', 'emanuelargotec@student.itjvallereal.edu.mx', 'Argote', 'Cota', '0000-00-00', 'Mexicana', 'M', '$2y$10$ipsrcNT6PotBTrAlxa4s/uyXd5gM8ILNdrgAArEQaEaaAF84Z.tZm', 2, '', '0000-00-00 00:00:00', '0000-00-00 00:00:00'),
(377, 'Alejandro', 'alejandroochoay@student.itjvallereal.edu.mx', 'Ochoa', 'Yamhure', '0000-00-00', 'Mexicana', 'M', '$2y$10$ipsrcNT6PotBTrAlxa4s/uyXd5gM8ILNdrgAArEQaEaaAF84Z.tZm', 2, '', '0000-00-00 00:00:00', '0000-00-00 00:00:00'),
(378, 'Giovanna', 'giovannafonsecap@student.itjvallereal.edu.mx', 'Fonseca', 'Pasini', '0000-00-00', 'Mexicana', 'F', '$2y$10$ipsrcNT6PotBTrAlxa4s/uyXd5gM8ILNdrgAArEQaEaaAF84Z.tZm', 2, '', '0000-00-00 00:00:00', '0000-00-00 00:00:00'),
(379, 'Gretel', 'gretelgutierrezh@student.itjvallereal.edu.mx', 'Gutierrez', 'Hidalgo', '0000-00-00', 'Mexicana', 'F', '$2y$10$ipsrcNT6PotBTrAlxa4s/uyXd5gM8ILNdrgAArEQaEaaAF84Z.tZm', 2, '', '0000-00-00 00:00:00', '0000-00-00 00:00:00'),
(380, 'Gabriel', 'gabrielgalindom@student.itjvallereal.edu.mx', 'Galindo', 'Maytorena', '0000-00-00', 'Mexicana / Estadounidense', 'M', '$2y$10$ipsrcNT6PotBTrAlxa4s/uyXd5gM8ILNdrgAArEQaEaaAF84Z.tZm', 2, '', '0000-00-00 00:00:00', '0000-00-00 00:00:00'),
(381, 'Juliana', 'julianahurtadon@student.itjvallereal.edu.mx', 'Hurtado', 'Nunez', '0000-00-00', 'Mexicana', 'F', '$2y$10$ipsrcNT6PotBTrAlxa4s/uyXd5gM8ILNdrgAArEQaEaaAF84Z.tZm', 2, '', '0000-00-00 00:00:00', '0000-00-00 00:00:00'),
(382, 'Jorge', 'jorgegonzalezm@student.itjvallereal.edu.mx', 'Gonzalez', 'Martinez', '0000-00-00', 'Mexicana', 'M', '$2y$10$ipsrcNT6PotBTrAlxa4s/uyXd5gM8ILNdrgAArEQaEaaAF84Z.tZm', 2, '', '0000-00-00 00:00:00', '0000-00-00 00:00:00'),
(383, 'Sofia', 'sofiamunoza@student.itjvallereal.edu.mx', 'Munoz', 'Avila', '0000-00-00', 'Mexicana', 'F', '$2y$10$ipsrcNT6PotBTrAlxa4s/uyXd5gM8ILNdrgAArEQaEaaAF84Z.tZm', 2, '', '0000-00-00 00:00:00', '0000-00-00 00:00:00'),
(384, 'Vanessa', 'vanessalopezv@student.itjvallereal.edu.mx', 'Lopez', 'Velasco', '0000-00-00', 'Mexicana', 'F', '$2y$10$ipsrcNT6PotBTrAlxa4s/uyXd5gM8ILNdrgAArEQaEaaAF84Z.tZm', 2, '', '0000-00-00 00:00:00', '0000-00-00 00:00:00'),
(385, 'Ana Sofia', 'anasofiarodriguezn@student.itjvallereal.edu.mx', 'Rodriguez', 'Nunez', '0000-00-00', 'Mexicana', 'F', '$2y$10$ipsrcNT6PotBTrAlxa4s/uyXd5gM8ILNdrgAArEQaEaaAF84Z.tZm', 2, '', '0000-00-00 00:00:00', '0000-00-00 00:00:00'),
(386, 'Andrea Paola', 'andreapaolacontrerasl@student.itjvallereal.edu.mx', 'Contreras', 'Lopez', '0000-00-00', 'Mexicana', 'F', '$2y$10$ipsrcNT6PotBTrAlxa4s/uyXd5gM8ILNdrgAArEQaEaaAF84Z.tZm', 2, '', '0000-00-00 00:00:00', '0000-00-00 00:00:00'),
(387, 'Valeshka', 'valeshkaamillanol@student.itjvallereal.edu.mx', 'Amillano', 'Lopez', '0000-00-00', 'Mexicana', 'F', '$2y$10$ipsrcNT6PotBTrAlxa4s/uyXd5gM8ILNdrgAArEQaEaaAF84Z.tZm', 2, '', '0000-00-00 00:00:00', '0000-00-00 00:00:00'),
(388, 'Andres', 'andresbetancourti@student.itjvallereal.edu.mx', 'Betancourt', 'Ide', '2039-01-04', 'Mexicana', 'M', '$2y$10$ipsrcNT6PotBTrAlxa4s/uyXd5gM8ILNdrgAArEQaEaaAF84Z.tZm', 2, '', '0000-00-00 00:00:00', '0000-00-00 00:00:00'),
(389, 'Alexa', 'alexaaguirrea@student.itjvallereal.edu.mx', 'Aguirre', 'Aceves', '0000-00-00', 'Mexicana', 'F', '$2y$10$ipsrcNT6PotBTrAlxa4s/uyXd5gM8ILNdrgAArEQaEaaAF84Z.tZm', 2, '', '0000-00-00 00:00:00', '0000-00-00 00:00:00'),
(390, 'Natalia', 'nataliacastrod@student.itjvallereal.edu.mx', 'Castro', 'De Dios', '0000-00-00', 'Mexicana', 'F', '$2y$10$ipsrcNT6PotBTrAlxa4s/uyXd5gM8ILNdrgAArEQaEaaAF84Z.tZm', 2, '', '0000-00-00 00:00:00', '0000-00-00 00:00:00'),
(391, 'Bruno', 'brunofernandezdecastro@student.itjvallereal.edu.mx', 'Fernandez De Castro', 'Sanchez Elenes', '0000-00-00', 'Mexicana', 'M', '$2y$10$ipsrcNT6PotBTrAlxa4s/uyXd5gM8ILNdrgAArEQaEaaAF84Z.tZm', 2, '', '0000-00-00 00:00:00', '0000-00-00 00:00:00'),
(392, 'Julia', 'juliarodriguezb@student.itjvallereal.edu.mx', 'Rodriguez', 'Barajas', '0000-00-00', 'Mexicana', 'F', '$2y$10$ipsrcNT6PotBTrAlxa4s/uyXd5gM8ILNdrgAArEQaEaaAF84Z.tZm', 2, '', '0000-00-00 00:00:00', '0000-00-00 00:00:00'),
(393, 'Santiago', 'santiagoanguloi@student.itjvallereal.edu.mx', 'Angulo', 'Iniguez', '2039-02-03', 'Mexicana', 'M', '$2y$10$ipsrcNT6PotBTrAlxa4s/uyXd5gM8ILNdrgAArEQaEaaAF84Z.tZm', 2, '', '0000-00-00 00:00:00', '0000-00-00 00:00:00'),
(394, 'Adrian', 'adrianfernandezm@student.itjvallereal.edu.mx', 'Fernandez', 'Moreno', '0000-00-00', 'Mexicana', 'M', '$2y$10$ipsrcNT6PotBTrAlxa4s/uyXd5gM8ILNdrgAArEQaEaaAF84Z.tZm', 2, '', '0000-00-00 00:00:00', '0000-00-00 00:00:00'),
(395, 'Gerardo', 'gerardoperezl@student.itjvallereal.edu.mx', 'Perez', 'Leon', '0000-00-00', 'Mexicana', 'M', '$2y$10$ipsrcNT6PotBTrAlxa4s/uyXd5gM8ILNdrgAArEQaEaaAF84Z.tZm', 2, '', '0000-00-00 00:00:00', '0000-00-00 00:00:00'),
(396, 'Luis Santino', 'luissantinocamachom@student.itjvallereal.edu.mx', 'Camacho', 'Mascareno', '2039-01-09', 'Mexicana', 'M', '$2y$10$ipsrcNT6PotBTrAlxa4s/uyXd5gM8ILNdrgAArEQaEaaAF84Z.tZm', 2, '', '0000-00-00 00:00:00', '0000-00-00 00:00:00'),
(397, 'Jesus Manuel', 'jesusmanuelbazual@student.itjvallereal.edu.mx', 'Bazua', 'Lopez', '0000-00-00', 'Mexicana', 'M', '$2y$10$ipsrcNT6PotBTrAlxa4s/uyXd5gM8ILNdrgAArEQaEaaAF84Z.tZm', 2, '', '0000-00-00 00:00:00', '0000-00-00 00:00:00'),
(398, 'Joel Ignacio', 'joelignaciobanuelosc@student.itjvallereal.edu.mx', 'Banuelos', 'Calleros', '0000-00-00', 'Mexicana / Estadounidense', 'M', '$2y$10$ipsrcNT6PotBTrAlxa4s/uyXd5gM8ILNdrgAArEQaEaaAF84Z.tZm', 2, '', '0000-00-00 00:00:00', '0000-00-00 00:00:00'),
(399, 'Angela', 'angelazamorat@student.itjvallereal.edu.mx', 'Zamora', 'Torres', '0000-00-00', 'Mexicana', 'F', '$2y$10$ipsrcNT6PotBTrAlxa4s/uyXd5gM8ILNdrgAArEQaEaaAF84Z.tZm', 2, '', '0000-00-00 00:00:00', '0000-00-00 00:00:00'),
(400, 'Mariana', 'marianamartinezo@student.itjvallereal.edu.mx', 'Martinez', 'Orendain', '0000-00-00', '', 'F', '$2y$10$ipsrcNT6PotBTrAlxa4s/uyXd5gM8ILNdrgAArEQaEaaAF84Z.tZm', 2, '', '0000-00-00 00:00:00', '0000-00-00 00:00:00'),
(401, 'Isabella', 'isabellachecchiq@student.itjvallereal.edu.mx', 'Checchi', 'Quirarte', '0000-00-00', 'Mexicana', 'F', '$2y$10$ipsrcNT6PotBTrAlxa4s/uyXd5gM8ILNdrgAArEQaEaaAF84Z.tZm', 2, '', '0000-00-00 00:00:00', '0000-00-00 00:00:00'),
(402, 'Ashley Mairer', 'ashleymairercamachoa@student.itjvallereal.edu.mx', 'Camacho', 'Arriaga', '2039-02-06', 'Mexicana', 'F', '$2y$10$ipsrcNT6PotBTrAlxa4s/uyXd5gM8ILNdrgAArEQaEaaAF84Z.tZm', 2, '', '0000-00-00 00:00:00', '0000-00-00 00:00:00'),
(403, 'Ana Cristina', 'anacristinabarbosar@student.itjvallereal.edu.mx', 'Barbosa', 'Rojas', '0000-00-00', 'Mexicana', 'F', '$2y$10$ipsrcNT6PotBTrAlxa4s/uyXd5gM8ILNdrgAArEQaEaaAF84Z.tZm', 2, '', '0000-00-00 00:00:00', '0000-00-00 00:00:00'),
(404, 'Gabriel', 'gaboab2005@gmail.com', 'Avila', 'Barba', '0000-00-00', 'Mexicana', 'M', '$2y$10$ipsrcNT6PotBTrAlxa4s/uyXd5gM8ILNdrgAArEQaEaaAF84Z.tZm', 2, '', '2019-01-09 10:31:27', '2019-01-09 10:31:27'),
(405, 'Fatima', 'fatimaitj05@gmail.com', 'Hernandez', 'Flores', '0000-00-00', 'Mexicana', 'F', '$2y$10$ipsrcNT6PotBTrAlxa4s/uyXd5gM8ILNdrgAArEQaEaaAF84Z.tZm', 2, '', '2019-01-09 10:31:27', '2019-01-09 10:31:27'),
(406, 'Vittorio', 'catinovit@gmail.com', 'Catino', '', '0000-00-00', 'Italiana', 'M', '$2y$10$ipsrcNT6PotBTrAlxa4s/uyXd5gM8ILNdrgAArEQaEaaAF84Z.tZm', 2, '', '2019-01-09 10:31:27', '2019-01-09 10:31:27'),
(407, 'Sofia', 'sofia3diaz3@gmail.com', 'Diaz', 'Barba', '0000-00-00', 'Mexicana', 'F', '$2y$10$ipsrcNT6PotBTrAlxa4s/uyXd5gM8ILNdrgAArEQaEaaAF84Z.tZm', 2, '', '2019-01-09 10:31:27', '2019-01-09 10:31:27'),
(408, 'Nidia Alondra', 'alondradiazharo@gmail.com', 'Diaz', 'Haro', '0000-00-00', 'Mexicana', 'F', '$2y$10$ipsrcNT6PotBTrAlxa4s/uyXd5gM8ILNdrgAArEQaEaaAF84Z.tZm', 2, '', '2019-01-09 10:31:27', '2019-01-09 10:31:27'),
(409, 'Ana Victoria', 'vickg165@gmail.com', 'Gomez', 'Juarez', '0000-00-00', 'Mexicana', 'F', '$2y$10$ipsrcNT6PotBTrAlxa4s/uyXd5gM8ILNdrgAArEQaEaaAF84Z.tZm', 2, '', '2019-01-09 10:31:27', '2019-01-09 10:31:27'),
(410, 'Patricio', 'thepatrix24@gmail.com', 'Tommasi', 'Hernandez', '0000-00-00', 'Mexicana', 'M', '$2y$10$ipsrcNT6PotBTrAlxa4s/uyXd5gM8ILNdrgAArEQaEaaAF84Z.tZm', 2, '', '2019-01-09 10:31:27', '2019-01-09 10:31:27');
INSERT INTO `users` (`id`, `name`, `email`, `last_name`, `second_last_name`, `birthday`, `nationality`, `gender`, `password`, `department_id`, `remember_token`, `created_at`, `updated_at`) VALUES
(411, 'Sofia', 'sofijmz11@gmail.com', 'Jimenez', 'Cruz', '0000-00-00', 'Mexicana', 'F', '$2y$10$ipsrcNT6PotBTrAlxa4s/uyXd5gM8ILNdrgAArEQaEaaAF84Z.tZm', 2, '', '2019-01-09 10:31:27', '2019-01-09 10:31:27'),
(412, 'Karen', 'karen.cassani.p@gmail.com', 'Cassani', 'Patino', '0000-00-00', 'Mexicana', 'F', '$2y$10$ipsrcNT6PotBTrAlxa4s/uyXd5gM8ILNdrgAArEQaEaaAF84Z.tZm', 2, '', '2019-01-09 10:31:27', '2019-01-09 10:31:27'),
(413, 'David', 'davidmct22@gmail.com', 'Martinez Cabral', 'Torres', '0000-00-00', 'Mexicano', 'M', '$2y$10$ipsrcNT6PotBTrAlxa4s/uyXd5gM8ILNdrgAArEQaEaaAF84Z.tZm', 2, '', '2019-01-09 10:31:27', '2019-01-09 10:31:27'),
(414, 'Karol Angelica', 'karolangiemuniz1258@gmail.com', 'Muniz', 'Muniz', '0000-00-00', 'Mexicana', 'F', '$2y$10$ipsrcNT6PotBTrAlxa4s/uyXd5gM8ILNdrgAArEQaEaaAF84Z.tZm', 2, '', '2019-01-09 10:31:27', '2019-01-09 10:31:27'),
(415, 'Juan Pablo', 'jpcortezmelghem@gmail.com', 'Cortez', 'Melghem', '0000-00-00', 'Hondurena', 'M', '$2y$10$ipsrcNT6PotBTrAlxa4s/uyXd5gM8ILNdrgAArEQaEaaAF84Z.tZm', 2, '', '2019-01-09 10:31:27', '2019-01-09 10:31:27'),
(416, 'Valeria', 'valeherluzu8@gmail.com', 'Hernandez', 'Luzuriaga', '0000-00-00', 'Ecuatoriana', 'F', '$2y$10$ipsrcNT6PotBTrAlxa4s/uyXd5gM8ILNdrgAArEQaEaaAF84Z.tZm', 2, '', '2019-01-09 10:31:27', '2019-01-09 10:31:27'),
(417, 'Sergio Antonio', 'anto.r6to@gmail.com', 'Rivas', 'Isiordia', '0000-00-00', 'Mexicana', 'M', '$2y$10$ipsrcNT6PotBTrAlxa4s/uyXd5gM8ILNdrgAArEQaEaaAF84Z.tZm', 2, '', '2019-01-09 10:31:27', '2019-01-09 10:31:27'),
(418, 'Yolette', 'yoletterf@gmail.com', 'Rivera', 'Fontes', '0000-00-00', 'Mexicana', 'F', '$2y$10$ipsrcNT6PotBTrAlxa4s/uyXd5gM8ILNdrgAArEQaEaaAF84Z.tZm', 2, '', '2019-01-09 10:31:27', '2019-01-09 10:31:27'),
(419, 'Maria Jose', 'mfloresberumen@gmail.com', 'Flores', 'Berumen', '0000-00-00', 'Mexicana / Estadounidense', 'F', '$2y$10$ipsrcNT6PotBTrAlxa4s/uyXd5gM8ILNdrgAArEQaEaaAF84Z.tZm', 2, '', '2019-01-09 10:31:27', '2019-01-09 10:31:27'),
(420, 'Mariana', 'hmariana2535@gmail.com', 'Hernandez', 'Gutierrez', '0000-00-00', 'Mexicana', 'F', '$2y$10$ipsrcNT6PotBTrAlxa4s/uyXd5gM8ILNdrgAArEQaEaaAF84Z.tZm', 2, '', '2019-01-09 10:31:27', '2019-01-09 10:31:27'),
(421, 'Ashton', 'ashtonmeraz@gmail.com', 'Medina', 'Meraz', '0000-00-00', 'Mexicana', 'M', '$2y$10$ipsrcNT6PotBTrAlxa4s/uyXd5gM8ILNdrgAArEQaEaaAF84Z.tZm', 2, '', '2019-01-09 10:31:27', '2019-01-09 10:31:27'),
(422, 'Mariana', 'marianaperezbs@gmail.com', 'Perez Bouquet', 'Soltero', '0000-00-00', 'Mexicana', 'F', '$2y$10$ipsrcNT6PotBTrAlxa4s/uyXd5gM8ILNdrgAArEQaEaaAF84Z.tZm', 2, '', '2019-01-09 10:31:27', '2019-01-09 10:31:27'),
(423, 'Natalia', 'natisramirez05@gmail.com', 'Ramirez', 'Corona', '0000-00-00', 'Mexicana', 'F', '$2y$10$ipsrcNT6PotBTrAlxa4s/uyXd5gM8ILNdrgAArEQaEaaAF84Z.tZm', 2, '', '2019-01-09 10:31:27', '2019-01-09 10:31:27'),
(424, 'Emiliano', 'emilianoar2004@gmail.com', 'Aguilar', 'Ramos', '0000-00-00', 'Mexicana', 'M', '$2y$10$ipsrcNT6PotBTrAlxa4s/uyXd5gM8ILNdrgAArEQaEaaAF84Z.tZm', 2, 'fm5kIti9d53vWTPol76lek3oTdkC8T8NuBRAeAZOCM3WRisykXvLV4xOb1O7', '2019-01-09 10:31:27', '2019-01-09 10:31:27'),
(425, 'Ana Sofia', 'anasofiapreciadog@gmail.com', 'Preciado', 'Gallardo', '0000-00-00', 'Mexicana', 'F', '$2y$10$ipsrcNT6PotBTrAlxa4s/uyXd5gM8ILNdrgAArEQaEaaAF84Z.tZm', 2, '', '2019-01-09 10:31:27', '2019-01-09 10:31:27'),
(426, 'Mateo', 'mateovilchesitj@gmail.com', 'Vilches', 'Jayme', '0000-00-00', 'Mexicana', 'M', '$2y$10$ipsrcNT6PotBTrAlxa4s/uyXd5gM8ILNdrgAArEQaEaaAF84Z.tZm', 2, '', '2019-01-09 10:31:27', '2019-01-09 10:31:27'),
(427, 'Sebastian', 'sebbec2017@gmail.com', 'Becerril', 'Ramirez', '0000-00-00', 'Mexicana', 'M', '$2y$10$ipsrcNT6PotBTrAlxa4s/uyXd5gM8ILNdrgAArEQaEaaAF84Z.tZm', 2, '', '2019-01-09 10:31:27', '2019-01-09 10:31:27'),
(428, 'Donghyun', '1324kdh@gmail.com', 'Kim', '', '0000-00-00', 'Coreana', 'M', '$2y$10$ipsrcNT6PotBTrAlxa4s/uyXd5gM8ILNdrgAArEQaEaaAF84Z.tZm', 2, '', '2019-01-09 10:31:27', '2019-01-09 10:31:27'),
(429, 'Mia', 'mia94rubio@gmail.com', 'Rubio', 'Velasco', '0000-00-00', 'Mexicana', 'F', '$2y$10$ipsrcNT6PotBTrAlxa4s/uyXd5gM8ILNdrgAArEQaEaaAF84Z.tZm', 2, '', '2019-01-09 10:31:27', '2019-01-09 10:31:27'),
(430, 'Jonathan', 'cernyarcruz@gmail.com', 'Cernyar', 'Cruz', '0000-00-00', 'Estadounidense', 'M', '$2y$10$ipsrcNT6PotBTrAlxa4s/uyXd5gM8ILNdrgAArEQaEaaAF84Z.tZm', 2, '', '2019-01-09 10:31:27', '2019-01-09 10:31:27'),
(431, 'Paula Montserrat', 'pocotoyo19@gmail.com', 'Ibarra', 'Flores', '0000-00-00', 'Mexicana', 'F', '$2y$10$ipsrcNT6PotBTrAlxa4s/uyXd5gM8ILNdrgAArEQaEaaAF84Z.tZm', 2, '', '2019-01-09 10:31:27', '2019-01-09 10:31:27'),
(432, 'Hector Manuel', 'hectorsalazarzm2005@gmail.com', 'Salazar', 'Valencia', '0000-00-00', 'Mexicana', 'M', '$2y$10$ipsrcNT6PotBTrAlxa4s/uyXd5gM8ILNdrgAArEQaEaaAF84Z.tZm', 2, '', '2019-01-09 10:31:27', '2019-01-09 10:31:27'),
(433, 'Daniela', 'danielaahs2005@gmail.com', 'Alcaraz', 'Huerta', '0000-00-00', 'Mexicana', 'F', '$2y$10$ipsrcNT6PotBTrAlxa4s/uyXd5gM8ILNdrgAArEQaEaaAF84Z.tZm', 2, '', '2019-01-09 10:31:27', '2019-01-09 10:31:27'),
(434, 'Camila', 'cami.05ay@gmail.com', 'Ayala', 'Ayala', '0000-00-00', 'Mexicana', 'F', '$2y$10$ipsrcNT6PotBTrAlxa4s/uyXd5gM8ILNdrgAArEQaEaaAF84Z.tZm', 2, '', '2019-01-09 10:31:27', '2019-01-09 10:31:27'),
(435, 'Emilio', 'emiliobetan1b@gmail.com', 'Betancourt', 'Ide', '0000-00-00', 'Mexicana', 'M', '$2y$10$ipsrcNT6PotBTrAlxa4s/uyXd5gM8ILNdrgAArEQaEaaAF84Z.tZm', 2, '', '2019-01-09 10:31:27', '2019-01-09 10:31:27'),
(436, 'Alexa', 'alexaduronl@gmail.com', 'Duron', 'Landeros', '0000-00-00', 'Mexicana', 'F', '$2y$10$ipsrcNT6PotBTrAlxa4s/uyXd5gM8ILNdrgAArEQaEaaAF84Z.tZm', 2, '', '2019-01-09 10:31:27', '2019-01-09 10:31:27'),
(437, 'Regina', 'reginagp2005@gmail.com', 'Garcia', 'Padilla', '0000-00-00', 'Mexicana', 'F', '$2y$10$ipsrcNT6PotBTrAlxa4s/uyXd5gM8ILNdrgAArEQaEaaAF84Z.tZm', 2, '', '2019-01-09 10:31:27', '2019-01-09 10:31:27'),
(438, 'Fernanda', 'fernandagonzlede05@gmail.com', 'Gonzalez', 'Ledezma', '0000-00-00', 'Mexicana', 'F', '$2y$10$ipsrcNT6PotBTrAlxa4s/uyXd5gM8ILNdrgAArEQaEaaAF84Z.tZm', 2, '', '2019-01-09 10:31:27', '2019-01-09 10:31:27'),
(439, 'Enrique', 'kikedurzo@gmail.com', 'Hecht', 'D\'Urzo', '0000-00-00', 'Mexicana', 'M', '$2y$10$ipsrcNT6PotBTrAlxa4s/uyXd5gM8ILNdrgAArEQaEaaAF84Z.tZm', 2, '', '2019-01-09 10:31:27', '2019-01-09 10:31:27'),
(440, 'Jimena', 'jnavatole@gmail.com', 'Navarro', 'Toledano', '0000-00-00', 'Mexicana', 'F', '$2y$10$ipsrcNT6PotBTrAlxa4s/uyXd5gM8ILNdrgAArEQaEaaAF84Z.tZm', 2, '', '2019-01-09 10:31:27', '2019-01-09 10:31:27'),
(441, 'Maximo', 'cosmicat45@gmail.com', 'Orendain', 'Alvarez', '0000-00-00', 'Mexicana', 'M', '$2y$10$ipsrcNT6PotBTrAlxa4s/uyXd5gM8ILNdrgAArEQaEaaAF84Z.tZm', 2, '', '2019-01-09 10:31:27', '2019-01-09 10:31:27'),
(442, 'Regina', 'reginardzcor@gmail.com', 'Rodriguez', 'Cortes', '0000-00-00', 'Mexicana', 'F', '$2y$10$ipsrcNT6PotBTrAlxa4s/uyXd5gM8ILNdrgAArEQaEaaAF84Z.tZm', 2, '', '2019-01-09 10:31:27', '2019-01-09 10:31:27'),
(443, 'Andrea', 'avj006.itj@gmail.com', 'Villasenor', 'Jimenez', '0000-00-00', 'Mexicana', 'F', '$2y$10$ipsrcNT6PotBTrAlxa4s/uyXd5gM8ILNdrgAArEQaEaaAF84Z.tZm', 2, '', '2019-01-09 10:31:27', '2019-01-09 10:31:27'),
(444, 'Aditree', 'aditreeduttsahu@gmail.com', 'Dutt', 'Sahu', '0000-00-00', 'India', 'F', '$2y$10$ipsrcNT6PotBTrAlxa4s/uyXd5gM8ILNdrgAArEQaEaaAF84Z.tZm', 2, '', '2019-01-09 10:31:27', '2019-01-09 10:31:27'),
(445, 'Maria Fernanda', 'mafergdq@gmail.com', 'G De Quevedo', 'Gonzalez Duran', '0000-00-00', 'Mexicana', 'F', '$2y$10$ipsrcNT6PotBTrAlxa4s/uyXd5gM8ILNdrgAArEQaEaaAF84Z.tZm', 2, '', '2019-01-09 10:31:27', '2019-01-09 10:31:27'),
(446, 'Diego', 'atundolores98@gmail.com', 'Rubio', 'Velasco', '0000-00-00', 'Mexicana', 'M', '$2y$10$ipsrcNT6PotBTrAlxa4s/uyXd5gM8ILNdrgAArEQaEaaAF84Z.tZm', 2, '', '2019-01-09 10:31:27', '2019-01-09 10:31:27'),
(447, 'Chiara Paula', 'chperteghella@gmail.com', 'Perteghella', 'Crocco', '0000-00-00', 'Mexicana', 'F', '$2y$10$ipsrcNT6PotBTrAlxa4s/uyXd5gM8ILNdrgAArEQaEaaAF84Z.tZm', 2, '', '2019-01-09 10:31:27', '2019-01-09 10:31:27'),
(448, 'Tyrza Paola', 'tyrzachavez@gmail.com', 'Chavez', 'Morales', '0000-00-00', 'Mexicana', 'F', '$2y$10$ipsrcNT6PotBTrAlxa4s/uyXd5gM8ILNdrgAArEQaEaaAF84Z.tZm', 2, '', '2019-01-09 10:31:27', '2019-01-09 10:31:27'),
(449, 'Pablo Antonio', 'charmyomega@gmail.com', 'Higuera', 'Rubi', '0000-00-00', 'Mexicana', 'M', '$2y$10$ipsrcNT6PotBTrAlxa4s/uyXd5gM8ILNdrgAArEQaEaaAF84Z.tZm', 2, '', '2019-01-09 10:31:27', '2019-01-09 10:31:27'),
(450, 'Ana Valeria', 'anavsters2004@gmail.com', 'Garcia', 'Fonseca', '0000-00-00', 'Mexicana', 'F', '$2y$10$ipsrcNT6PotBTrAlxa4s/uyXd5gM8ILNdrgAArEQaEaaAF84Z.tZm', 2, '', '2019-01-09 10:31:27', '2019-01-09 10:31:27'),
(451, 'Francisco', 'pancho23jul@gmail.com', 'Ruiz', 'Gomez', '0000-00-00', 'Mexicana', 'M', '$2y$10$ipsrcNT6PotBTrAlxa4s/uyXd5gM8ILNdrgAArEQaEaaAF84Z.tZm', 2, '', '2019-01-09 10:31:27', '2019-01-09 10:31:27'),
(452, 'Alan Mauricio', 'alansahagun7citj@gmail.com', 'Sahagun', 'Navarro', '0000-00-00', 'Mexicana', 'M', '$2y$10$ipsrcNT6PotBTrAlxa4s/uyXd5gM8ILNdrgAArEQaEaaAF84Z.tZm', 2, '', '2019-01-09 10:31:27', '2019-01-09 10:31:27'),
(453, 'Sofia', 'csophie269@gmail.com', 'Catino', '', '0000-00-00', 'Italiana', 'F', '$2y$10$ipsrcNT6PotBTrAlxa4s/uyXd5gM8ILNdrgAArEQaEaaAF84Z.tZm', 2, '', '2019-01-09 10:31:27', '2019-01-09 10:31:27'),
(454, 'Jorge Luis', 'guzzmaan17@gmail.com', 'Guzman', 'Hernandez', '0000-00-00', 'Mexicana', 'M', '$2y$10$ipsrcNT6PotBTrAlxa4s/uyXd5gM8ILNdrgAArEQaEaaAF84Z.tZm', 2, '', '2019-01-09 10:31:27', '2019-01-09 10:31:27'),
(455, 'Fernanda', 'bananasorianom04@gmail.com', 'Soriano', 'Mendez', '2038-07-07', 'Mexicana', 'F', '$2y$10$ipsrcNT6PotBTrAlxa4s/uyXd5gM8ILNdrgAArEQaEaaAF84Z.tZm', 2, '', '2019-01-09 10:31:27', '2019-01-09 10:31:27'),
(456, 'Daniela', 'dafemo04@gmail.com', 'Fernandez', 'Moreno', '0000-00-00', 'Mexicana', 'F', '$2y$10$ipsrcNT6PotBTrAlxa4s/uyXd5gM8ILNdrgAArEQaEaaAF84Z.tZm', 2, '', '2019-01-09 10:31:27', '2019-01-09 10:31:27'),
(457, 'Daniel', 'danyboy1724@gmail.com', 'Valenzuela', 'Rosillo', '0000-00-00', 'Mexicana', 'M', '$2y$10$ipsrcNT6PotBTrAlxa4s/uyXd5gM8ILNdrgAArEQaEaaAF84Z.tZm', 2, '', '2019-01-09 10:31:27', '2019-01-09 10:31:27'),
(458, 'Valeria', 'valechimely04@gmail.com', 'Chimely', 'Amezcua', '2038-02-09', 'Mexicana', 'F', '$2y$10$ipsrcNT6PotBTrAlxa4s/uyXd5gM8ILNdrgAArEQaEaaAF84Z.tZm', 2, '', '2019-01-09 10:31:27', '2019-01-09 10:31:27'),
(459, 'Ivanna', 'ivanna.herrera7@gmail.com', 'Herrera', 'Figueroa', '0000-00-00', 'Mexicana', 'F', '$2y$10$ipsrcNT6PotBTrAlxa4s/uyXd5gM8ILNdrgAArEQaEaaAF84Z.tZm', 2, '', '2019-01-09 10:31:27', '2019-01-09 10:31:27'),
(460, 'Allyson Anne', 'allycuevas19@gmail.com', 'Cuevas', 'Merryman', '2038-06-05', 'Mexicana', 'F', '$2y$10$ipsrcNT6PotBTrAlxa4s/uyXd5gM8ILNdrgAArEQaEaaAF84Z.tZm', 2, '', '2019-01-09 10:31:27', '2019-01-09 10:31:27'),
(461, 'Mario Alberto', 'mario.broossesp@gmail.com', 'Esparza', 'Buenrostro', '0000-00-00', 'Mexicana', 'M', '$2y$10$ipsrcNT6PotBTrAlxa4s/uyXd5gM8ILNdrgAArEQaEaaAF84Z.tZm', 2, '', '2019-01-09 10:31:27', '2019-01-09 10:31:27'),
(462, 'Piero', 'cedanopiero2004@gmail.com', 'Cedano', 'Ramirez', '0000-00-00', 'Mexicana', 'M', '$2y$10$ipsrcNT6PotBTrAlxa4s/uyXd5gM8ILNdrgAArEQaEaaAF84Z.tZm', 2, '', '2019-01-09 10:31:27', '2019-01-09 10:31:27'),
(463, 'Valentina Sophia', 'valesoph10@gmail.com', 'Flores', 'Gutierrez', '0000-00-00', 'Mexicana', 'F', '$2y$10$ipsrcNT6PotBTrAlxa4s/uyXd5gM8ILNdrgAArEQaEaaAF84Z.tZm', 2, '', '2019-01-09 10:31:27', '2019-01-09 10:31:27'),
(464, 'I?aki', 'inakigomz@gmail.com', 'Gomez', 'Sanchez', '0000-00-00', 'El Paso Txas', 'M', '$2y$10$ipsrcNT6PotBTrAlxa4s/uyXd5gM8ILNdrgAArEQaEaaAF84Z.tZm', 2, '', '2019-01-09 10:31:27', '2019-01-09 10:31:27'),
(465, 'Kimberly Rocio', 'k2827cand@gmail.com', 'Henriquez', 'Candelario', '0000-00-00', 'Dominicana', 'F', '$2y$10$ipsrcNT6PotBTrAlxa4s/uyXd5gM8ILNdrgAArEQaEaaAF84Z.tZm', 2, '', '2019-01-09 10:31:27', '2019-01-09 10:31:27'),
(466, 'Julio Alejandro', 'alexcueto2005@gmail.com', 'Cueto', 'Ramirez', '0000-00-00', 'Mexicana', 'M', '$2y$10$ipsrcNT6PotBTrAlxa4s/uyXd5gM8ILNdrgAArEQaEaaAF84Z.tZm', 2, '', '2019-01-09 10:31:27', '2019-01-09 10:31:27'),
(467, 'Fernanda', 'ferdelrs@gmail.com', 'Del Rio', 'Sousa', '0000-00-00', 'Mexicana', 'F', '$2y$10$ipsrcNT6PotBTrAlxa4s/uyXd5gM8ILNdrgAArEQaEaaAF84Z.tZm', 2, '', '2019-01-09 10:31:27', '2019-01-09 10:31:27'),
(468, 'Diana Sofia', 'dianasofiagv@gmail.com', 'Garcia', 'Villa', '0000-00-00', 'Mexicana', 'F', '$2y$10$ipsrcNT6PotBTrAlxa4s/uyXd5gM8ILNdrgAArEQaEaaAF84Z.tZm', 2, '', '2019-01-09 10:31:27', '2019-01-09 10:31:27'),
(469, 'Nicolas Arturo', 'nicolasalt8@gmail.com', 'Altamirano', 'Rojas', '2038-02-03', 'Mexicana', 'M', '$2y$10$ipsrcNT6PotBTrAlxa4s/uyXd5gM8ILNdrgAArEQaEaaAF84Z.tZm', 2, '', '2019-01-09 10:31:27', '2019-01-09 10:31:27'),
(470, 'Benjamin', 'benjycontreras12@gmail.com', 'Contreras', 'Lopez', '2038-01-09', 'Mexicana', 'M', '$2y$10$ipsrcNT6PotBTrAlxa4s/uyXd5gM8ILNdrgAArEQaEaaAF84Z.tZm', 2, '', '2019-01-09 10:31:27', '2019-01-09 10:31:27'),
(471, 'Viviana', 'vivi.delamora3@gmail.com', 'De La Mora', 'Rodriguez', '0000-00-00', 'Mexicana', 'F', '$2y$10$ipsrcNT6PotBTrAlxa4s/uyXd5gM8ILNdrgAArEQaEaaAF84Z.tZm', 2, '', '2019-01-09 10:31:27', '2019-01-09 10:31:27'),
(472, 'Natalia', 'natafrausto22@gmail.com', 'Frausto', 'Herrera', '0000-00-00', 'Mexicana', 'F', '$2y$10$ipsrcNT6PotBTrAlxa4s/uyXd5gM8ILNdrgAArEQaEaaAF84Z.tZm', 2, '', '2019-01-09 10:31:27', '2019-01-09 10:31:27'),
(473, 'Diego', 'dgandara5@gmail.com', 'Gandara', 'Cervantes', '0000-00-00', 'Mexicana', 'M', '$2y$10$ipsrcNT6PotBTrAlxa4s/uyXd5gM8ILNdrgAArEQaEaaAF84Z.tZm', 2, 'jJzKxaTYmeGG8Cw34s8YSjQdBu79PZH9idJdeDq36hrvwu7VWFnyxSUXPx8u', '2019-01-09 10:31:27', '2019-01-09 10:31:27'),
(474, 'Ana Paula', 'anapaug979@gmail.com', 'Gonzalez', 'Martinez', '0000-00-00', 'Mexicana', 'F', '$2y$10$ipsrcNT6PotBTrAlxa4s/uyXd5gM8ILNdrgAArEQaEaaAF84Z.tZm', 2, '', '2019-01-09 10:31:27', '2019-01-09 10:31:27'),
(475, 'Juan De Dios', 'juanyinyo@gmail.com', 'De La Torre', 'Gonzalez', '0000-00-00', 'Mexicana', 'M', '$2y$10$ipsrcNT6PotBTrAlxa4s/uyXd5gM8ILNdrgAArEQaEaaAF84Z.tZm', 2, '', '2019-01-09 10:31:27', '2019-01-09 10:31:27'),
(476, 'Pedro', 'petergrafra@gmail.com', 'Granada', 'Frausto', '0000-00-00', 'Mexicana', 'M', '$2y$10$ipsrcNT6PotBTrAlxa4s/uyXd5gM8ILNdrgAArEQaEaaAF84Z.tZm', 2, '', '2019-01-09 10:31:27', '2019-01-09 10:31:27'),
(477, 'Aldo Ivan', 'aldosaldana@icloud.com', 'Salda?a', 'Ortiz', '0000-00-00', 'Mexicana', 'M', '$2y$10$ipsrcNT6PotBTrAlxa4s/uyXd5gM8ILNdrgAArEQaEaaAF84Z.tZm', 2, '', '2019-01-09 10:31:27', '2019-01-09 10:31:27'),
(478, 'Emilio', 'emiliosalvatierra2@gmail.com', 'Salvatierra', 'Alba', '0000-00-00', 'Mexicana', 'M', '$2y$10$ipsrcNT6PotBTrAlxa4s/uyXd5gM8ILNdrgAArEQaEaaAF84Z.tZm', 2, '', '2019-01-09 10:31:27', '2019-01-09 10:31:27'),
(479, 'Alejandra Kaori', 'alejandrakaori.t.e@gmail.com', 'Teramoto', 'Estrada', '0000-00-00', 'Mexicana', 'F', '$2y$10$ipsrcNT6PotBTrAlxa4s/uyXd5gM8ILNdrgAArEQaEaaAF84Z.tZm', 2, '', '2019-01-09 10:31:27', '2019-01-09 10:31:27'),
(480, 'Montserrat', 'musicrepublic04@gmail.com', 'Ramirez', 'Ramirez', '0000-00-00', 'Mexicana', 'F', '$2y$10$ipsrcNT6PotBTrAlxa4s/uyXd5gM8ILNdrgAArEQaEaaAF84Z.tZm', 2, '', '2019-01-09 10:31:27', '2019-01-09 10:31:27'),
(481, 'Daniela', 'dany_pepper@icloud.com', 'Pimentel', 'Preciado', '0000-00-00', 'Mexicana', 'F', '$2y$10$ipsrcNT6PotBTrAlxa4s/uyXd5gM8ILNdrgAArEQaEaaAF84Z.tZm', 2, '', '2019-01-09 10:31:27', '2019-01-09 10:31:27'),
(482, 'Renata', 'renatagomez2204@gmail.com', 'Gomez', 'Reynoso', '0000-00-00', 'Mexicana', 'F', '$2y$10$ipsrcNT6PotBTrAlxa4s/uyXd5gM8ILNdrgAArEQaEaaAF84Z.tZm', 2, '', '2019-01-09 10:31:27', '2019-01-09 10:31:27'),
(483, 'Mario Alberto', 'marfon2004@gmail.com', 'Rivera', 'Fontes', '0000-00-00', 'Mexicano', 'M', '$2y$10$ipsrcNT6PotBTrAlxa4s/uyXd5gM8ILNdrgAArEQaEaaAF84Z.tZm', 2, '', '2019-01-09 10:31:27', '2019-01-09 10:31:27'),
(484, 'Sebastian', 'sebastianep04@gmail.com', 'Esqueda', 'Presno', '0000-00-00', 'Mexicano', 'M', '$2y$10$ipsrcNT6PotBTrAlxa4s/uyXd5gM8ILNdrgAArEQaEaaAF84Z.tZm', 2, '', '2019-01-09 10:31:27', '2019-01-09 10:31:27'),
(485, 'Jose Ricardo', 'jricardo.chavez@gmail.com', 'Chavez', 'Garcia', '0000-00-00', 'Mexicana', 'M', '$2y$10$ipsrcNT6PotBTrAlxa4s/uyXd5gM8ILNdrgAArEQaEaaAF84Z.tZm', 2, '', '2019-01-09 10:31:27', '2019-01-09 10:31:27'),
(486, 'Paulina', 'paubecerrar31@gmail.com', 'Becerra', 'Rivera', '2038-07-07', 'Mexicana', 'F', '$2y$10$ipsrcNT6PotBTrAlxa4s/uyXd5gM8ILNdrgAArEQaEaaAF84Z.tZm', 2, '', '2019-01-09 10:31:27', '2019-01-09 10:31:27'),
(487, 'Alejandro', 'alexdelr07@gmail.com', 'Del Rio', 'Sousa', '0000-00-00', 'Mexicana', 'M', '$2y$10$ipsrcNT6PotBTrAlxa4s/uyXd5gM8ILNdrgAArEQaEaaAF84Z.tZm', 2, '', '2019-01-09 10:31:27', '2019-01-09 10:31:27'),
(488, 'Diego Santiago', 'diegocorona949@gmail.com', 'Corona', 'Delgado', '0000-00-00', 'Mexicana', 'M', '$2y$10$ipsrcNT6PotBTrAlxa4s/uyXd5gM8ILNdrgAArEQaEaaAF84Z.tZm', 2, '', '2019-01-09 10:31:27', '2019-01-09 10:31:27'),
(489, 'Maria', 'maria@deleon.org.mx', 'De Leon', 'Hernandez', '2038-03-06', 'Mexicana', 'F', '$2y$10$ipsrcNT6PotBTrAlxa4s/uyXd5gM8ILNdrgAArEQaEaaAF84Z.tZm', 2, '', '2019-01-09 10:31:27', '2019-01-09 10:31:27'),
(490, 'Maria Fernanda', 'mariferfdz09@gmail.com', 'Fernandez', 'Jimenez', '0000-00-00', 'Mexicana', 'F', '$2y$10$ipsrcNT6PotBTrAlxa4s/uyXd5gM8ILNdrgAArEQaEaaAF84Z.tZm', 2, '', '2019-01-09 10:31:27', '2019-01-09 10:31:27'),
(491, 'Victoria Gabriela', 'victoriavgl9628@gmail.com', 'Fragoso', 'Tovar', '0000-00-00', 'Mexicana', 'F', '$2y$10$ipsrcNT6PotBTrAlxa4s/uyXd5gM8ILNdrgAArEQaEaaAF84Z.tZm', 2, '', '2019-01-09 10:31:27', '2019-01-09 10:31:27'),
(492, 'Pablo', 'mewrata@gmail.com', 'Gil', 'Godinez', '0000-00-00', 'Mexicana', 'M', '$2y$10$ipsrcNT6PotBTrAlxa4s/uyXd5gM8ILNdrgAArEQaEaaAF84Z.tZm', 2, '', '2019-01-09 10:31:27', '2019-01-09 10:31:27'),
(493, 'Mariana', 'marianachocolate2413@gmail.com', 'Gomez', 'Bermudez', '0000-00-00', 'Mexicana', 'F', '$2y$10$ipsrcNT6PotBTrAlxa4s/uyXd5gM8ILNdrgAArEQaEaaAF84Z.tZm', 2, '', '2019-01-09 10:31:27', '2019-01-09 10:31:27'),
(494, 'Jorge Javier', 'jorgejgonzalesc@gmail.com', 'Gonzalez', 'Compa?', '0000-00-00', 'Mexicana', 'M', '$2y$10$ipsrcNT6PotBTrAlxa4s/uyXd5gM8ILNdrgAArEQaEaaAF84Z.tZm', 2, '', '2019-01-09 10:31:27', '2019-01-09 10:31:27'),
(495, 'Nahomi', 'nahomi72004@gmail.com', 'Perez', 'Amillano', '0000-00-00', 'Mexicana', 'F', '$2y$10$ipsrcNT6PotBTrAlxa4s/uyXd5gM8ILNdrgAArEQaEaaAF84Z.tZm', 2, '', '2019-01-09 10:31:27', '2019-01-09 10:31:27'),
(496, 'Diego', 'dromerom6372@gmail.com', 'Romero', 'Madrigal', '0000-00-00', 'Mexicana', 'M', '$2y$10$ipsrcNT6PotBTrAlxa4s/uyXd5gM8ILNdrgAArEQaEaaAF84Z.tZm', 2, '', '2019-01-09 10:31:27', '2019-01-09 10:31:27'),
(497, 'Jose Miguel', 'blancogomezjosemiguel@gmail.com', 'Blanco', 'Gomez', '0000-00-00', 'Mexicana', 'M', '$2y$10$ipsrcNT6PotBTrAlxa4s/uyXd5gM8ILNdrgAArEQaEaaAF84Z.tZm', 2, '', '2019-01-09 10:31:27', '2019-01-09 10:31:27'),
(498, 'Clarisa', 'claris2300@gmail.com', 'Gonzalez', 'Piana', '2038-06-09', 'Mexicana', 'F', '$2y$10$ipsrcNT6PotBTrAlxa4s/uyXd5gM8ILNdrgAArEQaEaaAF84Z.tZm', 2, '', '2019-01-09 10:31:27', '2019-01-09 10:31:27'),
(499, 'Sabina', 'martinpsabina@gmail.com', 'Martin', 'Pedroza', '0000-00-00', 'Mexicana / Estadounidense', 'F', '$2y$10$ipsrcNT6PotBTrAlxa4s/uyXd5gM8ILNdrgAArEQaEaaAF84Z.tZm', 2, '', '2019-01-09 10:31:27', '2019-01-09 10:31:27'),
(500, 'David', 'davidvacadiazdeleon@gmail.com', 'Vaca', 'Diaz De Leon', '0000-00-00', 'Mexicana', 'M', '$2y$10$ipsrcNT6PotBTrAlxa4s/uyXd5gM8ILNdrgAArEQaEaaAF84Z.tZm', 2, '', '2019-01-09 10:31:27', '2019-01-09 10:31:27'),
(501, 'Maximiliano Andres', 'msosahaemmerli@gmail.com', 'Sosa', 'Haemmerli', '0000-00-00', 'Estadounidense', 'M', '$2y$10$ipsrcNT6PotBTrAlxa4s/uyXd5gM8ILNdrgAArEQaEaaAF84Z.tZm', 2, '', '2019-01-09 10:31:27', '2019-01-09 10:31:27'),
(502, 'Bruno', 'sutube66@gmail.com', 'Flores', 'Murillo', '0000-00-00', 'Mexicana', 'M', '$2y$10$ipsrcNT6PotBTrAlxa4s/uyXd5gM8ILNdrgAArEQaEaaAF84Z.tZm', 2, '', '2019-01-09 10:31:27', '2019-01-09 10:31:27'),
(503, 'Daniela', '23danibasasve@gmail.com', 'Basave', 'Vizcaino', '0000-00-00', 'Mexicana', 'F', '$2y$10$ipsrcNT6PotBTrAlxa4s/uyXd5gM8ILNdrgAArEQaEaaAF84Z.tZm', 2, '', '2019-01-09 10:31:27', '2019-01-09 10:31:27'),
(504, 'Laura Citlali', 'marquezez@gmail.com', 'Marquez', '', '0000-00-00', 'Estadounidense', 'F', '$2y$10$ipsrcNT6PotBTrAlxa4s/uyXd5gM8ILNdrgAArEQaEaaAF84Z.tZm', 2, '', '2019-01-09 10:31:27', '2019-01-09 10:31:27'),
(505, 'Jose Alejandro', 'alexcova16@gmail.com', 'Covarrubias', 'Davila', '0000-00-00', 'Mexicano', 'M', '$2y$10$ipsrcNT6PotBTrAlxa4s/uyXd5gM8ILNdrgAArEQaEaaAF84Z.tZm', 2, '', '2019-01-09 10:31:27', '2019-01-09 10:31:27'),
(506, 'Erika Julianne', 'erikagomezmachado@gmail.com', 'Gomez', 'Machado', '0000-00-00', 'Broward', 'F', '$2y$10$ipsrcNT6PotBTrAlxa4s/uyXd5gM8ILNdrgAArEQaEaaAF84Z.tZm', 2, '', '2019-01-09 10:31:27', '2019-01-09 10:31:27'),
(507, 'Diego', 'poncem2309@gmail.com', 'Ponce', 'Minakata', '0000-00-00', 'Mexicana', 'M', '$2y$10$ipsrcNT6PotBTrAlxa4s/uyXd5gM8ILNdrgAArEQaEaaAF84Z.tZm', 2, '', '2019-01-09 10:31:27', '2019-01-09 10:31:27'),
(508, 'Fernanda', 'fermartinezo@icloud.com', 'Martinez', 'Orendain', '0000-00-00', 'Estadounidense', 'F', '$2y$10$ipsrcNT6PotBTrAlxa4s/uyXd5gM8ILNdrgAArEQaEaaAF84Z.tZm', 2, '', '2019-01-09 10:31:27', '2019-01-09 10:31:27'),
(509, 'Juan Pablo', 'jpavilaitj6@gmail.com', 'Avila', 'Barba', '0000-00-00', 'Mexicana', 'M', '$2y$10$ipsrcNT6PotBTrAlxa4s/uyXd5gM8ILNdrgAArEQaEaaAF84Z.tZm', 2, 'KpDrECFt6n5bbpqgxKGiVseza2srFlXFeDvIF4es6aEKl1uFvPlkeXKMywOT', '2019-01-09 10:31:27', '2019-01-09 10:31:27'),
(510, 'Ghazi', 'paripeto2003@gmail.com', 'Hitti', 'Morales', '0000-00-00', 'Mexicana', 'M', '$2y$10$ipsrcNT6PotBTrAlxa4s/uyXd5gM8ILNdrgAArEQaEaaAF84Z.tZm', 2, 'JcllN4dLEpCnSHRtjwLvYdWrB2j7QayHnLBbUa2SwJ9B2Xd9XBh0LjHtpd7k', '2019-01-09 10:31:27', '2019-01-09 10:31:27'),
(511, 'Diego Antonio', 'diegomlp9@gmail.com', 'Martinez', 'Lopez Portillo', '0000-00-00', 'Mexicana', 'M', '$2y$10$ipsrcNT6PotBTrAlxa4s/uyXd5gM8ILNdrgAArEQaEaaAF84Z.tZm', 2, '6pGBhCIsZ4webp0WwoXvgtyHxqna6DUPwYIOqMa7yrLiXYjuu8irveE0t4mv', '2019-01-09 10:31:27', '2019-01-09 10:31:27'),
(512, 'Mariana', 'marianavarro882@gmail.com', 'Navarro', 'Castillo', '0000-00-00', 'Mexicana', 'F', '$2y$10$ipsrcNT6PotBTrAlxa4s/uyXd5gM8ILNdrgAArEQaEaaAF84Z.tZm', 2, 'nEnVx2LvEoivWPbTYKtjWwpugs29hX6XbNPAolVz5vsX1BCZNtRqOBMrzyYP', '2019-01-09 10:31:27', '2019-01-09 10:31:27'),
(513, 'Maria Ines', 'seniairam01@gmail.com', 'Ortiz', 'Jaramillo', '0000-00-00', 'Mexicana', 'F', '$2y$10$ipsrcNT6PotBTrAlxa4s/uyXd5gM8ILNdrgAArEQaEaaAF84Z.tZm', 2, 'ugYgtoGLRGDTbEwU04iUFM92KBVdP8lAETHWOW2mk8aAwFQwrGFUyLbq06Xk', '2019-01-09 10:31:27', '2019-01-09 10:31:27'),
(514, 'Regina', 'regis2820@icloud.com', 'Ramirez', 'Corona', '0000-00-00', 'Mexicana', 'F', '$2y$10$ipsrcNT6PotBTrAlxa4s/uyXd5gM8ILNdrgAArEQaEaaAF84Z.tZm', 2, 'JuNLNLvKjvENYJpGqDYvNC6EKe2BbiIy6NsufOs7MX8AZQq8CNQ9CALCp1Ci', '2019-01-09 10:31:27', '2019-01-09 10:31:27'),
(515, 'Santiago Nicolas', 'santiagovaca706@gmail.com', 'Vaca', 'Cuevas', '0000-00-00', 'Mexicana', 'M', '$2y$10$ipsrcNT6PotBTrAlxa4s/uyXd5gM8ILNdrgAArEQaEaaAF84Z.tZm', 2, '4GeQH6rUGXJR245WBUasghVBQjMNbqS3nvh459oU5epdXKMo9jJqxg7uz0rw', '2019-01-09 10:31:27', '2019-01-09 10:31:27'),
(516, 'Jose Fernando', 'josefernando.guerrerosantos@yahoo.com', 'Guerrerosantos', 'Cardenas', '0000-00-00', 'Mexicana', 'M', '$2y$10$ipsrcNT6PotBTrAlxa4s/uyXd5gM8ILNdrgAArEQaEaaAF84Z.tZm', 2, 'oZTqMyFxeO8EECsYTSjhPusjrNPSv1Sp8NGSdw0DFBip0Oaa5UX5g565xYJN', '2019-01-09 10:31:27', '2019-01-09 10:31:27'),
(517, 'Sara', 'saragzavon@gmail.com', 'Garza', 'Von Der Meden', '0000-00-00', 'Mexicana', 'F', '$2y$10$ipsrcNT6PotBTrAlxa4s/uyXd5gM8ILNdrgAArEQaEaaAF84Z.tZm', 2, 'u4UzaUN7T00oaUntJw5C6X8OE3tziELLKpcHVkpgkTh86EFD5WLk5qpfAPwt', '2019-01-09 10:31:27', '2019-01-09 10:31:27'),
(518, 'Diego', 'diegodominguezitj6@gmail.com', 'Dominguez', 'Reynoso', '0000-00-00', 'Mexicana', 'M', '$2y$10$ipsrcNT6PotBTrAlxa4s/uyXd5gM8ILNdrgAArEQaEaaAF84Z.tZm', 2, 'IPXZFDNLJvQiDR9K61gVEZyERfdjmaLtX523jmkUxt7PXVyTShGKrOTnETGB', '2019-01-09 10:31:27', '2019-01-09 10:31:27'),
(519, 'Alejandro', 'alexgonzalezitj@gmail.com', 'Gonzalez', 'Martinez', '0000-00-00', 'Mexicana', 'M', '$2y$10$ipsrcNT6PotBTrAlxa4s/uyXd5gM8ILNdrgAArEQaEaaAF84Z.tZm', 2, 'oaIXGCl6endOp0oRvz4JbvUnDuIg9DeNPXGlVbkO3zeiOc6zrNW03qChmWfJ', '2019-01-09 10:31:27', '2019-01-09 10:31:27'),
(520, 'Karen', 'karenorestanov@gmail.com', 'Orestano', 'Van Aartsen', '0000-00-00', 'Mexicana', 'F', '$2y$10$ipsrcNT6PotBTrAlxa4s/uyXd5gM8ILNdrgAArEQaEaaAF84Z.tZm', 2, 'pmmq3f0LvhKhgVuNWJKryRIxUgqeWmC8zdfIRNzCvCp096dzGCZLifCZehpe', '2019-01-09 10:31:27', '2019-01-09 10:31:27'),
(521, 'Mirsha Yuliantd', 'mirshaprincesa@gmail.com', 'Rodriguez', 'Pineda', '0000-00-00', 'Mexicana', 'F', '$2y$10$ipsrcNT6PotBTrAlxa4s/uyXd5gM8ILNdrgAArEQaEaaAF84Z.tZm', 2, 'g66xWe4ceSLPBA8LTm1EofGiL3rqgxUntjtMT0Jv3f8rgBjiwLgKoceZmuah', '2019-01-09 10:31:27', '2019-01-09 10:31:27'),
(522, 'Erick Alexander', 'ericklopezitj6@gmail.com', 'Lopez', 'Alvarez', '0000-00-00', 'Mexicana', 'M', '$2y$10$ipsrcNT6PotBTrAlxa4s/uyXd5gM8ILNdrgAArEQaEaaAF84Z.tZm', 2, 'CXyg2LbN5KvkBaNcTRa1V2si155Ka2yk92GCLmm1PVFVVkZqUJP6s8nBqL93', '2019-01-09 10:31:27', '2019-01-09 10:31:27'),
(523, 'Hector Daniel', 'hector.francog03@gmail.com', 'Franco', 'Gonzalez', '0000-00-00', 'Mexicana', 'M', '$2y$10$ipsrcNT6PotBTrAlxa4s/uyXd5gM8ILNdrgAArEQaEaaAF84Z.tZm', 2, 'rO14ScLJGXVVXcWVDhHildS7gH3I5NyeSE0ooKEnJe2eWuEDk3ItU664tXOK', '2019-01-09 10:31:27', '2019-01-09 10:31:27'),
(524, 'Patricio', 'patataboris@gmail.com', 'Corzo', 'Cossio', '0000-00-00', 'Mexicana', 'M', '$2y$10$ipsrcNT6PotBTrAlxa4s/uyXd5gM8ILNdrgAArEQaEaaAF84Z.tZm', 2, 'yYvuYBcHZsT856N9bqTkHgaTyZJPKvuBgmBKevZRAwje64nKYapSj5cwZa46', '2019-01-09 10:31:27', '2019-01-09 10:31:27'),
(525, 'Claudia Alejandra', 'claudia03mv@gmail.com', 'Mendez', 'Vega', '0000-00-00', 'Mexicana', 'F', '$2y$10$ipsrcNT6PotBTrAlxa4s/uyXd5gM8ILNdrgAArEQaEaaAF84Z.tZm', 2, '66LfAQtztvmx0IxcWweBesX0rMLNYO7NaAmsnZ44GqVukVAXPIdFcaRslpqH', '2019-01-09 10:31:27', '2019-01-09 10:31:27'),
(526, 'Kenzie Anderson', 'kenzieahutchison.1712@gmail.com', 'Hutchison', '', '0000-00-00', '', 'F', '$2y$10$ipsrcNT6PotBTrAlxa4s/uyXd5gM8ILNdrgAArEQaEaaAF84Z.tZm', 2, 'KlzDf6RimC3cYv1ggkW4S4YM65e2hMNoDBDjGb2gt0CrkaPrEsu8nVFH4Won', '2019-01-09 10:31:27', '2019-01-09 10:31:27'),
(527, 'Adolfo Fernando', 'adolfernand@gmail.com', 'Teliz', 'Colchado', '0000-00-00', 'Mexicano', 'M', '$2y$10$ipsrcNT6PotBTrAlxa4s/uyXd5gM8ILNdrgAArEQaEaaAF84Z.tZm', 2, 'ch3rnfscWzOkpjy1y2Q0UQmxjGQ83bjslzZ7BHy7ocLUiw9yliDh2v4qj6YN', '2019-01-09 10:31:27', '2019-01-09 10:31:27'),
(528, 'Alyssa Milenka', 'alyhunt03@gmail.com', 'Hunt', 'Velazquez', '0000-00-00', 'Mexicana', 'F', '$2y$10$ipsrcNT6PotBTrAlxa4s/uyXd5gM8ILNdrgAArEQaEaaAF84Z.tZm', 2, '0ZIZthQLDIL6MGaRAXCuHwK6w0OHTGCVU2yPBA6vP62ZneAbDdrt5OSphLCI', '2019-01-09 10:31:27', '2019-01-09 10:31:27'),
(529, 'Rebeca', 'rebecakoch14@gmail.com', 'Koch', 'Torres Septien', '0000-00-00', 'Mexicana', 'F', '$2y$10$ipsrcNT6PotBTrAlxa4s/uyXd5gM8ILNdrgAArEQaEaaAF84Z.tZm', 2, 'IOfVg69y1jYlyO7aZc696yMAWvTsMwA01Z5g8n3t3sML4CrTHhmqDOAPe4f4', '2019-01-09 10:31:27', '2019-01-09 10:31:27'),
(530, 'Carlos', 'charlycf@hotmail.es', 'Cano', 'Fernandez', '0000-00-00', 'Mexicana', 'M', '$2y$10$ipsrcNT6PotBTrAlxa4s/uyXd5gM8ILNdrgAArEQaEaaAF84Z.tZm', 2, '9JSRtS7rMwpHId32OxZkim5wGit7mGfHT99wV3q3CzeylPF7QoYJikkFCtA3', '2019-01-09 10:31:27', '2019-01-09 10:31:27'),
(531, 'Ana Cristina', 'copito07@hotmail.com', 'Estevez', 'Cortizo', '0000-00-00', 'Mexicana', 'F', '$2y$10$ipsrcNT6PotBTrAlxa4s/uyXd5gM8ILNdrgAArEQaEaaAF84Z.tZm', 2, 'W0reTnOUd8JIEkOe4Zbgl709We9PtUYuflWL5EC2ehYhyaVNHBE115cny4nl', '2019-01-09 10:31:27', '2019-01-09 10:31:27'),
(532, 'Valeria', 'singerv2003@gmail.com', 'Ibanez', 'Guerrero', '0000-00-00', 'Mexicana', 'F', '$2y$10$ipsrcNT6PotBTrAlxa4s/uyXd5gM8ILNdrgAArEQaEaaAF84Z.tZm', 2, '', '2019-01-09 10:31:27', '2019-01-09 10:31:27'),
(533, 'Maria Fernanda', 'maneniz@hotmail.com', 'Niz', 'Reynoso', '0000-00-00', 'Mexicana', 'F', '$2y$10$ipsrcNT6PotBTrAlxa4s/uyXd5gM8ILNdrgAArEQaEaaAF84Z.tZm', 2, '', '2019-01-09 10:31:27', '2019-01-09 10:31:27'),
(534, 'Fatima', 'fatiuribe7@gmail.com', 'Uribe', 'Mejia', '0000-00-00', 'Mexicana', 'F', '$2y$10$ipsrcNT6PotBTrAlxa4s/uyXd5gM8ILNdrgAArEQaEaaAF84Z.tZm', 2, '', '2019-01-09 10:31:27', '2019-01-09 10:31:27'),
(535, 'Maria Paula', 'mariapaulavaca9@gmail.com', 'Vaca', 'Cuevas', '0000-00-00', 'Mexicana', 'F', '$2y$10$ipsrcNT6PotBTrAlxa4s/uyXd5gM8ILNdrgAArEQaEaaAF84Z.tZm', 2, '', '2019-01-09 10:31:27', '2019-01-09 10:31:27'),
(536, 'Victor Andres', 'bambamfortachon@hotmail.com', 'Alcala', 'Muro', '0000-00-00', 'Mexicana', 'M', '$2y$10$ipsrcNT6PotBTrAlxa4s/uyXd5gM8ILNdrgAArEQaEaaAF84Z.tZm', 2, '', '2019-01-09 10:31:27', '2019-01-09 10:31:27'),
(537, 'Hiram', 'hiram_glez10@hotmail.com', 'Gonzalez', 'Ledezma', '0000-00-00', 'Mexicana', 'M', '$2y$10$ipsrcNT6PotBTrAlxa4s/uyXd5gM8ILNdrgAArEQaEaaAF84Z.tZm', 2, '', '2019-01-09 10:31:27', '2019-01-09 10:31:27'),
(538, 'Maria Jose', 'majopozos5@gmail.com', 'Pozos', 'Pizano', '0000-00-00', 'Mexicana', 'F', '$2y$10$ipsrcNT6PotBTrAlxa4s/uyXd5gM8ILNdrgAArEQaEaaAF84Z.tZm', 2, '', '2019-01-09 10:31:27', '2019-01-09 10:31:27'),
(539, 'Valeria', 'valeriart26@icloud.com', 'Sandoval', 'Lopez', '0000-00-00', 'Mexicana', 'F', '$2y$10$ipsrcNT6PotBTrAlxa4s/uyXd5gM8ILNdrgAArEQaEaaAF84Z.tZm', 2, '', '2019-01-09 10:31:27', '2019-01-09 10:31:27'),
(540, 'Emilio', 'emiliovegaampudia@gmail.com', 'Vega', 'Ampudia', '0000-00-00', 'Mexicana', 'M', '$2y$10$ipsrcNT6PotBTrAlxa4s/uyXd5gM8ILNdrgAArEQaEaaAF84Z.tZm', 2, '', '2019-01-09 10:31:27', '2019-01-09 10:31:27'),
(541, 'Karen', 'kalenanayac@gmail.com', 'Anaya', 'Cuevas', '0000-00-00', 'Mexicana', 'F', '$2y$10$ipsrcNT6PotBTrAlxa4s/uyXd5gM8ILNdrgAArEQaEaaAF84Z.tZm', 2, '', '2019-01-09 10:31:27', '2019-01-09 10:31:27'),
(542, 'Pamela Alejandra', 'ppaammela203@gmail.com', 'Ramirez', 'Rubio', '0000-00-00', 'Mexicana', 'F', '$2y$10$ipsrcNT6PotBTrAlxa4s/uyXd5gM8ILNdrgAArEQaEaaAF84Z.tZm', 2, '', '2019-01-09 10:31:27', '2019-01-09 10:31:27'),
(543, 'Aaron Ofir', 'elemento115aaron@gmail.com', 'Verduzco', 'Larios', '0000-00-00', 'Mexicana', 'M', '$2y$10$ipsrcNT6PotBTrAlxa4s/uyXd5gM8ILNdrgAArEQaEaaAF84Z.tZm', 2, '', '2019-01-09 10:31:27', '2019-01-09 10:31:27'),
(544, 'Diego Alejandro', 'diegoaif@icloud.com', 'Ibarra', 'Flores', '0000-00-00', 'Mexicana', 'F', '$2y$10$ipsrcNT6PotBTrAlxa4s/uyXd5gM8ILNdrgAArEQaEaaAF84Z.tZm', 2, '', '2019-01-09 10:31:27', '2019-01-09 10:31:27'),
(545, 'Valentina', 'valetsts4@gmail.com', 'Torres', 'Sayago', '0000-00-00', 'Estadounidense / Venezolana', 'F', '$2y$10$ipsrcNT6PotBTrAlxa4s/uyXd5gM8ILNdrgAArEQaEaaAF84Z.tZm', 2, '', '2019-01-09 10:31:27', '2019-01-09 10:31:27'),
(546, 'Ximena Desideria', 'ximenaxez@gmail.com', 'Enriquez', 'Grajeda', '0000-00-00', 'Mexicana', 'F', '$2y$10$ipsrcNT6PotBTrAlxa4s/uyXd5gM8ILNdrgAArEQaEaaAF84Z.tZm', 2, '', '2019-01-09 10:31:27', '2019-01-09 10:31:27'),
(547, 'Leonel Alejandro', 'leonelmontoya12@gmail.com', 'Montoya', '', '0000-00-00', 'Los Angeles California', 'M', '$2y$10$ipsrcNT6PotBTrAlxa4s/uyXd5gM8ILNdrgAArEQaEaaAF84Z.tZm', 2, '', '2019-01-09 10:31:27', '2019-01-09 10:31:27'),
(548, 'Roberto', 'robertopl2003@gmail.com', 'Paras', 'Lopez', '0000-00-00', 'Mexicana', 'M', '$2y$10$ipsrcNT6PotBTrAlxa4s/uyXd5gM8ILNdrgAArEQaEaaAF84Z.tZm', 2, '', '2019-01-09 10:31:27', '2019-01-09 10:31:27'),
(549, 'Santiago Adrian', 'santi.r.p1374@gmail.com', 'Ramirez', 'Perez', '0000-00-00', 'Mexicana', 'M', '$2y$10$ipsrcNT6PotBTrAlxa4s/uyXd5gM8ILNdrgAArEQaEaaAF84Z.tZm', 2, '', '2019-01-09 10:31:27', '2019-01-09 10:31:27'),
(550, 'Gerardo', 'gorilaa2006@hotmail.com', 'Arambula', 'Colome', '0000-00-00', 'Mexicana', 'M', '$2y$10$ipsrcNT6PotBTrAlxa4s/uyXd5gM8ILNdrgAArEQaEaaAF84Z.tZm', 2, '', '2019-01-09 10:31:27', '2019-01-09 10:31:27'),
(551, 'Emilio', 'emiliohdz35@gmail.com', 'Hernandez', 'Flores', '0000-00-00', 'Mexicana', 'M', '$2y$10$ipsrcNT6PotBTrAlxa4s/uyXd5gM8ILNdrgAArEQaEaaAF84Z.tZm', 2, '', '2019-01-09 10:31:27', '2019-01-09 10:31:27'),
(552, 'Ana Paula', 'hanapau8@gmail.com', 'Hernandez', 'Gutierrez', '0000-00-00', 'Mexicana', 'F', '$2y$10$ipsrcNT6PotBTrAlxa4s/uyXd5gM8ILNdrgAArEQaEaaAF84Z.tZm', 2, '', '2019-01-09 10:31:27', '2019-01-09 10:31:27'),
(553, 'Montserrat', 'montsepj352@gmail.com', 'Paredes', 'Jimenez', '0000-00-00', 'Mexicana', 'F', '$2y$10$ipsrcNT6PotBTrAlxa4s/uyXd5gM8ILNdrgAArEQaEaaAF84Z.tZm', 2, '', '2019-01-09 10:31:27', '2019-01-09 10:31:27'),
(554, 'Santiago', 'santiagosal54@gmail.com', 'Salazar', 'Jimenez', '0000-00-00', 'Mexicana', 'M', '$2y$10$ipsrcNT6PotBTrAlxa4s/uyXd5gM8ILNdrgAArEQaEaaAF84Z.tZm', 2, '', '2019-01-09 10:31:27', '2019-01-09 10:31:27'),
(555, 'Valeria Simone', 'chavezvaleria25@gmail.com', 'Chavez', 'Ruiz', '0000-00-00', 'Mexicana', 'F', '$2y$10$ipsrcNT6PotBTrAlxa4s/uyXd5gM8ILNdrgAArEQaEaaAF84Z.tZm', 2, '', '2019-01-09 10:31:27', '2019-01-09 10:31:27'),
(556, 'Valeria', 'vac.lorena@gmail.com', 'Arriaga', 'Gomez', '0000-00-00', 'Mexicana', 'F', '$2y$10$ipsrcNT6PotBTrAlxa4s/uyXd5gM8ILNdrgAArEQaEaaAF84Z.tZm', 2, '', '2019-01-09 10:31:27', '2019-01-09 10:31:27'),
(557, 'Eduardo Sebastian', 'loleduardo23@outlook.es', 'Diaz', 'Haro', '0000-00-00', 'Mexicana', 'M', '$2y$10$ipsrcNT6PotBTrAlxa4s/uyXd5gM8ILNdrgAArEQaEaaAF84Z.tZm', 2, '', '2019-01-09 10:31:27', '2019-01-09 10:31:27'),
(558, 'Issabela', 'issavau003@gmail.com', 'Vaugier', 'Rodriguez', '0000-00-00', 'Mexicana', 'F', '$2y$10$ipsrcNT6PotBTrAlxa4s/uyXd5gM8ILNdrgAArEQaEaaAF84Z.tZm', 2, '', '2019-01-09 10:31:27', '2019-01-09 10:31:27'),
(559, 'Ana Sofia', 'ana.sofia2810@gmail.com', 'Silva', 'Tostado', '0000-00-00', 'Mexicana', 'F', '$2y$10$ipsrcNT6PotBTrAlxa4s/uyXd5gM8ILNdrgAArEQaEaaAF84Z.tZm', 2, '', '2019-01-09 10:31:27', '2019-01-09 10:31:27'),
(560, 'Melanie Neftaly', 'melanieam2014@gmail.com', 'Amaro', 'Macias', '0000-00-00', 'Estadounidense', 'F', '$2y$10$ipsrcNT6PotBTrAlxa4s/uyXd5gM8ILNdrgAArEQaEaaAF84Z.tZm', 2, '', '2019-01-09 10:31:27', '2019-01-09 10:31:27'),
(561, 'Ivan Eduardo', 'ivanrodriguezrogel@gmail.com', 'Rodriguez', 'Rogel', '0000-00-00', 'Mexicana', 'M', '$2y$10$ipsrcNT6PotBTrAlxa4s/uyXd5gM8ILNdrgAArEQaEaaAF84Z.tZm', 2, '', '2019-01-09 10:31:27', '2019-01-09 10:31:27'),
(562, 'Ximena', 'ximef8a@gmail.com', 'Fernandez', 'Ochoa', '0000-00-00', 'Mexicana', 'F', '$2y$10$ipsrcNT6PotBTrAlxa4s/uyXd5gM8ILNdrgAArEQaEaaAF84Z.tZm', 2, '', '2019-01-09 10:31:27', '2019-01-09 10:31:27'),
(563, 'Violette', 'violettebarragan@gmail.com', 'Oraiji', 'Barragan', '0000-00-00', 'Mexicana', 'F', '$2y$10$ipsrcNT6PotBTrAlxa4s/uyXd5gM8ILNdrgAArEQaEaaAF84Z.tZm', 2, '', '2019-01-09 10:31:27', '2019-01-09 10:31:27'),
(564, 'Emiliano', 'evillalobosalvirde@gmail.com', 'Villalobos', 'Alvirde', '0000-00-00', 'Mexicana', 'M', '$2y$10$ipsrcNT6PotBTrAlxa4s/uyXd5gM8ILNdrgAArEQaEaaAF84Z.tZm', 2, '', '2019-01-09 10:31:27', '2019-01-09 10:31:27'),
(565, 'Samuel', 'srdzt2910@gmail.com', 'Rodriguez', 'Torres', '0000-00-00', 'Mexicana', 'M', '$2y$10$ipsrcNT6PotBTrAlxa4s/uyXd5gM8ILNdrgAArEQaEaaAF84Z.tZm', 2, '', '2019-01-09 10:31:27', '2019-01-09 10:31:27'),
(566, 'Regina Sofia', 'reginalugo.3107@gmail.com', 'Lugo', 'Gama', '0000-00-00', 'Estadounidense', 'F', '$2y$10$ipsrcNT6PotBTrAlxa4s/uyXd5gM8ILNdrgAArEQaEaaAF84Z.tZm', 2, '', '2019-01-09 10:31:27', '2019-01-09 10:31:27'),
(567, 'Cesar', 'cecaru1607@gmail.com', 'Castro', 'Rubio', '0000-00-00', 'Mexicana', 'M', '$2y$10$ipsrcNT6PotBTrAlxa4s/uyXd5gM8ILNdrgAArEQaEaaAF84Z.tZm', 2, '', '2019-01-09 10:31:27', '2019-01-09 10:31:27'),
(568, 'Alessandro', 'alex67cero@gmail.com', 'Cassese', 'Munoz', '0000-00-00', 'Mexicano', 'M', '$2y$10$ipsrcNT6PotBTrAlxa4s/uyXd5gM8ILNdrgAArEQaEaaAF84Z.tZm', 2, '', '2019-01-09 10:31:27', '2019-01-09 10:31:27');

-- --------------------------------------------------------

--
-- Estructura de tabla para la tabla `user_status`
--

CREATE TABLE `user_status` (
  `id` int(10) UNSIGNED NOT NULL,
  `user_id` int(10) UNSIGNED NOT NULL,
  `status_id` int(10) UNSIGNED NOT NULL,
  `created_at` timestamp NULL DEFAULT NULL,
  `updated_at` timestamp NULL DEFAULT NULL
) ENGINE=InnoDB DEFAULT CHARSET=utf8mb4 COLLATE=utf8mb4_unicode_ci;

-- --------------------------------------------------------

--
-- Estructura de tabla para la tabla `workshops`
--

CREATE TABLE `workshops` (
  `id` int(10) UNSIGNED NOT NULL,
  `name` varchar(191) COLLATE utf8mb4_unicode_ci NOT NULL,
  `description` varchar(191) COLLATE utf8mb4_unicode_ci NOT NULL,
  `picture` varchar(191) COLLATE utf8mb4_unicode_ci NOT NULL,
  `created_at` timestamp NULL DEFAULT NULL,
  `updated_at` timestamp NULL DEFAULT NULL
) ENGINE=InnoDB DEFAULT CHARSET=utf8mb4 COLLATE=utf8mb4_unicode_ci;

--
-- Volcado de datos para la tabla `workshops`
--

INSERT INTO `workshops` (`id`, `name`, `description`, `picture`, `created_at`, `updated_at`) VALUES
(1, 'Acuarela', 'Clase de acuarela', 'acuarela.jpg', '2019-01-09 10:45:13', '2019-01-09 10:45:13'),
(2, 'Flamenco', 'Taller cultural de Flamenco', 'flamenco.jpg', '2019-01-09 10:45:13', '2019-01-09 10:45:13'),
(3, 'Futbol', 'Taller deportivo de futbol', 'futbol.jpg', '2019-01-09 10:45:13', '2019-01-09 10:45:13'),
(4, 'Dibujo', 'Taller clase de dibujo', 'dibujo.jpg', '2019-01-07 12:16:16', '2019-01-07 12:16:16'),
(5, 'Tocho Bandera', 'Taller de Tocho Bandera', 'tocho.jpg', '2019-01-07 12:16:16', '2019-01-07 12:16:16'),
(6, 'Karate', 'Taller de Karate', 'karate.jpg', '2019-01-07 12:16:16', '2019-01-07 12:16:16'),
(7, 'Ajedrez', 'Taller de Ajedrez', 'ajedrez.jpg', '2019-01-07 12:16:16', '2019-01-07 12:16:16'),
(8, 'Hip-hop', 'Taller de Hip-hop', 'hiphop.jpg', '2019-01-07 12:16:16', '2019-01-07 12:16:16'),
(9, 'Jazz', 'Taller de jazz', 'jazz.jpg', '2019-01-07 12:16:16', '2019-01-07 12:16:16'),
(10, 'Robotica', 'Taller de Robotica', 'robotica.jpg', '2019-01-07 12:16:16', '2019-01-07 12:16:16'),
(11, 'Atletismo', 'Taller de Atletismo', 'atletismo.jpg', '2019-01-07 12:16:16', '2019-01-07 12:16:16'),
(12, 'Def. Personal', 'Taller de defensa personal', 'defensa.jpg', '2019-01-07 12:16:16', '2019-01-07 12:16:16'),
(13, 'Dibujo Manga', 'Taller de dibujo manga', 'dibujo_manga.jpg', '2019-01-19 02:09:08', '2019-01-19 02:09:08'),
(14, 'Tambores', 'Taller de tambores', 'tambores.jpg', '2019-01-19 02:17:35', '2019-01-19 02:17:35'),
(15, 'Plastilina', 'Taller de plastilina', 'plastilina.jpg', '2019-01-19 02:22:10', '2019-01-19 02:22:10'),
(16, 'Atletismo', 'demo', 'atletismo.jpg', '2019-01-19 02:24:11', '2019-01-19 02:24:11'),
(17, 'Gimnasia', 'Clase de gimnasia', 'gimnasia.jpg', '2019-01-19 02:24:11', '2019-01-19 02:24:11'),
(18, 'Guitarra', 'Clase de guitarra', 'guitarra.jpg', '2019-01-19 02:24:11', '2019-01-19 02:24:11'),
(19, 'Guitar. Ukulele', 'Clase de guitarra y ukulele', 'ukulele.jpg', '2019-01-19 02:24:11', '2019-01-19 02:24:11'),
(20, 'Artes Visuales', 'Clase de artes visuales', 'artes.jpg', '2019-01-19 02:24:11', '2019-01-19 02:24:11'),
(21, 'Radio', 'Clase de radio', 'radio.jpg', '2019-01-19 02:24:11', '2019-01-19 02:24:11'),
(22, 'Etren. Fisico', 'Clase de entrenamiento fisico', 'entrenamiento.jpg', '2019-01-19 02:24:11', '2019-01-19 02:24:11'),
(23, 'Teatro', 'Clase de teatro', 'teatro.jpg', '2019-01-19 02:24:11', '2019-01-19 02:24:11'),
(24, 'Body Mind', 'Clase de Body Mind Challenges', 'body.jpg', '2019-01-19 02:24:11', '2019-01-19 02:24:11'),
(25, 'Tenis', 'Clase de tenis', 'tenis.jpg', '2019-01-19 02:24:11', '2019-01-19 02:24:11');

-- --------------------------------------------------------

--
-- Estructura de tabla para la tabla `workshop_enrollment`
--

CREATE TABLE `workshop_enrollment` (
  `id` int(10) UNSIGNED NOT NULL,
  `matricula` varchar(191) COLLATE utf8mb4_unicode_ci NOT NULL,
  `subject_id` int(10) UNSIGNED NOT NULL,
  `plan_id` int(11) NOT NULL,
  `year_id` int(10) UNSIGNED NOT NULL,
  `created_at` timestamp NULL DEFAULT NULL,
  `updated_at` timestamp NULL DEFAULT NULL
) ENGINE=InnoDB DEFAULT CHARSET=utf8mb4 COLLATE=utf8mb4_unicode_ci;

-- --------------------------------------------------------

--
-- Estructura de tabla para la tabla `workshop_temps`
--

CREATE TABLE `workshop_temps` (
  `id` int(10) UNSIGNED NOT NULL,
  `matricula` varchar(191) COLLATE utf8mb4_unicode_ci NOT NULL,
  `subject_id` int(10) UNSIGNED NOT NULL,
  `created_at` timestamp NULL DEFAULT NULL,
  `updated_at` timestamp NULL DEFAULT NULL
) ENGINE=InnoDB DEFAULT CHARSET=utf8mb4 COLLATE=utf8mb4_unicode_ci;

-- --------------------------------------------------------

--
-- Estructura de tabla para la tabla `years`
--

CREATE TABLE `years` (
  `id` int(10) UNSIGNED NOT NULL,
  `year` varchar(191) COLLATE utf8mb4_unicode_ci NOT NULL,
  `current_year` int(11) NOT NULL,
  `created_at` timestamp NULL DEFAULT NULL,
  `updated_at` timestamp NULL DEFAULT NULL
) ENGINE=InnoDB DEFAULT CHARSET=utf8mb4 COLLATE=utf8mb4_unicode_ci;

--
-- Volcado de datos para la tabla `years`
--

INSERT INTO `years` (`id`, `year`, `current_year`, `created_at`, `updated_at`) VALUES
(1, '2017-2018', 0, '2019-01-09 10:52:25', '2019-01-09 10:52:25'),
(2, '2018-2019', 1, '2019-01-09 10:52:25', '2019-01-09 10:52:25');

--
-- Índices para tablas volcadas
--

--
-- Indices de la tabla `buildings`
--
ALTER TABLE `buildings`
  ADD PRIMARY KEY (`id`);

--
-- Indices de la tabla `categories`
--
ALTER TABLE `categories`
  ADD PRIMARY KEY (`id`);

--
-- Indices de la tabla `days`
--
ALTER TABLE `days`
  ADD PRIMARY KEY (`id`);

--
-- Indices de la tabla `day_subject`
--
ALTER TABLE `day_subject`
  ADD PRIMARY KEY (`id`),
  ADD KEY `day_subject_subject_id_foreign` (`subject_id`),
  ADD KEY `day_subject_day_id_foreign` (`day_id`);

--
-- Indices de la tabla `departments`
--
ALTER TABLE `departments`
  ADD PRIMARY KEY (`id`);

--
-- Indices de la tabla `department_section`
--
ALTER TABLE `department_section`
  ADD PRIMARY KEY (`id`),
  ADD KEY `department_section_department_id_foreign` (`department_id`),
  ADD KEY `department_section_section_id_foreign` (`section_id`);

--
-- Indices de la tabla `employees`
--
ALTER TABLE `employees`
  ADD PRIMARY KEY (`id`),
  ADD KEY `employees_user_id_foreign` (`user_id`);

--
-- Indices de la tabla `migrations`
--
ALTER TABLE `migrations`
  ADD PRIMARY KEY (`id`);

--
-- Indices de la tabla `password_resets`
--
ALTER TABLE `password_resets`
  ADD KEY `password_resets_email_index` (`email`);

--
-- Indices de la tabla `places`
--
ALTER TABLE `places`
  ADD PRIMARY KEY (`id`);

--
-- Indices de la tabla `place_building`
--
ALTER TABLE `place_building`
  ADD PRIMARY KEY (`id`),
  ADD KEY `place_building_place_id_foreign` (`place_id`),
  ADD KEY `place_building_building_id_foreign` (`building_id`);

--
-- Indices de la tabla `plans`
--
ALTER TABLE `plans`
  ADD PRIMARY KEY (`id`);

--
-- Indices de la tabla `plan_student`
--
ALTER TABLE `plan_student`
  ADD PRIMARY KEY (`id`),
  ADD KEY `plan_student_plan_id_foreign` (`plan_id`),
  ADD KEY `plan_student_matricula_foreign` (`matricula`);

--
-- Indices de la tabla `plan_subject`
--
ALTER TABLE `plan_subject`
  ADD PRIMARY KEY (`id`),
  ADD KEY `plan_subject_plan_id_foreign` (`plan_id`),
  ADD KEY `plan_subject_subject_id_foreign` (`subject_id`);

--
-- Indices de la tabla `roles`
--
ALTER TABLE `roles`
  ADD PRIMARY KEY (`id`),
  ADD UNIQUE KEY `roles_name_unique` (`name`);

--
-- Indices de la tabla `role_user`
--
ALTER TABLE `role_user`
  ADD PRIMARY KEY (`id`),
  ADD KEY `role_user_user_id_foreign` (`user_id`),
  ADD KEY `role_user_role_id_foreign` (`role_id`);

--
-- Indices de la tabla `rooms`
--
ALTER TABLE `rooms`
  ADD PRIMARY KEY (`id`);

--
-- Indices de la tabla `sections`
--
ALTER TABLE `sections`
  ADD PRIMARY KEY (`id`);

--
-- Indices de la tabla `status`
--
ALTER TABLE `status`
  ADD PRIMARY KEY (`id`);

--
-- Indices de la tabla `students`
--
ALTER TABLE `students`
  ADD PRIMARY KEY (`matricula`),
  ADD KEY `students_user_id_foreign` (`user_id`);

--
-- Indices de la tabla `subjects`
--
ALTER TABLE `subjects`
  ADD PRIMARY KEY (`id`),
  ADD KEY `subjects_user_id_foreign` (`user_id`),
  ADD KEY `subjects_workshop_id_foreign` (`workshop_id`),
  ADD KEY `subjects_year_id_foreign` (`year_id`);

--
-- Indices de la tabla `tags`
--
ALTER TABLE `tags`
  ADD PRIMARY KEY (`id`);

--
-- Indices de la tabla `tickets`
--
ALTER TABLE `tickets`
  ADD PRIMARY KEY (`id`),
  ADD KEY `tickets_status_id_foreign` (`status_id`),
  ADD KEY `tickets_year_id_foreign` (`year_id`);

--
-- Indices de la tabla `ticket_category`
--
ALTER TABLE `ticket_category`
  ADD PRIMARY KEY (`id`),
  ADD KEY `ticket_category_ticket_id_foreign` (`ticket_id`),
  ADD KEY `ticket_category_category_id_foreign` (`category_id`);

--
-- Indices de la tabla `ticket_tag`
--
ALTER TABLE `ticket_tag`
  ADD PRIMARY KEY (`id`),
  ADD KEY `ticket_tag_ticket_id_foreign` (`ticket_id`),
  ADD KEY `ticket_tag_tag_id_foreign` (`tag_id`);

--
-- Indices de la tabla `ticket_user`
--
ALTER TABLE `ticket_user`
  ADD PRIMARY KEY (`id`),
  ADD KEY `ticket_user_ticket_id_foreign` (`ticket_id`),
  ADD KEY `ticket_user_send_user_id_foreign` (`send_user_id`),
  ADD KEY `ticket_user_receive_user_id_foreign` (`receive_user_id`);

--
-- Indices de la tabla `users`
--
ALTER TABLE `users`
  ADD PRIMARY KEY (`id`),
  ADD UNIQUE KEY `users_email_unique` (`email`),
  ADD KEY `users_department_id_foreign` (`department_id`);

--
-- Indices de la tabla `user_status`
--
ALTER TABLE `user_status`
  ADD PRIMARY KEY (`id`),
  ADD KEY `user_status_user_id_foreign` (`user_id`),
  ADD KEY `user_status_status_id_foreign` (`status_id`);

--
-- Indices de la tabla `workshops`
--
ALTER TABLE `workshops`
  ADD PRIMARY KEY (`id`);

--
-- Indices de la tabla `workshop_enrollment`
--
ALTER TABLE `workshop_enrollment`
  ADD PRIMARY KEY (`id`),
  ADD KEY `workshop_enrollment_matricula_foreign` (`matricula`),
  ADD KEY `workshop_enrollment_subject_id_foreign` (`subject_id`),
  ADD KEY `workshop_enrollment_year_id_foreign` (`year_id`);

--
-- Indices de la tabla `workshop_temps`
--
ALTER TABLE `workshop_temps`
  ADD PRIMARY KEY (`id`),
  ADD KEY `workshop_temps_matricula_foreign` (`matricula`),
  ADD KEY `workshop_temps_subject_id_foreign` (`subject_id`);

--
-- Indices de la tabla `years`
--
ALTER TABLE `years`
  ADD PRIMARY KEY (`id`);

--
-- AUTO_INCREMENT de las tablas volcadas
--

--
-- AUTO_INCREMENT de la tabla `buildings`
--
ALTER TABLE `buildings`
  MODIFY `id` int(10) UNSIGNED NOT NULL AUTO_INCREMENT;

--
-- AUTO_INCREMENT de la tabla `categories`
--
ALTER TABLE `categories`
  MODIFY `id` int(10) UNSIGNED NOT NULL AUTO_INCREMENT;

--
-- AUTO_INCREMENT de la tabla `days`
--
ALTER TABLE `days`
  MODIFY `id` int(10) UNSIGNED NOT NULL AUTO_INCREMENT, AUTO_INCREMENT=6;

--
-- AUTO_INCREMENT de la tabla `day_subject`
--
ALTER TABLE `day_subject`
  MODIFY `id` int(10) UNSIGNED NOT NULL AUTO_INCREMENT, AUTO_INCREMENT=59;

--
-- AUTO_INCREMENT de la tabla `departments`
--
ALTER TABLE `departments`
  MODIFY `id` int(10) UNSIGNED NOT NULL AUTO_INCREMENT, AUTO_INCREMENT=4;

--
-- AUTO_INCREMENT de la tabla `department_section`
--
ALTER TABLE `department_section`
  MODIFY `id` int(10) UNSIGNED NOT NULL AUTO_INCREMENT, AUTO_INCREMENT=3;

--
-- AUTO_INCREMENT de la tabla `employees`
--
ALTER TABLE `employees`
  MODIFY `id` int(10) UNSIGNED NOT NULL AUTO_INCREMENT, AUTO_INCREMENT=28;

--
-- AUTO_INCREMENT de la tabla `migrations`
--
ALTER TABLE `migrations`
  MODIFY `id` int(10) UNSIGNED NOT NULL AUTO_INCREMENT, AUTO_INCREMENT=36;

--
-- AUTO_INCREMENT de la tabla `places`
--
ALTER TABLE `places`
  MODIFY `id` int(10) UNSIGNED NOT NULL AUTO_INCREMENT;

--
-- AUTO_INCREMENT de la tabla `place_building`
--
ALTER TABLE `place_building`
  MODIFY `id` int(10) UNSIGNED NOT NULL AUTO_INCREMENT;

--
-- AUTO_INCREMENT de la tabla `plans`
--
ALTER TABLE `plans`
  MODIFY `id` int(10) UNSIGNED NOT NULL AUTO_INCREMENT, AUTO_INCREMENT=27;

--
-- AUTO_INCREMENT de la tabla `plan_student`
--
ALTER TABLE `plan_student`
  MODIFY `id` int(10) UNSIGNED NOT NULL AUTO_INCREMENT, AUTO_INCREMENT=701;

--
-- AUTO_INCREMENT de la tabla `plan_subject`
--
ALTER TABLE `plan_subject`
  MODIFY `id` int(10) UNSIGNED NOT NULL AUTO_INCREMENT, AUTO_INCREMENT=391;

--
-- AUTO_INCREMENT de la tabla `roles`
--
ALTER TABLE `roles`
  MODIFY `id` int(10) UNSIGNED NOT NULL AUTO_INCREMENT, AUTO_INCREMENT=7;

--
-- AUTO_INCREMENT de la tabla `role_user`
--
ALTER TABLE `role_user`
  MODIFY `id` int(10) UNSIGNED NOT NULL AUTO_INCREMENT, AUTO_INCREMENT=6;

--
-- AUTO_INCREMENT de la tabla `rooms`
--
ALTER TABLE `rooms`
  MODIFY `id` int(10) UNSIGNED NOT NULL AUTO_INCREMENT;

--
-- AUTO_INCREMENT de la tabla `sections`
--
ALTER TABLE `sections`
  MODIFY `id` int(10) UNSIGNED NOT NULL AUTO_INCREMENT, AUTO_INCREMENT=4;

--
-- AUTO_INCREMENT de la tabla `status`
--
ALTER TABLE `status`
  MODIFY `id` int(10) UNSIGNED NOT NULL AUTO_INCREMENT;

--
-- AUTO_INCREMENT de la tabla `subjects`
--
ALTER TABLE `subjects`
  MODIFY `id` int(10) UNSIGNED NOT NULL AUTO_INCREMENT, AUTO_INCREMENT=50;

--
-- AUTO_INCREMENT de la tabla `tags`
--
ALTER TABLE `tags`
  MODIFY `id` int(10) UNSIGNED NOT NULL AUTO_INCREMENT;

--
-- AUTO_INCREMENT de la tabla `tickets`
--
ALTER TABLE `tickets`
  MODIFY `id` int(10) UNSIGNED NOT NULL AUTO_INCREMENT;

--
-- AUTO_INCREMENT de la tabla `ticket_category`
--
ALTER TABLE `ticket_category`
  MODIFY `id` int(10) UNSIGNED NOT NULL AUTO_INCREMENT;

--
-- AUTO_INCREMENT de la tabla `ticket_tag`
--
ALTER TABLE `ticket_tag`
  MODIFY `id` int(10) UNSIGNED NOT NULL AUTO_INCREMENT;

--
-- AUTO_INCREMENT de la tabla `ticket_user`
--
ALTER TABLE `ticket_user`
  MODIFY `id` int(10) UNSIGNED NOT NULL AUTO_INCREMENT;

--
-- AUTO_INCREMENT de la tabla `users`
--
ALTER TABLE `users`
  MODIFY `id` int(10) UNSIGNED NOT NULL AUTO_INCREMENT, AUTO_INCREMENT=569;

--
-- AUTO_INCREMENT de la tabla `user_status`
--
ALTER TABLE `user_status`
  MODIFY `id` int(10) UNSIGNED NOT NULL AUTO_INCREMENT;

--
-- AUTO_INCREMENT de la tabla `workshops`
--
ALTER TABLE `workshops`
  MODIFY `id` int(10) UNSIGNED NOT NULL AUTO_INCREMENT, AUTO_INCREMENT=26;

--
-- AUTO_INCREMENT de la tabla `workshop_enrollment`
--
ALTER TABLE `workshop_enrollment`
  MODIFY `id` int(10) UNSIGNED NOT NULL AUTO_INCREMENT;

--
-- AUTO_INCREMENT de la tabla `workshop_temps`
--
ALTER TABLE `workshop_temps`
  MODIFY `id` int(10) UNSIGNED NOT NULL AUTO_INCREMENT;

--
-- AUTO_INCREMENT de la tabla `years`
--
ALTER TABLE `years`
  MODIFY `id` int(10) UNSIGNED NOT NULL AUTO_INCREMENT, AUTO_INCREMENT=3;

--
-- Restricciones para tablas volcadas
--

--
-- Filtros para la tabla `day_subject`
--
ALTER TABLE `day_subject`
  ADD CONSTRAINT `day_subject_day_id_foreign` FOREIGN KEY (`day_id`) REFERENCES `days` (`id`) ON DELETE CASCADE,
  ADD CONSTRAINT `day_subject_subject_id_foreign` FOREIGN KEY (`subject_id`) REFERENCES `subjects` (`id`) ON DELETE CASCADE;

--
-- Filtros para la tabla `department_section`
--
ALTER TABLE `department_section`
  ADD CONSTRAINT `department_section_department_id_foreign` FOREIGN KEY (`department_id`) REFERENCES `departments` (`id`) ON DELETE CASCADE,
  ADD CONSTRAINT `department_section_section_id_foreign` FOREIGN KEY (`section_id`) REFERENCES `sections` (`id`) ON DELETE CASCADE;

--
-- Filtros para la tabla `employees`
--
ALTER TABLE `employees`
  ADD CONSTRAINT `employees_user_id_foreign` FOREIGN KEY (`user_id`) REFERENCES `users` (`id`) ON DELETE CASCADE;

--
-- Filtros para la tabla `place_building`
--
ALTER TABLE `place_building`
  ADD CONSTRAINT `place_building_building_id_foreign` FOREIGN KEY (`building_id`) REFERENCES `buildings` (`id`) ON DELETE CASCADE,
  ADD CONSTRAINT `place_building_place_id_foreign` FOREIGN KEY (`place_id`) REFERENCES `places` (`id`) ON DELETE CASCADE;

--
-- Filtros para la tabla `plan_student`
--
ALTER TABLE `plan_student`
  ADD CONSTRAINT `plan_student_matricula_foreign` FOREIGN KEY (`matricula`) REFERENCES `students` (`matricula`) ON DELETE CASCADE,
  ADD CONSTRAINT `plan_student_plan_id_foreign` FOREIGN KEY (`plan_id`) REFERENCES `plans` (`id`) ON DELETE CASCADE;

--
-- Filtros para la tabla `plan_subject`
--
ALTER TABLE `plan_subject`
  ADD CONSTRAINT `plan_subject_plan_id_foreign` FOREIGN KEY (`plan_id`) REFERENCES `plans` (`id`) ON DELETE CASCADE,
  ADD CONSTRAINT `plan_subject_subject_id_foreign` FOREIGN KEY (`subject_id`) REFERENCES `subjects` (`id`) ON DELETE CASCADE;

--
-- Filtros para la tabla `role_user`
--
ALTER TABLE `role_user`
  ADD CONSTRAINT `role_user_role_id_foreign` FOREIGN KEY (`role_id`) REFERENCES `roles` (`id`) ON DELETE CASCADE,
  ADD CONSTRAINT `role_user_user_id_foreign` FOREIGN KEY (`user_id`) REFERENCES `users` (`id`) ON DELETE CASCADE;

--
-- Filtros para la tabla `students`
--
ALTER TABLE `students`
  ADD CONSTRAINT `students_user_id_foreign` FOREIGN KEY (`user_id`) REFERENCES `users` (`id`) ON DELETE CASCADE;

--
-- Filtros para la tabla `subjects`
--
ALTER TABLE `subjects`
  ADD CONSTRAINT `subjects_user_id_foreign` FOREIGN KEY (`user_id`) REFERENCES `users` (`id`) ON DELETE CASCADE,
  ADD CONSTRAINT `subjects_workshop_id_foreign` FOREIGN KEY (`workshop_id`) REFERENCES `workshops` (`id`) ON DELETE CASCADE,
  ADD CONSTRAINT `subjects_year_id_foreign` FOREIGN KEY (`year_id`) REFERENCES `years` (`id`) ON DELETE CASCADE;

--
-- Filtros para la tabla `tickets`
--
ALTER TABLE `tickets`
  ADD CONSTRAINT `tickets_status_id_foreign` FOREIGN KEY (`status_id`) REFERENCES `status` (`id`) ON DELETE CASCADE,
  ADD CONSTRAINT `tickets_year_id_foreign` FOREIGN KEY (`year_id`) REFERENCES `years` (`id`) ON DELETE CASCADE;

--
-- Filtros para la tabla `ticket_category`
--
ALTER TABLE `ticket_category`
  ADD CONSTRAINT `ticket_category_category_id_foreign` FOREIGN KEY (`category_id`) REFERENCES `categories` (`id`) ON DELETE CASCADE,
  ADD CONSTRAINT `ticket_category_ticket_id_foreign` FOREIGN KEY (`ticket_id`) REFERENCES `tickets` (`id`) ON DELETE CASCADE;

--
-- Filtros para la tabla `ticket_tag`
--
ALTER TABLE `ticket_tag`
  ADD CONSTRAINT `ticket_tag_tag_id_foreign` FOREIGN KEY (`tag_id`) REFERENCES `tags` (`id`) ON DELETE CASCADE,
  ADD CONSTRAINT `ticket_tag_ticket_id_foreign` FOREIGN KEY (`ticket_id`) REFERENCES `tickets` (`id`) ON DELETE CASCADE;

--
-- Filtros para la tabla `ticket_user`
--
ALTER TABLE `ticket_user`
  ADD CONSTRAINT `ticket_user_receive_user_id_foreign` FOREIGN KEY (`receive_user_id`) REFERENCES `users` (`id`) ON DELETE CASCADE,
  ADD CONSTRAINT `ticket_user_send_user_id_foreign` FOREIGN KEY (`send_user_id`) REFERENCES `users` (`id`) ON DELETE CASCADE,
  ADD CONSTRAINT `ticket_user_ticket_id_foreign` FOREIGN KEY (`ticket_id`) REFERENCES `tickets` (`id`) ON DELETE CASCADE;

--
-- Filtros para la tabla `users`
--
ALTER TABLE `users`
  ADD CONSTRAINT `users_department_id_foreign` FOREIGN KEY (`department_id`) REFERENCES `departments` (`id`) ON DELETE CASCADE;

--
-- Filtros para la tabla `user_status`
--
ALTER TABLE `user_status`
  ADD CONSTRAINT `user_status_status_id_foreign` FOREIGN KEY (`status_id`) REFERENCES `status` (`id`) ON DELETE CASCADE,
  ADD CONSTRAINT `user_status_user_id_foreign` FOREIGN KEY (`user_id`) REFERENCES `users` (`id`) ON DELETE CASCADE;

--
-- Filtros para la tabla `workshop_enrollment`
--
ALTER TABLE `workshop_enrollment`
  ADD CONSTRAINT `workshop_enrollment_matricula_foreign` FOREIGN KEY (`matricula`) REFERENCES `students` (`matricula`) ON DELETE CASCADE,
  ADD CONSTRAINT `workshop_enrollment_subject_id_foreign` FOREIGN KEY (`subject_id`) REFERENCES `subjects` (`id`) ON DELETE CASCADE,
  ADD CONSTRAINT `workshop_enrollment_year_id_foreign` FOREIGN KEY (`year_id`) REFERENCES `years` (`id`) ON DELETE CASCADE;

--
-- Filtros para la tabla `workshop_temps`
--
ALTER TABLE `workshop_temps`
  ADD CONSTRAINT `workshop_temps_matricula_foreign` FOREIGN KEY (`matricula`) REFERENCES `students` (`matricula`) ON DELETE CASCADE,
  ADD CONSTRAINT `workshop_temps_subject_id_foreign` FOREIGN KEY (`subject_id`) REFERENCES `subjects` (`id`) ON DELETE CASCADE;
COMMIT;

/*!40101 SET CHARACTER_SET_CLIENT=@OLD_CHARACTER_SET_CLIENT */;
/*!40101 SET CHARACTER_SET_RESULTS=@OLD_CHARACTER_SET_RESULTS */;
/*!40101 SET COLLATION_CONNECTION=@OLD_COLLATION_CONNECTION */;
